# https://github.com/mikedh/trimesh
v -0.07230878 0.09217267 -0.04767319 0.32156863 0.34509804 0.36470588
v -0.07259037 0.09227733 -0.04745083 0.32156863 0.34509804 0.36470588
v -0.06916139 0.09144237 -0.04911390 0.32156863 0.34509804 0.36470588
v -0.07081371 0.09175783 -0.04850626 0.32156863 0.34509804 0.36470588
v -0.06767589 0.09127443 -0.04942899 0.32156863 0.34509804 0.36470588
v -0.06929770 0.09698258 -0.02798718 0.32156863 0.34509804 0.36470588
v -0.06762718 0.09699188 -0.02757699 0.32156863 0.34509804 0.36470588
v -0.07700112 0.09545077 -0.03879068 0.32156863 0.34509804 0.36470588
v -0.07663731 0.09605028 -0.03615331 0.32156863 0.34509804 0.36470588
v -0.07641949 0.09622791 -0.03526883 0.32156863 0.34509804 0.36470588
v -0.07695941 0.09556846 -0.03830080 0.32156863 0.34509804 0.36470588
v -0.07685017 0.09587671 -0.03701762 0.32156863 0.34509804 0.36470588
v -0.07571879 0.09650138 -0.03359481 0.32156863 0.34509804 0.36470588
v -0.07226069 0.09691647 -0.02952465 0.32156863 0.34509804 0.36470588
v -0.07360734 0.09683398 -0.03068289 0.32156863 0.34509804 0.36470588
v -0.07334823 0.09684986 -0.03046003 0.32156863 0.34509804 0.36470588
v -0.07484648 0.09668464 -0.03217245 0.32156863 0.34509804 0.36470588
v -0.07477721 0.09669919 -0.03205948 0.32156863 0.34509804 0.36470588
v -0.07076206 0.09696207 -0.02860186 0.32156863 0.34509804 0.36470588
v -0.06594840 0.09120958 -0.04954915 0.32156863 0.34509804 0.36470588
v -0.07367725 0.09268127 -0.04659255 0.32156863 0.34509804 0.36470588
v -0.07416409 0.09291628 -0.04605595 0.32156863 0.34509804 0.36470588
v -0.07578444 0.09383427 -0.04383732 0.32156863 0.34509804 0.36470588
v -0.07484659 0.09324573 -0.04530370 0.32156863 0.34509804 0.36470588
v -0.06437135 0.09127087 -0.04943560 0.32156863 0.34509804 0.36470588
v -0.07631826 0.09440820 -0.04225395 0.32156863 0.34509804 0.36470588
v -0.07687087 0.09495830 -0.04054459 0.32156863 0.34509804 0.36470588
v -0.05499884 0.09541916 -0.03891142 0.32156863 0.34509804 0.36470588
v -0.05627361 0.09379260 -0.04394590 0.32156863 0.34509804 0.36470588
v -0.05973375 0.09215897 -0.04770138 0.32156863 0.34509804 0.36470588
v -0.05722114 0.09320889 -0.04539105 0.32156863 0.34509804 0.36470588
v -0.05837894 0.09265760 -0.04664446 0.32156863 0.34509804 0.36470588
v -0.06123552 0.09174629 -0.04852887 0.32156863 0.34509804 0.36470588
v -0.06226355 0.09154769 -0.04891162 0.32156863 0.34509804 0.36470588
v -0.06269711 0.09146393 -0.04907304 0.32156863 0.34509804 0.36470588
v -0.06281536 0.09698357 -0.02795007 0.32156863 0.34509804 0.36470588
v -0.06603449 0.09699408 -0.02744779 0.32156863 0.34509804 0.36470588
v -0.06430617 0.09699168 -0.02758770 0.32156863 0.34509804 0.36470588
v -0.06329442 0.09698617 -0.02783363 0.32156863 0.34509804 0.36470588
v -0.06117496 0.09696077 -0.02863439 0.32156863 0.34509804 0.36470588
v -0.05970112 0.09691481 -0.02955276 0.32156863 0.34509804 0.36470588
v -0.05622235 0.09648432 -0.03371124 0.32156863 0.34509804 0.36470588
v -0.05715689 0.09668878 -0.03215123 0.32156863 0.34509804 0.36470588
v -0.05553895 0.09620437 -0.03539746 0.32156863 0.34509804 0.36470588
v -0.05513135 0.09585093 -0.03713400 0.32156863 0.34509804 0.36470588
v -0.04730878 0.09217267 -0.04767319 0.32156863 0.34509804 0.36470588
v -0.04416139 0.09144237 -0.04911390 0.32156863 0.34509804 0.36470588
v -0.04581371 0.09175783 -0.04850626 0.32156863 0.34509804 0.36470588
v -0.04267589 0.09127443 -0.04942899 0.32156863 0.34509804 0.36470588
v -0.04429770 0.09698258 -0.02798718 0.32156863 0.34509804 0.36470588
v -0.04262718 0.09699188 -0.02757699 0.32156863 0.34509804 0.36470588
v -0.05200111 0.09545077 -0.03879068 0.32156863 0.34509804 0.36470588
v -0.05141949 0.09622791 -0.03526883 0.32156863 0.34509804 0.36470588
v -0.05185017 0.09587671 -0.03701762 0.32156863 0.34509804 0.36470588
v -0.05071879 0.09650138 -0.03359481 0.32156863 0.34509804 0.36470588
v -0.04726069 0.09691647 -0.02952465 0.32156863 0.34509804 0.36470588
v -0.05414950 0.09683123 -0.03071941 0.32156863 0.34509804 0.36470588
v -0.04977721 0.09669919 -0.03205948 0.32156863 0.34509804 0.36470588
v -0.04576206 0.09696207 -0.02860186 0.32156863 0.34509804 0.36470588
v -0.04094839 0.09120958 -0.04954915 0.32156863 0.34509804 0.36470588
v -0.04867725 0.09268127 -0.04659255 0.32156863 0.34509804 0.36470588
v -0.05078444 0.09383427 -0.04383732 0.32156863 0.34509804 0.36470588
v -0.04984659 0.09324573 -0.04530370 0.32156863 0.34509804 0.36470588
v -0.03937135 0.09127087 -0.04943560 0.32156863 0.34509804 0.36470588
v -0.05490812 0.09474897 -0.04122136 0.32156863 0.34509804 0.36470588
v -0.05187087 0.09495830 -0.04054459 0.32156863 0.34509804 0.36470588
v -0.02999884 0.09541916 -0.03891142 0.32156863 0.34509804 0.36470588
v -0.03057663 0.09437263 -0.04235698 0.32156863 0.34509804 0.36470588
v -0.03127361 0.09379260 -0.04394590 0.32156863 0.34509804 0.36470588
v -0.03107032 0.09396179 -0.04348244 0.32156863 0.34509804 0.36470588
v -0.03473375 0.09215897 -0.04770138 0.32156863 0.34509804 0.36470588
v -0.03222114 0.09320889 -0.04539105 0.32156863 0.34509804 0.36470588
v -0.03337894 0.09265760 -0.04664446 0.32156863 0.34509804 0.36470588
v -0.03358698 0.09258103 -0.04680676 0.32156863 0.34509804 0.36470588
v -0.03532369 0.09199686 -0.04802644 0.32156863 0.34509804 0.36470588
v -0.03623552 0.09174629 -0.04852887 0.32156863 0.34509804 0.36470588
v -0.03726355 0.09154769 -0.04891162 0.32156863 0.34509804 0.36470588
v -0.03769711 0.09146393 -0.04907304 0.32156863 0.34509804 0.36470588
v -0.03781536 0.09698357 -0.02795007 0.32156863 0.34509804 0.36470588
v -0.04103449 0.09699408 -0.02744779 0.32156863 0.34509804 0.36470588
v -0.04045223 0.09699327 -0.02749493 0.32156863 0.34509804 0.36470588
v -0.03930617 0.09699168 -0.02758770 0.32156863 0.34509804 0.36470588
v -0.03829442 0.09698617 -0.02783363 0.32156863 0.34509804 0.36470588
v -0.03617496 0.09696077 -0.02863439 0.32156863 0.34509804 0.36470588
v -0.03470112 0.09691481 -0.02955276 0.32156863 0.34509804 0.36470588
v -0.03332678 0.09682838 -0.03074955 0.32156863 0.34509804 0.36470588
v -0.03122235 0.09648432 -0.03371124 0.32156863 0.34509804 0.36470588
v -0.03215689 0.09668878 -0.03215123 0.32156863 0.34509804 0.36470588
v -0.03053895 0.09620437 -0.03539746 0.32156863 0.34509804 0.36470588
v -0.03013135 0.09585093 -0.03713400 0.32156863 0.34509804 0.36470588
v -0.12971471 0.08354690 -0.05828521 0.32156863 0.34509804 0.36470588
v -0.07334423 -0.09684957 -0.03046001 0.32156863 0.34509804 0.36470588
v -0.06607601 -0.09120967 -0.04954898 0.32156863 0.34509804 0.36470588
v -0.07081371 -0.09175783 -0.04850626 0.32156863 0.34509804 0.36470588
v -0.06934035 -0.09146979 -0.04906191 0.32156863 0.34509804 0.36470588
v -0.06767567 -0.09127440 -0.04942903 0.32156863 0.34509804 0.36470588
v -0.06685933 -0.09442440 -0.04223618 0.32156863 0.34509804 0.36470588
v -0.07480890 -0.09322511 -0.04535265 0.32156863 0.34509804 0.36470588
v -0.07364635 -0.09266818 -0.04662126 0.32156863 0.34509804 0.36470588
v -0.07230116 -0.09217022 -0.04767825 0.32156863 0.34509804 0.36470588
v -0.07416436 -0.09291635 -0.04605599 0.32156863 0.34509804 0.36470588
v -0.07700130 -0.09542992 -0.03887047 0.32156863 0.34509804 0.36470588
v -0.07644486 -0.09621372 -0.03534660 0.32156863 0.34509804 0.36470588
v -0.07686271 -0.09585953 -0.03709534 0.32156863 0.34509804 0.36470588
v -0.07695681 -0.09556783 -0.03830064 0.32156863 0.34509804 0.36470588
v -0.07363825 -0.09683137 -0.03071408 0.32156863 0.34509804 0.36470588
v -0.07481890 -0.09669264 -0.03211743 0.32156863 0.34509804 0.36470588
v -0.06911243 -0.09698416 -0.02792704 0.32156863 0.34509804 0.36470588
v -0.07076212 -0.09696207 -0.02860190 0.32156863 0.34509804 0.36470588
v -0.07226828 -0.09691615 -0.02953021 0.32156863 0.34509804 0.36470588
v -0.07575798 -0.09649010 -0.03367201 0.32156863 0.34509804 0.36470588
v -0.06762718 -0.09699188 -0.02757699 0.32156863 0.34509804 0.36470588
v -0.06437135 -0.09127087 -0.04943560 0.32156863 0.34509804 0.36470588
v -0.06265208 -0.09698212 -0.02800409 0.32156863 0.34509804 0.36470588
v -0.06592670 -0.09699408 -0.02744804 0.32156863 0.34509804 0.36470588
v -0.06430639 -0.09699168 -0.02758765 0.32156863 0.34509804 0.36470588
v -0.05833837 -0.09682938 -0.03073771 0.32156863 0.34509804 0.36470588
v -0.05624487 -0.09649093 -0.03366632 0.32156863 0.34509804 0.36470588
v -0.05718193 -0.09669279 -0.03211608 0.32156863 0.34509804 0.36470588
v -0.05783942 -0.09677045 -0.03133242 0.32156863 0.34509804 0.36470588
v -0.05968103 -0.09691391 -0.02956762 0.32156863 0.34509804 0.36470588
v -0.06117496 -0.09696077 -0.02863439 0.32156863 0.34509804 0.36470588
v -0.05499869 -0.09543116 -0.03886575 0.32156863 0.34509804 0.36470588
v -0.05514055 -0.09493645 -0.04061687 0.32156863 0.34509804 0.36470588
v -0.05719739 -0.09322178 -0.04536056 0.32156863 0.34509804 0.36470588
v -0.06288446 -0.09143557 -0.04912678 0.32156863 0.34509804 0.36470588
v -0.06123545 -0.09174630 -0.04852884 0.32156863 0.34509804 0.36470588
v -0.05194598 -0.09216272 -0.04769405 0.32156863 0.34509804 0.36470588
v -0.05625267 -0.09380754 -0.04390707 0.32156863 0.34509804 0.36470588
v -0.05513950 -0.09586250 -0.03708193 0.32156863 0.34509804 0.36470588
v -0.05555612 -0.09621422 -0.03534386 0.32156863 0.34509804 0.36470588
v -0.04107601 -0.09120967 -0.04954898 0.32156863 0.34509804 0.36470588
v -0.04581371 -0.09175783 -0.04850626 0.32156863 0.34509804 0.36470588
v -0.04434035 -0.09146979 -0.04906191 0.32156863 0.34509804 0.36470588
v -0.04267567 -0.09127440 -0.04942903 0.32156863 0.34509804 0.36470588
v -0.04980889 -0.09322511 -0.04535265 0.32156863 0.34509804 0.36470588
v -0.05191253 -0.09266470 -0.04662907 0.32156863 0.34509804 0.36470588
v -0.05200130 -0.09542992 -0.03887047 0.32156863 0.34509804 0.36470588
v -0.05144487 -0.09621372 -0.03534660 0.32156863 0.34509804 0.36470588
v -0.05186271 -0.09585953 -0.03709534 0.32156863 0.34509804 0.36470588
v -0.04863824 -0.09683137 -0.03071408 0.32156863 0.34509804 0.36470588
v -0.04981890 -0.09669264 -0.03211743 0.32156863 0.34509804 0.36470588
v -0.04411243 -0.09698416 -0.02792704 0.32156863 0.34509804 0.36470588
v -0.04576212 -0.09696207 -0.02860190 0.32156863 0.34509804 0.36470588
v -0.04726828 -0.09691615 -0.02953021 0.32156863 0.34509804 0.36470588
v -0.05075798 -0.09649010 -0.03367201 0.32156863 0.34509804 0.36470588
v -0.04262718 -0.09699188 -0.02757699 0.32156863 0.34509804 0.36470588
v -0.03937135 -0.09127087 -0.04943560 0.32156863 0.34509804 0.36470588
v -0.03765208 -0.09698212 -0.02800409 0.32156863 0.34509804 0.36470588
v -0.04092670 -0.09699408 -0.02744804 0.32156863 0.34509804 0.36470588
v -0.04045189 -0.09699338 -0.02748895 0.32156863 0.34509804 0.36470588
v -0.03930639 -0.09699168 -0.02758765 0.32156863 0.34509804 0.36470588
v -0.03441431 -0.09689713 -0.02980006 0.32156863 0.34509804 0.36470588
v -0.03333837 -0.09682938 -0.03073771 0.32156863 0.34509804 0.36470588
v -0.03124487 -0.09649093 -0.03366632 0.32156863 0.34509804 0.36470588
v -0.03218193 -0.09669279 -0.03211608 0.32156863 0.34509804 0.36470588
v -0.03283941 -0.09677045 -0.03133242 0.32156863 0.34509804 0.36470588
v -0.03468103 -0.09691391 -0.02956762 0.32156863 0.34509804 0.36470588
v -0.03617496 -0.09696077 -0.02863439 0.32156863 0.34509804 0.36470588
v -0.02999869 -0.09543116 -0.03886575 0.32156863 0.34509804 0.36470588
v -0.03056108 -0.09438839 -0.04231126 0.32156863 0.34509804 0.36470588
v -0.03014056 -0.09493645 -0.04061687 0.32156863 0.34509804 0.36470588
v -0.03219739 -0.09322178 -0.04536056 0.32156863 0.34509804 0.36470588
v -0.03337057 -0.09266111 -0.04663675 0.32156863 0.34509804 0.36470588
v -0.03788446 -0.09143557 -0.04912678 0.32156863 0.34509804 0.36470588
v -0.03623546 -0.09174630 -0.04852884 0.32156863 0.34509804 0.36470588
v -0.03475402 -0.09215201 -0.04771567 0.32156863 0.34509804 0.36470588
v -0.03125267 -0.09380754 -0.04390707 0.32156863 0.34509804 0.36470588
v -0.03012770 -0.09582633 -0.03723153 0.32156863 0.34509804 0.36470588
v -0.03013951 -0.09586250 -0.03708193 0.32156863 0.34509804 0.36470588
v -0.03055612 -0.09621422 -0.03534386 0.32156863 0.34509804 0.36470588
v -0.12500000 0.04900000 -0.07469416 0.32156863 0.34509804 0.36470588
v -0.12500000 -0.04900000 -0.07469416 0.32156863 0.34509804 0.36470588
v 0.12500000 0.09696776 -0.02845305 0.32156863 0.34509804 0.36470588
v 0.12531744 0.09695252 -0.02849695 0.32156863 0.34509804 0.36470588
v 0.12500000 0.09700000 -0.02669415 0.32156863 0.34509804 0.36470588
v -0.12500000 0.09700000 -0.02669415 0.32156863 0.34509804 0.36470588
v -0.12500000 0.09696776 -0.02845305 0.32156863 0.34509804 0.36470588
v 0.12500000 0.09118322 -0.04959777 0.32156863 0.34509804 0.36470588
v -0.12500000 0.09529876 -0.03936006 0.32156863 0.34509804 0.36470588
v -0.12500000 0.09353614 -0.04459757 0.32156863 0.34509804 0.36470588
v -0.12500000 0.09118322 -0.04959777 0.32156863 0.34509804 0.36470588
v -0.12500000 0.09644771 -0.03395467 0.32156863 0.34509804 0.36470588
v 0.12500000 0.09644771 -0.03395467 0.32156863 0.34509804 0.36470588
v 0.12500000 0.09353614 -0.04459757 0.32156863 0.34509804 0.36470588
v 0.12500000 0.09529876 -0.03936006 0.32156863 0.34509804 0.36470588
v 0.12500000 0.05075890 -0.07466192 0.32156863 0.34509804 0.36470588
v -0.12500000 0.05075890 -0.07466192 0.32156863 0.34509804 0.36470588
v 0.12500000 0.05275910 -0.07447284 0.32156863 0.34509804 0.36470588
v -0.12500000 0.05275910 -0.07447284 0.32156863 0.34509804 0.36470588
v 0.12500000 0.05626052 -0.07414186 0.32156863 0.34509804 0.36470588
v 0.12500000 0.06166591 -0.07299291 0.32156863 0.34509804 0.36470588
v -0.12500000 0.06166591 -0.07299291 0.32156863 0.34509804 0.36470588
v 0.12500000 0.06690341 -0.07123029 0.32156863 0.34509804 0.36470588
v -0.12500000 0.06690341 -0.07123029 0.32156863 0.34509804 0.36470588
v 0.12500000 0.06735761 -0.07101657 0.32156863 0.34509804 0.36470588
v 0.12500000 0.07190362 -0.06887738 0.32156863 0.34509804 0.36470588
v -0.12500000 0.07190362 -0.06887738 0.32156863 0.34509804 0.36470588
v 0.12500000 0.07660025 -0.06596534 0.32156863 0.34509804 0.36470588
v -0.12500000 0.07660025 -0.06596534 0.32156863 0.34509804 0.36470588
v 0.12500000 0.08093106 -0.06253279 0.32156863 0.34509804 0.36470588
v -0.12500000 0.08483864 -0.05862521 0.32156863 0.34509804 0.36470588
v 0.12500000 0.08827119 -0.05429440 0.32156863 0.34509804 0.36470588
v -0.12500000 0.08827119 -0.05429440 0.32156863 0.34509804 0.36470588
v -0.12579162 -0.09689368 -0.02669415 0.32156863 0.34509804 0.36470588
v -0.12649439 -0.09658841 -0.02669415 0.32156863 0.34509804 0.36470588
v -0.12682119 -0.09626723 -0.03103260 0.32156863 0.34509804 0.36470588
v -0.12790844 -0.05985115 -0.07154398 0.32156863 0.34509804 0.36470588
v -0.12789367 -0.04900000 -0.07248577 0.32156863 0.34509804 0.36470588
v -0.12771448 -0.04900000 -0.07297149 0.32156863 0.34509804 0.36470588
v -0.12712131 -0.04900000 -0.07381547 0.32156863 0.34509804 0.36470588
v -0.12672502 -0.04900000 -0.07414860 0.32156863 0.34509804 0.36470588
v -0.12649439 -0.04900000 -0.07428256 0.32156863 0.34509804 0.36470588
v -0.12627734 -0.04900000 -0.07440864 0.32156863 0.34509804 0.36470588
v -0.12605131 -0.05058770 -0.07449430 0.32156863 0.34509804 0.36470588
v -0.12551895 -0.04900000 -0.07463763 0.32156863 0.34509804 0.36470588
v -0.12527169 -0.05062526 -0.07466015 0.32156863 0.34509804 0.36470588
v -0.12500000 -0.09700000 -0.02669415 0.32156863 0.34509804 0.36470588
v -0.12528233 -0.09698669 -0.02669415 0.32156863 0.34509804 0.36470588
v -0.12600760 -0.09666802 -0.03164603 0.32156863 0.34509804 0.36470588
v -0.12500000 -0.09696776 -0.02845305 0.32156863 0.34509804 0.36470588
v -0.12500000 -0.09353614 -0.04459757 0.32156863 0.34509804 0.36470588
v -0.12500000 -0.09529876 -0.03936006 0.32156863 0.34509804 0.36470588
v -0.12500000 -0.09644771 -0.03395467 0.32156863 0.34509804 0.36470588
v -0.12500000 -0.09118322 -0.04959777 0.32156863 0.34509804 0.36470588
v -0.12597121 -0.08654221 -0.05672654 0.32156863 0.34509804 0.36470588
v -0.12500000 -0.08827119 -0.05429440 0.32156863 0.34509804 0.36470588
v -0.12500000 -0.08093106 -0.06253279 0.32156863 0.34509804 0.36470588
v -0.12500000 -0.07660025 -0.06596534 0.32156863 0.34509804 0.36470588
v -0.12500000 -0.07190362 -0.06887738 0.32156863 0.34509804 0.36470588
v -0.12500000 -0.06735761 -0.07101657 0.32156863 0.34509804 0.36470588
v -0.12585390 -0.05771897 -0.07391474 0.32156863 0.34509804 0.36470588
v -0.12500000 -0.06166591 -0.07299291 0.32156863 0.34509804 0.36470588
v -0.12500000 -0.05626052 -0.07414186 0.32156863 0.34509804 0.36470588
v -0.12500000 -0.05275910 -0.07447284 0.32156863 0.34509804 0.36470588
v -0.12500000 -0.05075890 -0.07466192 0.32156863 0.34509804 0.36470588
v -0.12829885 -0.07622569 -0.06499711 0.32156863 0.34509804 0.36470588
v -0.12632260 -0.06481961 -0.07188666 0.32156863 0.34509804 0.36470588
v -0.12833139 -0.09367064 -0.04165427 0.32156863 0.34509804 0.36470588
v -0.12720893 -0.05432210 -0.07357648 0.32156863 0.34509804 0.36470588
v -0.12528233 0.04900000 -0.07468084 0.32156863 0.34509804 0.36470588
v -0.12551895 0.04900000 -0.07463763 0.32156863 0.34509804 0.36470588
v -0.12579162 0.04900000 -0.07458783 0.32156863 0.34509804 0.36470588
v -0.12627734 0.04900000 -0.07440864 0.32156863 0.34509804 0.36470588
v -0.12649439 0.04900000 -0.07428256 0.32156863 0.34509804 0.36470588
v -0.12672502 0.04900000 -0.07414860 0.32156863 0.34509804 0.36470588
v -0.12712131 0.04900000 -0.07381547 0.32156863 0.34509804 0.36470588
v -0.12745444 0.04900000 -0.07341917 0.32156863 0.34509804 0.36470588
v -0.12789367 0.04900000 -0.07248577 0.32156863 0.34509804 0.36470588
v -0.12794347 0.04900000 -0.07221310 0.32156863 0.34509804 0.36470588
v -0.12809107 0.09124770 -0.04916121 0.32156863 0.34509804 0.36470588
v -0.12671368 0.09643394 -0.00474213 0.32156863 0.34509804 0.36470588
v -0.12627734 0.09671448 -0.02669415 0.32156863 0.34509804 0.36470588
v -0.12579162 0.09689368 -0.02669415 0.32156863 0.34509804 0.36470588
v -0.12528233 0.09698669 -0.02669415 0.32156863 0.34509804 0.36470588
v -0.12676641 0.05341389 -0.07413561 0.32156863 0.34509804 0.36470588
v -0.12783569 0.04990968 -0.07269450 0.32156863 0.34509804 0.36470588
v -0.12885427 0.06348779 -0.06785884 0.32156863 0.34509804 0.36470588
v -0.12655117 0.06778888 -0.07088212 0.32156863 0.34509804 0.36470588
v -0.12648748 0.09649160 -0.03207883 0.32156863 0.34509804 0.36470588
v -0.12543745 0.05894406 -0.07370175 0.32156863 0.34509804 0.36470588
v -0.12794957 0.09345991 0.00813366 0.32156863 0.34509804 0.36470588
v -0.12649439 0.09658841 -0.00869415 0.32156863 0.34509804 0.36470588
v -0.12627734 0.09671448 -0.00869415 0.32156863 0.34509804 0.36470588
v -0.12579162 0.09689368 -0.00869415 0.32156863 0.34509804 0.36470588
v -0.12567487 0.09673722 -0.00365346 0.32156863 0.34509804 0.36470588
v -0.12500000 0.09700000 -0.00869415 0.32156863 0.34509804 0.36470588
v -0.12701346 -0.09630613 -0.01643503 0.32156863 0.34509804 0.36470588
v -0.12649439 -0.09658841 -0.00869415 0.32156863 0.34509804 0.36470588
v -0.12627734 -0.09671448 -0.00869415 0.32156863 0.34509804 0.36470588
v -0.12579162 -0.09689368 -0.00869415 0.32156863 0.34509804 0.36470588
v -0.12500000 -0.09700000 -0.00869415 0.32156863 0.34509804 0.36470588
v 0.12500000 -0.09118322 -0.04959777 0.32156863 0.34509804 0.36470588
v 0.12500000 -0.09700000 -0.02669415 0.32156863 0.34509804 0.36470588
v 0.12500000 -0.09696776 -0.02845305 0.32156863 0.34509804 0.36470588
v 0.12500000 -0.09644771 -0.03395467 0.32156863 0.34509804 0.36470588
v 0.12500000 -0.09353614 -0.04459757 0.32156863 0.34509804 0.36470588
v 0.12500000 -0.09529876 -0.03936006 0.32156863 0.34509804 0.36470588
v 0.12500000 -0.08827119 -0.05429440 0.32156863 0.34509804 0.36470588
v 0.12500000 -0.08483864 -0.05862521 0.32156863 0.34509804 0.36470588
v 0.12500000 -0.08093106 -0.06253279 0.32156863 0.34509804 0.36470588
v 0.12500000 -0.07660025 -0.06596534 0.32156863 0.34509804 0.36470588
v 0.12500000 -0.07190362 -0.06887738 0.32156863 0.34509804 0.36470588
v 0.12500000 -0.06735761 -0.07101657 0.32156863 0.34509804 0.36470588
v 0.12500000 -0.06690341 -0.07123029 0.32156863 0.34509804 0.36470588
v 0.12500000 -0.06166591 -0.07299291 0.32156863 0.34509804 0.36470588
v 0.12500000 -0.05626052 -0.07414186 0.32156863 0.34509804 0.36470588
v 0.12500000 -0.05275910 -0.07447284 0.32156863 0.34509804 0.36470588
v 0.12500000 -0.05075890 -0.07466192 0.32156863 0.34509804 0.36470588
v 0.12500000 -0.09700000 -0.00869415 0.32156863 0.34509804 0.36470588
v 0.12527779 -0.09696645 -0.00709358 0.32156863 0.34509804 0.36470588
v 0.12528233 -0.09698669 -0.02669415 0.32156863 0.34509804 0.36470588
v 0.12579162 -0.09689368 -0.00869415 0.32156863 0.34509804 0.36470588
v 0.12579162 -0.09689368 -0.02669415 0.32156863 0.34509804 0.36470588
v 0.12579162 -0.09686150 -0.02844916 0.32156863 0.34509804 0.36470588
v 0.12528233 -0.09695446 -0.02845256 0.32156863 0.34509804 0.36470588
v 0.12528233 -0.06689845 -0.07121794 0.32156863 0.34509804 0.36470588
v 0.12528233 -0.06166239 -0.07298007 0.32156863 0.34509804 0.36470588
v 0.12528233 -0.07189727 -0.06886568 0.32156863 0.34509804 0.36470588
v 0.12528233 -0.07659259 -0.06595445 0.32156863 0.34509804 0.36470588
v 0.12549111 -0.08275787 -0.06085120 0.32156863 0.34509804 0.36470588
v 0.12526999 -0.08993691 -0.05188733 0.32156863 0.34509804 0.36470588
v 0.12525074 -0.09644071 -0.03394094 0.32156863 0.34509804 0.36470588
v 0.12579162 -0.07653911 -0.06587835 0.32156863 0.34509804 0.36470588
v 0.12579162 -0.08086032 -0.06245340 0.32156863 0.34509804 0.36470588
v 0.12579162 -0.08475924 -0.05855448 0.32156863 0.34509804 0.36470588
v 0.12579162 0.09689368 -0.02669415 0.32156863 0.34509804 0.36470588
v 0.12528233 0.09698669 -0.02669415 0.32156863 0.34509804 0.36470588
v 0.12510034 0.09261791 -0.04689583 0.32156863 0.34509804 0.36470588
v 0.12549348 0.09604421 -0.03648077 0.32156863 0.34509804 0.36470588
v 0.12528233 0.08826029 -0.05428675 0.32156863 0.34509804 0.36470588
v 0.12523635 0.08483290 -0.05862010 0.32156863 0.34509804 0.36470588
v 0.12531905 0.08081954 -0.06261570 0.32156863 0.34509804 0.36470588
v 0.12528233 0.07659259 -0.06595445 0.32156863 0.34509804 0.36470588
v 0.12528233 0.07189727 -0.06886568 0.32156863 0.34509804 0.36470588
v 0.12528233 0.06689845 -0.07121794 0.32156863 0.34509804 0.36470588
v 0.12528233 0.06166239 -0.07298007 0.32156863 0.34509804 0.36470588
v 0.18121547 0.08461033 -0.03321690 0.32156863 0.34509804 0.36470588
v 0.12579162 0.09519619 -0.03933200 0.32156863 0.34509804 0.36470588
v 0.12579162 0.09343749 -0.04455791 0.32156863 0.34509804 0.36470588
v 0.12579162 0.09108978 -0.04954704 0.32156863 0.34509804 0.36470588
v 0.12579162 0.08818419 -0.05423326 0.32156863 0.34509804 0.36470588
v 0.12579162 0.08475924 -0.05855448 0.32156863 0.34509804 0.36470588
v 0.12579162 0.08086032 -0.06245340 0.32156863 0.34509804 0.36470588
v 0.12579162 0.09689368 -0.00869415 0.32156863 0.34509804 0.36470588
v 0.12500000 0.09700000 -0.00869415 0.32156863 0.34509804 0.36470588
v -0.07228892 0.09697867 -0.00726347 0.32156863 0.34509804 0.36470588
v -0.06176485 0.09690574 -0.00568748 0.32156863 0.34509804 0.36470588
v -0.06312305 0.09686305 -0.00507090 0.32156863 0.34509804 0.36470588
v -0.06059715 0.09694830 -0.00646696 0.32156863 0.34509804 0.36470588
v -0.05948865 0.09698512 -0.00749930 0.32156863 0.34509804 0.36470588
v -0.07320680 0.09699886 -0.00836336 0.32156863 0.34509804 0.36470588
v -0.07116479 0.09693955 -0.00628587 0.32156863 0.34509804 0.36470588
v -0.07021399 0.09690523 -0.00568974 0.32156863 0.34509804 0.36470588
v -0.07004707 0.09689920 -0.00558509 0.32156863 0.34509804 0.36470588
v -0.06872986 0.09685919 -0.00502022 0.32156863 0.34509804 0.36470588
v -0.06735725 0.09683204 -0.00468212 0.32156863 0.34509804 0.36470588
v -0.06595387 0.09682284 -0.00457402 0.32156863 0.34509804 0.36470588
v -0.06452905 0.09683363 -0.00470122 0.32156863 0.34509804 0.36470588
v 0.12579162 0.09686150 -0.00693915 0.32156863 0.34509804 0.36470588
v 0.12527779 0.09696645 -0.00709358 0.32156863 0.34509804 0.36470588
v 0.12500000 0.06735761 0.03562826 0.32156863 0.34509804 0.36470588
v 0.12500000 0.06690341 0.03584199 0.32156863 0.34509804 0.36470588
v 0.12500000 0.07190362 0.03348907 0.32156863 0.34509804 0.36470588
v 0.12528233 0.07189727 0.03347737 0.32156863 0.34509804 0.36470588
v 0.12528233 0.07659259 0.03056614 0.32156863 0.34509804 0.36470588
v 0.12500000 0.07660025 0.03057703 0.32156863 0.34509804 0.36470588
v 0.12528233 0.08092220 0.02713454 0.32156863 0.34509804 0.36470588
v 0.12500000 0.08093106 0.02714448 0.32156863 0.34509804 0.36470588
v 0.12528233 0.08482869 0.02322805 0.32156863 0.34509804 0.36470588
v 0.12500000 0.08483864 0.02323690 0.32156863 0.34509804 0.36470588
v 0.12528233 0.08826029 0.01889844 0.32156863 0.34509804 0.36470588
v 0.12500000 0.08827119 0.01890610 0.32156863 0.34509804 0.36470588
v 0.12528233 0.09117152 0.01420312 0.32156863 0.34509804 0.36470588
v 0.12500000 0.09118322 0.01420947 0.32156863 0.34509804 0.36470588
v 0.12528233 0.09352379 0.00920429 0.32156863 0.34509804 0.36470588
v 0.12500000 0.09353614 0.00920926 0.32156863 0.34509804 0.36470588
v 0.12528233 0.09528591 0.00396824 0.32156863 0.34509804 0.36470588
v 0.12500000 0.09529876 0.00397175 0.32156863 0.34509804 0.36470588
v 0.12525073 0.09644071 -0.00144737 0.32156863 0.34509804 0.36470588
v 0.12500000 0.09644771 -0.00143363 0.32156863 0.34509804 0.36470588
v 0.12500000 0.09696776 -0.00693526 0.32156863 0.34509804 0.36470588
v 0.12579162 0.09519619 0.00394370 0.32156863 0.34509804 0.36470588
v 0.12579162 0.09634260 -0.00144972 0.32156863 0.34509804 0.36470588
v -0.04728891 0.09697867 -0.00726347 0.32156863 0.34509804 0.36470588
v -0.03676485 0.09690574 -0.00568748 0.32156863 0.34509804 0.36470588
v -0.03812305 0.09686305 -0.00507090 0.32156863 0.34509804 0.36470588
v -0.03559715 0.09694830 -0.00646696 0.32156863 0.34509804 0.36470588
v -0.03448865 0.09698512 -0.00749930 0.32156863 0.34509804 0.36470588
v -0.04820680 0.09699886 -0.00836336 0.32156863 0.34509804 0.36470588
v -0.04616478 0.09693955 -0.00628587 0.32156863 0.34509804 0.36470588
v -0.04504707 0.09689920 -0.00558509 0.32156863 0.34509804 0.36470588
v -0.04372986 0.09685919 -0.00502022 0.32156863 0.34509804 0.36470588
v -0.04235725 0.09683204 -0.00468212 0.32156863 0.34509804 0.36470588
v -0.04095386 0.09682284 -0.00457402 0.32156863 0.34509804 0.36470588
v -0.03952905 0.09683363 -0.00470122 0.32156863 0.34509804 0.36470588
v -0.12771448 0.04900000 0.03758318 0.32156863 0.34509804 0.36470588
v -0.12745444 0.04900000 0.03803086 0.32156863 0.34509804 0.36470588
v -0.12745444 0.05071218 0.03799948 0.32156863 0.34509804 0.36470588
v -0.12742423 0.04900000 0.03806682 0.32156863 0.34509804 0.36470588
v -0.12712131 0.04900000 0.03842717 0.32156863 0.34509804 0.36470588
v -0.12627734 0.04900000 0.03902033 0.32156863 0.34509804 0.36470588
v -0.12674320 0.05084148 0.03874945 0.32156863 0.34509804 0.36470588
v -0.12579162 0.04900000 0.03919952 0.32156863 0.34509804 0.36470588
v -0.12550153 0.05085444 0.03923551 0.32156863 0.34509804 0.36470588
v -0.12528233 0.04900000 0.03929253 0.32156863 0.34509804 0.36470588
v -0.12500000 0.09696776 -0.00693526 0.32156863 0.34509804 0.36470588
v -0.12500000 0.09529876 0.00397175 0.32156863 0.34509804 0.36470588
v -0.12500000 0.09644771 -0.00143363 0.32156863 0.34509804 0.36470588
v -0.12500000 0.09118322 0.01420947 0.32156863 0.34509804 0.36470588
v -0.12500000 0.08827119 0.01890610 0.32156863 0.34509804 0.36470588
v -0.12686218 0.08419268 0.02358018 0.32156863 0.34509804 0.36470588
v -0.12500000 0.08093106 0.02714448 0.32156863 0.34509804 0.36470588
v -0.12636510 0.07357862 0.03249142 0.32156863 0.34509804 0.36470588
v -0.12500000 0.07190362 0.03348907 0.32156863 0.34509804 0.36470588
v -0.12500000 0.06735761 0.03562826 0.32156863 0.34509804 0.36470588
v -0.12823170 0.06543151 0.03557562 0.32156863 0.34509804 0.36470588
v -0.12500000 0.06166591 0.03760460 0.32156863 0.34509804 0.36470588
v -0.12500000 0.05626052 0.03875355 0.32156863 0.34509804 0.36470588
v -0.12500000 0.05075890 0.03927361 0.32156863 0.34509804 0.36470588
v -0.12500000 0.04900000 0.03930585 0.32156863 0.34509804 0.36470588
v -0.12791356 0.05355813 0.03706101 0.32156863 0.34509804 0.36470588
v -0.04640305 -0.09694831 -0.00646711 0.32156863 0.34509804 0.36470588
v -0.04751135 -0.09698512 -0.00749930 0.32156863 0.34509804 0.36470588
v -0.04523596 -0.09690577 -0.00568793 0.32156863 0.34509804 0.36470588
v -0.04387802 -0.09686308 -0.00507127 0.32156863 0.34509804 0.36470588
v -0.03583564 -0.09693953 -0.00628556 0.32156863 0.34509804 0.36470588
v -0.03695644 -0.09689908 -0.00558323 0.32156863 0.34509804 0.36470588
v -0.03827302 -0.09685912 -0.00501926 0.32156863 0.34509804 0.36470588
v -0.03379359 -0.09699886 -0.00836280 0.32156863 0.34509804 0.36470588
v -0.03471157 -0.09697866 -0.00726297 0.32156863 0.34509804 0.36470588
v -0.03968278 -0.09683255 -0.00468830 0.32156863 0.34509804 0.36470588
v -0.03964529 -0.09683200 -0.00468171 0.32156863 0.34509804 0.36470588
v -0.04104868 -0.09682284 -0.00457403 0.32156863 0.34509804 0.36470588
v -0.12546745 -0.04900000 0.03925873 0.32156863 0.34509804 0.36470588
v -0.12579162 -0.04900000 0.03919952 0.32156863 0.34509804 0.36470588
v -0.12672502 -0.04900000 0.03876030 0.32156863 0.34509804 0.36470588
v -0.12611355 -0.05256483 0.03904047 0.32156863 0.34509804 0.36470588
v -0.12705970 -0.05415644 0.03830541 0.32156863 0.34509804 0.36470588
v -0.12742423 -0.04900000 0.03806682 0.32156863 0.34509804 0.36470588
v -0.12745444 -0.04900000 0.03803086 0.32156863 0.34509804 0.36470588
v -0.12745444 -0.05071218 0.03799948 0.32156863 0.34509804 0.36470588
v -0.12771451 -0.05052559 0.03756335 0.32156863 0.34509804 0.36470588
v -0.12706749 -0.09607156 -0.00382712 0.32156863 0.34509804 0.36470588
v -0.12500000 -0.04900000 0.03930585 0.32156863 0.34509804 0.36470588
v -0.12528233 -0.04900000 0.03929253 0.32156863 0.34509804 0.36470588
v -0.12500000 -0.05075890 0.03927361 0.32156863 0.34509804 0.36470588
v -0.12553062 -0.07182097 0.03349835 0.32156863 0.34509804 0.36470588
v -0.12500000 -0.06690341 0.03584199 0.32156863 0.34509804 0.36470588
v -0.12500000 -0.06166591 0.03760460 0.32156863 0.34509804 0.36470588
v -0.12500000 -0.05626052 0.03875355 0.32156863 0.34509804 0.36470588
v -0.12500000 -0.07190362 0.03348907 0.32156863 0.34509804 0.36470588
v -0.12500000 -0.08093106 0.02714448 0.32156863 0.34509804 0.36470588
v -0.12500000 -0.08827119 0.01890610 0.32156863 0.34509804 0.36470588
v -0.12500000 -0.09118322 0.01420947 0.32156863 0.34509804 0.36470588
v -0.12500000 -0.09353614 0.00920926 0.32156863 0.34509804 0.36470588
v -0.12505454 -0.09400207 0.00854820 0.32156863 0.34509804 0.36470588
v -0.12561287 -0.09677697 -0.00410593 0.32156863 0.34509804 0.36470588
v -0.12500000 -0.09644771 -0.00143363 0.32156863 0.34509804 0.36470588
v -0.12500000 -0.09696776 -0.00693526 0.32156863 0.34509804 0.36470588
v -0.12848020 -0.08635638 0.02176810 0.32156863 0.34509804 0.36470588
v -0.12696280 -0.06142240 0.03740551 0.32156863 0.34509804 0.36470588
v -0.12564661 -0.07789982 0.02962530 0.32156863 0.34509804 0.36470588
v -0.07140305 -0.09694831 -0.00646711 0.32156863 0.34509804 0.36470588
v -0.07251135 -0.09698512 -0.00749930 0.32156863 0.34509804 0.36470588
v -0.07023596 -0.09690577 -0.00568793 0.32156863 0.34509804 0.36470588
v -0.06887802 -0.09686308 -0.00507127 0.32156863 0.34509804 0.36470588
v -0.06083564 -0.09693953 -0.00628556 0.32156863 0.34509804 0.36470588
v -0.06195644 -0.09689908 -0.00558323 0.32156863 0.34509804 0.36470588
v -0.06327301 -0.09685912 -0.00501926 0.32156863 0.34509804 0.36470588
v -0.05879360 -0.09699886 -0.00836280 0.32156863 0.34509804 0.36470588
v -0.05971157 -0.09697866 -0.00726297 0.32156863 0.34509804 0.36470588
v -0.06464529 -0.09683200 -0.00468171 0.32156863 0.34509804 0.36470588
v -0.06604867 -0.09682284 -0.00457403 0.32156863 0.34509804 0.36470588
v -0.06747276 -0.09683366 -0.00470154 0.32156863 0.34509804 0.36470588
v 0.12579162 -0.09686150 -0.00693915 0.32156863 0.34509804 0.36470588
v 0.12500000 -0.09696776 -0.00693526 0.32156863 0.34509804 0.36470588
v 0.12500000 -0.09677869 -0.00493505 0.32156863 0.34509804 0.36470588
v 0.12533890 -0.09641571 -0.00133029 0.32156863 0.34509804 0.36470588
v 0.12500000 -0.09353614 0.00920926 0.32156863 0.34509804 0.36470588
v 0.12528233 -0.09352379 0.00920429 0.32156863 0.34509804 0.36470588
v 0.12500000 -0.09529876 0.00397175 0.32156863 0.34509804 0.36470588
v 0.12528233 -0.09528591 0.00396824 0.32156863 0.34509804 0.36470588
v 0.12500000 -0.09644771 -0.00143363 0.32156863 0.34509804 0.36470588
v 0.12500000 -0.09118322 0.01420947 0.32156863 0.34509804 0.36470588
v 0.12528233 -0.09117152 0.01420312 0.32156863 0.34509804 0.36470588
v 0.12528233 -0.08826029 0.01889844 0.32156863 0.34509804 0.36470588
v 0.12500000 -0.08827119 0.01890610 0.32156863 0.34509804 0.36470588
v 0.12528233 -0.08482869 0.02322805 0.32156863 0.34509804 0.36470588
v 0.12500000 -0.08483864 0.02323690 0.32156863 0.34509804 0.36470588
v 0.12522668 -0.08092698 0.02713847 0.32156863 0.34509804 0.36470588
v 0.12528233 -0.07659259 0.03056614 0.32156863 0.34509804 0.36470588
v 0.12500000 -0.07660025 0.03057703 0.32156863 0.34509804 0.36470588
v 0.12528233 -0.07189727 0.03347737 0.32156863 0.34509804 0.36470588
v 0.12500000 -0.07190362 0.03348907 0.32156863 0.34509804 0.36470588
v 0.12500000 -0.06735761 0.03562826 0.32156863 0.34509804 0.36470588
v 0.12500000 -0.06690341 0.03584199 0.32156863 0.34509804 0.36470588
v 0.12579162 -0.09634260 -0.00144972 0.32156863 0.34509804 0.36470588
v 0.26173764 -0.01442865 0.05505281 0.32156863 0.34509804 0.36470588
v 0.26173764 0.01442865 0.05505281 0.32156863 0.34509804 0.36470588
v 0.26663879 0.01495326 0.05482009 0.32156863 0.34509804 0.36470588
v 0.26469317 -0.01559232 0.05475600 0.32156863 0.34509804 0.36470588
v 0.26513276 -0.01634664 0.05416673 0.32156863 0.34509804 0.36470588
v 0.26373145 -0.01589707 0.05466686 0.32156863 0.34509804 0.36470588
v 0.26353267 -0.01483615 0.05505529 0.32156863 0.34509804 0.36470588
v 0.26671278 -0.01608883 0.05404616 0.32156863 0.34509804 0.36470588
v 0.26373139 0.01584693 0.05469450 0.32156863 0.34509804 0.36470588
v 0.26513276 0.01634675 0.05416664 0.32156863 0.34509804 0.36470588
v 0.26671278 0.01608893 0.05404606 0.32156863 0.34509804 0.36470588
v 0.28060785 0.00699569 0.05363887 0.32156863 0.34509804 0.36470588
v 0.27338010 0.01239658 0.05417864 0.32156863 0.34509804 0.36470588
v 0.26273379 -0.01511474 0.05500909 0.32156863 0.34509804 0.36470588
v 0.26273376 -0.01581016 0.05475195 0.32156863 0.34509804 0.36470588
v 0.26273379 -0.01547154 0.05490172 0.32156863 0.34509804 0.36470588
v 0.26273382 -0.01474860 0.05507109 0.32156863 0.34509804 0.36470588
v 0.26273379 0.01511474 0.05500909 0.32156863 0.34509804 0.36470588
v 0.26273376 0.01581016 0.05475195 0.32156863 0.34509804 0.36470588
v 0.26273379 0.01547154 0.05490172 0.32156863 0.34509804 0.36470588
v 0.26273382 0.01474860 0.05507109 0.32156863 0.34509804 0.36470588
v 0.25372183 0.00000000 -0.07875247 0.32156863 0.34509804 0.36470588
v 0.25468150 -0.02080940 -0.07615916 0.32156863 0.34509804 0.36470588
v 0.25471836 -0.02228924 -0.07569080 0.32156863 0.34509804 0.36470588
v 0.25471798 -0.01762892 -0.07692230 0.32156863 0.34509804 0.36470588
v 0.25372183 -0.00788860 -0.07840792 0.32156863 0.34509804 0.36470588
v 0.25451872 -0.01255643 -0.07786489 0.32156863 0.34509804 0.36470588
v 0.25471774 0.02086037 -0.07614236 0.32156863 0.34509804 0.36470588
v 0.25471830 0.01879466 -0.07666110 0.32156863 0.34509804 0.36470588
v 0.25471830 0.02239492 -0.07564986 0.32156863 0.34509804 0.36470588
v 0.25372183 0.00788860 -0.07840792 0.32156863 0.34509804 0.36470588
v 0.26822206 -0.02248839 -0.07432325 0.32156863 0.34509804 0.36470588
v 0.26410028 -0.06861757 0.00639003 0.32156863 0.34509804 0.36470588
v 0.26839697 0.02201104 -0.07451505 0.32156863 0.34509804 0.36470588
v 0.27012667 -0.06073262 -0.03666087 0.32156863 0.34509804 0.36470588
v 0.26883602 -0.02478248 -0.07239627 0.32156863 0.34509804 0.36470588
v 0.27058476 -0.01827493 -0.07550293 0.32156863 0.34509804 0.36470588
v 0.27047151 -0.06067854 -0.03656567 0.32156863 0.34509804 0.36470588
v 0.27026996 -0.06146990 -0.03577957 0.32156863 0.34509804 0.36470588
v 0.26814774 -0.02340757 -0.07380988 0.32156863 0.34509804 0.36470588
v 0.26822132 -0.02392557 -0.07341511 0.32156863 0.34509804 0.36470588
v 0.26918638 -0.02242432 -0.07417944 0.32156863 0.34509804 0.36470588
v 0.26890117 -0.02389265 -0.07323820 0.32156863 0.34509804 0.36470588
v 0.26847693 -0.02485664 -0.07247327 0.32156863 0.34509804 0.36470588
v 0.27367300 -0.06204947 -0.03150557 0.32156863 0.34509804 0.36470588
v 0.14441203 -0.09223702 -0.04060758 0.32156863 0.34509804 0.36470588
v 0.27030280 -0.06071078 -0.03661822 0.32156863 0.34509804 0.36470588
v 0.26389000 -0.06701513 0.01038911 0.32156863 0.34509804 0.36470588
v 0.26380488 -0.06704573 0.01040053 0.32156863 0.34509804 0.36470588
v 0.26408547 -0.06842095 0.00781186 0.32156863 0.34509804 0.36470588
v 0.26435629 -0.06853684 0.00686016 0.32156863 0.34509804 0.36470588
v 0.26414070 -0.06829988 0.00822721 0.32156863 0.34509804 0.36470588
v 0.26469266 -0.06737252 0.00925782 0.32156863 0.34509804 0.36470588
v 0.26553756 -0.06840380 0.00307987 0.32156863 0.34509804 0.36470588
v 0.26376814 -0.06834885 0.00829784 0.32156863 0.34509804 0.36470588
v 0.26357257 -0.06801314 0.00921480 0.32156863 0.34509804 0.36470588
v 0.26419699 -0.06792070 0.00908811 0.32156863 0.34509804 0.36470588
v 0.26350525 -0.06777298 0.00964803 0.32156863 0.34509804 0.36470588
v 0.26346087 -0.06748194 0.01005137 0.32156863 0.34509804 0.36470588
v 0.26343888 -0.06714603 0.01041981 0.32156863 0.34509804 0.36470588
v 0.26363003 -0.06672143 0.01074479 0.32156863 0.34509804 0.36470588
v 0.27548918 -0.03466865 0.03554238 0.32156863 0.34509804 0.36470588
v 0.27702326 -0.03254819 0.03669823 0.32156863 0.34509804 0.36470588
v 0.27706027 -0.01402096 0.05241789 0.32156863 0.34509804 0.36470588
v 0.27670479 -0.03408695 0.03536236 0.32156863 0.34509804 0.36470588
v 0.27602428 -0.03460180 0.03538191 0.32156863 0.34509804 0.36470588
v 0.27585250 -0.03463382 0.03544534 0.32156863 0.34509804 0.36470588
v 0.26415205 -0.06725623 0.00997570 0.32156863 0.34509804 0.36470588
v 0.26787233 -0.06768701 -0.00116827 0.32156863 0.34509804 0.36470588
v 0.26362762 -0.06710004 0.01041531 0.32156863 0.34509804 0.36470588
v 0.26394498 -0.06759138 0.00974998 0.32156863 0.34509804 0.36470588
v 0.26494873 -0.06852997 0.00496503 0.32156863 0.34509804 0.36470588
v 0.27567548 -0.03465585 0.03549824 0.32156863 0.34509804 0.36470588
v 0.26878127 0.02192035 -0.07456647 0.32156863 0.34509804 0.36470588
v 0.26822132 0.02392557 -0.07341511 0.32156863 0.34509804 0.36470588
v 0.27028900 0.06231799 -0.03440090 0.32156863 0.34509804 0.36470588
v 0.27462122 0.00187014 -0.07717033 0.32156863 0.34509804 0.36470588
v 0.26883602 0.02478248 -0.07239627 0.32156863 0.34509804 0.36470588
v 0.27199766 0.02208627 -0.07305793 0.32156863 0.34509804 0.36470588
v 0.27114335 0.06012535 -0.03652728 0.32156863 0.34509804 0.36470588
v 0.27094337 0.06051434 -0.03634264 0.32156863 0.34509804 0.36470588
v 0.26994655 0.06286721 -0.03327394 0.32156863 0.34509804 0.36470588
v 0.26814774 0.02340757 -0.07380988 0.32156863 0.34509804 0.36470588
v 0.27218744 0.01193304 -0.07679659 0.32156863 0.34509804 0.36470588
v 0.27063382 0.06063539 -0.03650263 0.32156863 0.34509804 0.36470588
v 0.27111778 0.06100228 -0.03565026 0.32156863 0.34509804 0.36470588
v 0.27020264 0.06142225 -0.03586689 0.32156863 0.34509804 0.36470588
v 0.27047151 0.06067854 -0.03656567 0.32156863 0.34509804 0.36470588
v 0.27079076 0.06058082 -0.03642848 0.32156863 0.34509804 0.36470588
v 0.26847693 0.02485664 -0.07247327 0.32156863 0.34509804 0.36470588
v 0.27012667 0.06073262 -0.03666087 0.32156863 0.34509804 0.36470588
v 0.27000856 0.06163042 -0.03565976 0.32156863 0.34509804 0.36470588
v 0.26997101 0.06201529 -0.03510569 0.32156863 0.34509804 0.36470588
v 0.26994899 0.06235039 -0.03451924 0.32156863 0.34509804 0.36470588
v 0.27030280 0.06071078 -0.03661822 0.32156863 0.34509804 0.36470588
v 0.27035004 0.06286127 -0.03293332 0.32156863 0.34509804 0.36470588
v 0.27037507 0.06320317 -0.03163381 0.32156863 0.34509804 0.36470588
v 0.27608526 0.03447443 0.03547233 0.32156863 0.34509804 0.36470588
v 0.27751404 0.06200692 -0.01844062 0.32156863 0.34509804 0.36470588
v 0.26482815 0.06854821 0.00534339 0.32156863 0.34509804 0.36470588
v 0.26552373 0.06840639 0.00350209 0.32156863 0.34509804 0.36470588
v 0.27625549 0.03443172 0.03539630 0.32156863 0.34509804 0.36470588
v 0.27737710 0.03187899 0.03706430 0.32156863 0.34509804 0.36470588
v 0.27555045 0.03454128 0.03563309 0.32156863 0.34509804 0.36470588
v 0.26343676 0.06686919 0.01067081 0.32156863 0.34509804 0.36470588
v 0.26344225 0.06723280 0.01033224 0.32156863 0.34509804 0.36470588
v 0.26346955 0.06755689 0.00995664 0.32156863 0.34509804 0.36470588
v 0.26351917 0.06783492 0.00954723 0.32156863 0.34509804 0.36470588
v 0.26359159 0.06806187 0.00911062 0.32156863 0.34509804 0.36470588
v 0.26368460 0.06824049 0.00865710 0.32156863 0.34509804 0.36470588
v 0.26379406 0.06837590 0.00819220 0.32156863 0.34509804 0.36470588
v 0.26404670 0.06853863 0.00724877 0.32156863 0.34509804 0.36470588
v 0.26649487 0.06814079 -0.00031158 0.32156863 0.34509804 0.36470588
v 0.26363957 0.06718025 0.01033297 0.32156863 0.34509804 0.36470588
v 0.26362735 0.06681979 0.01066581 0.32156863 0.34509804 0.36470588
v 0.26433221 0.06848588 0.00722936 0.32156863 0.34509804 0.36470588
v 0.26453111 0.06856067 0.00628615 0.32156863 0.34509804 0.36470588
v 0.26398963 0.06834237 0.00817955 0.32156863 0.34509804 0.36470588
v 0.26380739 0.06713457 0.01031333 0.32156863 0.34509804 0.36470588
v 0.26397523 0.06707153 0.01028830 0.32156863 0.34509804 0.36470588
v 0.27591363 0.03450641 0.03553597 0.32156863 0.34509804 0.36470588
v 0.27573666 0.03452844 0.03558897 0.32156863 0.34509804 0.36470588
v 0.26493013 -0.06824796 0.00747142 0.32156863 0.34509804 0.36470588
v 0.26743647 -0.06603772 0.00707768 0.32156863 0.34509804 0.36470588
v 0.27620545 0.02589643 -0.06613774 0.32156863 0.34509804 0.36470588
v 0.27597883 0.02559916 -0.06667846 0.32156863 0.34509804 0.36470588
v 0.27385089 0.02413109 -0.06990080 0.32156863 0.34509804 0.36470588
v 0.28125408 -0.03314710 0.03117094 0.32156863 0.34509804 0.36470588
v 0.27821046 -0.01932993 -0.07091402 0.32156863 0.34509804 0.36470588
v 0.29620492 -0.01528572 0.01428318 0.32156863 0.34509804 0.36470588
v 0.26701537 -0.06571534 0.00829558 0.32156863 0.34509804 0.36470588
v 0.26714140 -0.06596109 0.00768860 0.32156863 0.34509804 0.36470588
v 0.28086355 -0.03360575 0.03126623 0.32156863 0.34509804 0.36470588
v 0.28051871 -0.03360375 0.03178585 0.32156863 0.34509804 0.36470588
v 0.28070387 -0.03361605 0.03153412 0.32156863 0.34509804 0.36470588
v 0.27511019 0.02422394 -0.06887521 0.32156863 0.34509804 0.36470588
v 0.27470568 0.02430130 -0.06915423 0.32156863 0.34509804 0.36470588
v 0.27473319 0.02226573 -0.07083590 0.32156863 0.34509804 0.36470588
v 0.27718350 0.02636043 -0.06454749 0.32156863 0.34509804 0.36470588
v 0.29149804 0.02610261 0.02065867 0.32156863 0.34509804 0.36470588
v 0.26464945 0.06818605 0.00831925 0.32156863 0.34509804 0.36470588
v 0.26971349 0.06715474 -0.00797104 0.32156863 0.34509804 0.36470588
v 0.29921818 -0.00092514 0.01025828 0.32156863 0.34509804 0.36470588
v 0.29507101 -0.02240175 -0.01382998 0.32156863 0.34509804 0.36470588
v 0.29506773 -0.02254964 -0.01278834 0.32156863 0.34509804 0.36470588
v 0.28239724 -0.03089708 0.03269103 0.32156863 0.34509804 0.36470588
v 0.29598132 -0.00236676 -0.04338053 0.32156863 0.34509804 0.36470588
v 0.28009725 0.01848213 -0.06736183 0.32156863 0.34509804 0.36470588
v 0.29506949 0.02240311 -0.01386336 0.32156863 0.34509804 0.36470588
v 0.29817602 -0.00613009 0.01367089 0.32156863 0.34509804 0.36470588
v 0.29624978 -0.01515860 0.01412615 0.32156863 0.34509804 0.36470588
v 0.29653051 -0.01381221 0.01436765 0.32156863 0.34509804 0.36470588
v 0.29921257 -0.00099080 0.01012577 0.32156863 0.34509804 0.36470588
v 0.29924074 -0.00046019 0.00996422 0.32156863 0.34509804 0.36470588
v 0.29925635 0.00002435 0.01013207 0.32156863 0.34509804 0.36470588
v 0.29909301 -0.00196930 0.01056712 0.32156863 0.34509804 0.36470588
v 0.29620981 -0.01532133 0.01409721 0.32156863 0.34509804 0.36470588
v 0.29322827 -0.01563925 0.03145042 0.32156863 0.34509804 0.36470588
v 0.29136685 -0.03333854 -0.01378202 0.32156863 0.34509804 0.36470588
v 0.29497844 -0.02289227 -0.01181676 0.32156863 0.34509804 0.36470588
v 0.29480946 -0.02344500 -0.01094737 0.32156863 0.34509804 0.36470588
v 0.29442286 -0.02451966 -0.00925874 0.32156863 0.34509804 0.36470588
v 0.29509291 -0.02228486 -0.01381385 0.32156863 0.34509804 0.36470588
v 0.29673380 -0.00085576 -0.03827495 0.32156863 0.34509804 0.36470588
v 0.29677725 -0.00000003 -0.03820539 0.32156863 0.34509804 0.36470588
v 0.29651943 -0.00073427 -0.03935172 0.32156863 0.34509804 0.36470588
v 0.29660285 -0.00170661 -0.03863765 0.32156863 0.34509804 0.36470588
v 0.29921591 0.00095558 0.01026278 0.32156863 0.34509804 0.36470588
v 0.29781654 0.00721854 0.01557190 0.32156863 0.34509804 0.36470588
v 0.29924074 0.00046020 0.00996413 0.32156863 0.34509804 0.36470588
v 0.29921255 0.00099083 0.01012565 0.32156863 0.34509804 0.36470588
v 0.29909301 0.00196937 0.01056698 0.32156863 0.34509804 0.36470588
v 0.29673380 0.00085574 -0.03827503 0.32156863 0.34509804 0.36470588
v 0.29672447 0.00080906 -0.03839876 0.32156863 0.34509804 0.36470588
v 0.29660285 0.00170657 -0.03863773 0.32156863 0.34509804 0.36470588
v 0.29429939 0.02338202 -0.02899853 0.32156863 0.34509804 0.36470588
v 0.29509291 0.02228482 -0.01381385 0.32156863 0.34509804 0.36470588
v 0.13754073 -0.08150087 -0.01846867 0.82352941 0.46666667 0.18823529
v 0.13873538 -0.08100025 -0.02155147 0.82352941 0.46666667 0.18823529
v 0.13873026 -0.08102863 -0.02146653 0.82352941 0.46666667 0.18823529
v 0.13890806 -0.08103805 -0.02137269 0.82352941 0.46666667 0.18823529
v 0.13873538 -0.08100025 -0.01383684 0.82352941 0.46666667 0.18823529
v 0.13873026 -0.08102863 -0.01392178 0.82352941 0.46666667 0.18823529
v 0.13891962 -0.08101879 -0.01394031 0.82352941 0.46666667 0.18823529
v 0.13879272 -0.08104828 -0.01400814 0.82352941 0.46666667 0.18823529
v 0.19771741 -0.03477031 -0.06461615 0.82352941 0.46666667 0.18823529
v 0.19764014 -0.03480255 -0.06463168 0.82352941 0.46666667 0.18823529
v 0.19766624 -0.03471303 -0.06461207 0.82352941 0.46666667 0.18823529
v 0.19767500 -0.03468310 -0.06460366 0.82352941 0.46666667 0.18823529
v 0.19764931 -0.03519144 -0.06467630 0.82352941 0.46666667 0.18823529
v 0.20035599 -0.03590821 -0.06440383 0.82352941 0.46666667 0.18823529
v 0.19766618 -0.04306661 -0.06525514 0.82352941 0.46666667 0.18823529
v 0.19766618 -0.04581239 -0.06531408 0.82352941 0.46666667 0.18823529
v 0.19766618 -0.05129443 -0.06527039 0.82352941 0.46666667 0.18823529
v 0.19762243 -0.04560315 -0.06531599 0.82352941 0.46666667 0.18823529
v 0.19762243 -0.04581236 -0.06531803 0.82352941 0.46666667 0.18823529
v 0.19762243 -0.05129449 -0.06527428 0.82352941 0.46666667 0.18823529
v 0.20121494 -0.06198791 -0.06472053 0.82352941 0.46666667 0.18823529
v 0.20137943 -0.06197314 -0.06470904 0.82352941 0.46666667 0.18823529
v 0.20184462 -0.06222923 -0.06457570 0.82352941 0.46666667 0.18823529
v 0.19764020 -0.03480231 0.02924331 0.82352941 0.46666667 0.18823529
v 0.19762243 -0.03486341 0.02925213 0.82352941 0.46666667 0.18823529
v 0.19771703 -0.03471047 0.02921881 0.82352941 0.46666667 0.18823529
v 0.20119298 -0.06196259 0.02936642 0.82352941 0.46666667 0.18823529
v 0.19771077 -0.04581266 0.02991780 0.82352941 0.46666667 0.18823529
v 0.19766618 -0.04581259 0.02992578 0.82352941 0.46666667 0.18823529
v 0.19771077 -0.04306703 0.02985885 0.82352941 0.46666667 0.18823529
v 0.19766618 -0.04306679 0.02986683 0.82352941 0.46666667 0.18823529
v 0.19686441 -0.03988689 0.02980610 0.82352941 0.46666667 0.18823529
v 0.19762243 -0.03697603 0.02945985 0.82352941 0.46666667 0.18823529
v 0.19763641 -0.04261360 0.02985577 0.82352941 0.46666667 0.18823529
v 0.17450669 -0.04806416 0.03083184 0.82352941 0.46666667 0.18823529
v 0.20155211 -0.06197475 0.02928855 0.82352941 0.46666667 0.18823529
v 0.20193574 -0.06220898 0.02914293 0.82352941 0.46666667 0.18823529
v 0.20146592 -0.06197719 0.02930768 0.82352941 0.46666667 0.18823529
v 0.13160005 -0.02931380 0.00288745 0.82352941 0.46666667 0.18823529
v 0.13188294 -0.02892023 0.00326624 0.82352941 0.46666667 0.18823529
v 0.13160002 -0.02935430 0.00342725 0.82352941 0.46666667 0.18823529
v 0.13187262 -0.02894419 0.00344624 0.82352941 0.46666667 0.18823529
v 0.13185979 -0.02898722 0.00366988 0.82352941 0.46666667 0.18823529
v 0.13159946 -0.02975958 0.00458780 0.82352941 0.46666667 0.18823529
v 0.13184580 -0.02905160 0.00391342 0.82352941 0.46666667 0.18823529
v 0.13182560 -0.02917975 0.00426587 0.82352941 0.46666667 0.18823529
v 0.13181713 -0.02924668 0.00441291 0.82352941 0.46666667 0.18823529
v 0.13179202 -0.02950054 0.00484963 0.82352941 0.46666667 0.18823529
v 0.13179383 -0.02947962 0.00481882 0.82352941 0.46666667 0.18823529
v 0.13180400 -0.02936822 0.00464114 0.82352941 0.46666667 0.18823529
v 0.13181461 -0.02926838 0.00445690 0.82352941 0.46666667 0.18823529
v 0.13178417 -0.02960044 0.00498690 0.82352941 0.46666667 0.18823529
v 0.13177505 -0.02973109 0.00514593 0.82352941 0.46666667 0.18823529
v 0.13176653 -0.02987003 0.00529446 0.82352941 0.46666667 0.18823529
v 0.13176981 -0.02981400 0.00523682 0.82352941 0.46666667 0.18823529
v 0.13175145 -0.03016847 0.00555702 0.82352941 0.46666667 0.18823529
v 0.13167563 -0.03064620 0.00579910 0.82352941 0.46666667 0.18823529
v 0.13175865 -0.03001564 0.00543120 0.82352941 0.46666667 0.18823529
v 0.13168357 -0.04013722 -0.04539549 0.82352941 0.46666667 0.18823529
v 0.13174982 -0.03125321 0.00629630 0.82352941 0.46666667 0.18823529
v 0.13166414 -0.03278740 0.00709814 0.82352941 0.46666667 0.18823529
v 0.13175693 -0.03417569 0.00794866 0.82352941 0.46666667 0.18823529
v 0.13167742 -0.03523285 0.00833208 0.82352941 0.46666667 0.18823529
v 0.13176031 -0.03683268 0.00908836 0.82352941 0.46666667 0.18823529
v 0.13167897 -0.04112887 0.01022176 0.82352941 0.46666667 0.18823529
v 0.13176271 -0.03958672 0.00995239 0.82352941 0.46666667 0.18823529
v 0.13176174 -0.03842323 0.00962438 0.82352941 0.46666667 0.18823529
v 0.13167793 -0.03763710 0.00926500 0.82352941 0.46666667 0.18823529
v 0.13209708 -0.04649397 0.01207154 0.82352941 0.46666667 0.18823529
v 0.13167566 -0.05502075 0.00956837 0.82352941 0.46666667 0.18823529
v 0.13168336 -0.05877971 0.00815759 0.82352941 0.46666667 0.18823529
v 0.13173452 -0.05749117 0.00876971 0.82352941 0.46666667 0.18823529
v 0.13164598 -0.06075902 0.00703495 0.82352941 0.46666667 0.18823529
v 0.13175175 -0.06127654 0.00689592 0.82352941 0.46666667 0.18823529
v 0.13173345 -0.05980723 0.00770702 0.82352941 0.46666667 0.18823529
v 0.13177183 -0.06268446 0.00600507 0.82352941 0.46666667 0.18823529
v 0.13179269 -0.06403075 0.00503703 0.82352941 0.46666667 0.18823529
v 0.13170771 -0.06438491 0.00465804 0.82352941 0.46666667 0.18823529
v 0.13182005 -0.06567071 0.00368085 0.82352941 0.46666667 0.18823529
v 0.13183531 -0.06653552 0.00287499 0.82352941 0.46666667 0.18823529
v 0.13165762 -0.06772396 0.00137839 0.82352941 0.46666667 0.18823529
v 0.13238369 -0.07977588 -0.01251542 0.82352941 0.46666667 0.18823529
v 0.13258529 -0.08135784 -0.01720058 0.82352941 0.46666667 0.18823529
v 0.13213143 -0.07981068 -0.02012513 0.82352941 0.46666667 0.18823529
v 0.13164720 -0.06793076 -0.03644646 0.82352941 0.46666667 0.18823529
v 0.13188925 -0.06941079 -0.03499606 0.82352941 0.46666667 0.18823529
v 0.13193713 -0.06957912 -0.03488811 0.82352941 0.46666667 0.18823529
v 0.13168287 -0.06647005 -0.03812822 0.82352941 0.46666667 0.18823529
v 0.13221663 -0.06900661 -0.03622138 0.82352941 0.46666667 0.18823529
v 0.13182005 -0.06567220 -0.03906783 0.82352941 0.46666667 0.18823529
v 0.13182941 -0.06620424 -0.03858015 0.82352941 0.46666667 0.18823529
v 0.13170542 -0.06358678 -0.04067322 0.82352941 0.46666667 0.18823529
v 0.13168220 -0.05227083 -0.04640649 0.82352941 0.46666667 0.18823529
v 0.13176218 -0.03893226 -0.04516272 0.82352941 0.46666667 0.18823529
v 0.13164614 -0.03522671 -0.04365238 0.82352941 0.46666667 0.18823529
v 0.13176081 -0.03732853 -0.04465494 0.82352941 0.46666667 0.18823529
v 0.13175920 -0.03576392 -0.04405627 0.82352941 0.46666667 0.18823529
v 0.13165592 -0.03271602 -0.04245241 0.82352941 0.46666667 0.18823529
v 0.13175747 -0.03450936 -0.04349783 0.82352941 0.46666667 0.18823529
v 0.13175091 -0.03156513 -0.04188320 0.82352941 0.46666667 0.18823529
v 0.13168557 -0.03072915 -0.04127523 0.82352941 0.46666667 0.18823529
v 0.13175151 -0.03016764 -0.04094473 0.82352941 0.46666667 0.18823529
v 0.13160005 -0.03000855 -0.04025403 0.82352941 0.46666667 0.18823529
v 0.13176653 -0.02987003 -0.04068270 0.82352941 0.46666667 0.18823529
v 0.13176335 -0.02992665 -0.04073802 0.82352941 0.46666667 0.18823529
v 0.13179389 -0.02947926 -0.04020664 0.82352941 0.46666667 0.18823529
v 0.13178614 -0.02957481 -0.04034135 0.82352941 0.46666667 0.18823529
v 0.13160002 -0.02970099 -0.03981189 0.82352941 0.46666667 0.18823529
v 0.13178417 -0.02960085 -0.04037568 0.82352941 0.46666667 0.18823529
v 0.13177505 -0.02973079 -0.04053393 0.82352941 0.46666667 0.18823529
v 0.13181195 -0.02929204 -0.03989139 0.82352941 0.46666667 0.18823529
v 0.13181461 -0.02926844 -0.03984533 0.82352941 0.46666667 0.18823529
v 0.13182560 -0.02917975 -0.03965417 0.82352941 0.46666667 0.18823529
v 0.13160002 -0.02943076 -0.03915856 0.82352941 0.46666667 0.18823529
v 0.13183770 -0.02909779 -0.03944293 0.82352941 0.46666667 0.18823529
v 0.13187347 -0.02893693 -0.03883067 0.82352941 0.46666667 0.18823529
v 0.13160005 -0.02933341 -0.03863183 0.82352941 0.46666667 0.18823529
v 0.13160005 -0.02931380 -0.03827575 0.82352941 0.46666667 0.18823529
v 0.13330004 -0.08089571 -0.02175329 0.82352941 0.46666667 0.18823529
v 0.13280001 -0.08048116 -0.02147368 0.82352941 0.46666667 0.18823529
v 0.13330004 -0.08097540 -0.02161143 0.82352941 0.46666667 0.18823529
v 0.13330004 -0.08103107 -0.02145848 0.82352941 0.46666667 0.18823529
v 0.13330004 -0.08103107 -0.01392982 0.82352941 0.46666667 0.18823529
v 0.19616623 -0.06464316 -0.06415090 0.82352941 0.46666667 0.18823529
v 0.19838144 -0.06375254 -0.06454768 0.82352941 0.46666667 0.18823529
v 0.19807418 -0.06355004 -0.06465612 0.82352941 0.46666667 0.18823529
v 0.19876082 -0.06320386 -0.06472538 0.82352941 0.46666667 0.18823529
v 0.19907339 -0.06303386 -0.06474295 0.82352941 0.46666667 0.18823529
v 0.19936873 -0.06281100 -0.06475464 0.82352941 0.46666667 0.18823529
v 0.19830544 -0.06341748 -0.06469026 0.82352941 0.46666667 0.18823529
v 0.19873400 -0.06317471 -0.06473348 0.82352941 0.46666667 0.18823529
v 0.19808383 -0.06354569 -0.06465724 0.82352941 0.46666667 0.18823529
v 0.19812824 -0.06352012 -0.06466439 0.82352941 0.46666667 0.18823529
v 0.19813813 -0.06354570 -0.06465436 0.82352941 0.46666667 0.18823529
v 0.19994901 -0.06290086 -0.06469959 0.82352941 0.46666667 0.18823529
v 0.19267227 -0.03139543 -0.06450006 0.82352941 0.46666667 0.18823529
v 0.19533928 -0.03308653 -0.06455556 0.82352941 0.46666667 0.18823529
v 0.19659694 -0.03384715 -0.06455848 0.82352941 0.46666667 0.18823529
v 0.19451635 -0.03230631 -0.06448364 0.82352941 0.46666667 0.18823529
v 0.19766437 -0.03450912 -0.06455493 0.82352941 0.46666667 0.18823529
v 0.19539060 -0.03301584 -0.06453369 0.82352941 0.46666667 0.18823529
v 0.19412757 -0.03226590 -0.06452797 0.82352941 0.46666667 0.18823529
v 0.19682452 -0.06410543 0.02911331 0.82352941 0.46666667 0.18823529
v 0.19688554 -0.06395440 0.02917548 0.82352941 0.46666667 0.18823529
v 0.20028359 -0.06289855 0.02927288 0.82352941 0.46666667 0.18823529
v 0.19748260 -0.06375973 0.02921875 0.82352941 0.46666667 0.18823529
v 0.19808371 -0.06354569 0.02926894 0.82352941 0.46666667 0.18823529
v 0.19940062 -0.06279318 0.02936604 0.82352941 0.46666667 0.18823529
v 0.19888365 -0.06334413 0.02928613 0.82352941 0.46666667 0.18823529
v 0.19812649 -0.06357270 0.02925609 0.82352941 0.46666667 0.18823529
v 0.19866736 -0.06321202 0.02934011 0.82352941 0.46666667 0.18823529
v 0.19905879 -0.06299178 0.02936210 0.82352941 0.46666667 0.18823529
v 0.19978404 -0.06344565 0.02902890 0.82352941 0.46666667 0.18823529
v 0.19668776 -0.06431842 0.02900986 0.82352941 0.46666667 0.18823529
v 0.19288728 -0.03131958 0.02908605 0.82352941 0.46666667 0.18823529
v 0.19299136 -0.03090372 0.02894063 0.82352941 0.46666667 0.18823529
v 0.19273497 -0.03151504 0.02913182 0.82352941 0.46666667 0.18823529
v 0.19412757 -0.03226596 0.02913966 0.82352941 0.46666667 0.18823529
v 0.19350816 -0.03187584 0.02912947 0.82352941 0.46666667 0.18823529
v 0.19261420 -0.06363326 0.02949887 0.82352941 0.46666667 0.18823529
v 0.19263007 -0.06363492 0.02949758 0.82352941 0.46666667 0.18823529
v 0.19328763 -0.06378429 0.02941086 0.82352941 0.46666667 0.18823529
v 0.19293322 -0.06390571 0.02937495 0.82352941 0.46666667 0.18823529
v 0.19273975 -0.06378758 0.02943462 0.82352941 0.46666667 0.18823529
v 0.19690536 -0.06399291 0.02915951 0.82352941 0.46666667 0.18823529
v 0.19523402 -0.06464563 0.02879347 0.82352941 0.46666667 0.18823529
v 0.19431521 -0.06446491 0.02898183 0.82352941 0.46666667 0.18823529
v 0.19345541 -0.06424169 0.02916922 0.82352941 0.46666667 0.18823529
v 0.19335593 -0.06407935 0.02927337 0.82352941 0.46666667 0.18823529
v 0.19281311 -0.06396554 0.02934768 0.82352941 0.46666667 0.18823529
v 0.19409968 -0.06399757 0.02928713 0.82352941 0.46666667 0.18823529
v 0.19257279 -0.06363337 0.02950003 0.82352941 0.46666667 0.18823529
v 0.19257644 -0.06364672 0.02949525 0.82352941 0.46666667 0.18823529
v 0.19259472 -0.06373690 0.02945902 0.82352941 0.46666667 0.18823529
v 0.19259997 -0.06256844 0.02968540 0.82352941 0.46666667 0.18823529
v 0.19257285 -0.06318383 0.02962526 0.82352941 0.46666667 0.18823529
v 0.19262989 -0.06304543 0.02964660 0.82352941 0.46666667 0.18823529
v 0.19257285 -0.06304573 0.02964832 0.82352941 0.46666667 0.18823529
v 0.19262989 -0.06284057 0.02966823 0.82352941 0.46666667 0.18823529
v 0.19257291 -0.06284057 0.02966996 0.82352941 0.46666667 0.18823529
v 0.19257291 -0.06257580 0.02968558 0.82352941 0.46666667 0.18823529
v 0.19262995 -0.06343721 0.02956261 0.82352941 0.46666667 0.18823529
v 0.19262995 -0.06324230 0.02961167 0.82352941 0.46666667 0.18823529
v 0.19572671 -0.06478625 0.02862638 0.82352941 0.46666667 0.18823529
v 0.19609617 -0.06469508 0.02870972 0.82352941 0.46666667 0.18823529
v 0.19652973 -0.06451784 0.02885941 0.82352941 0.46666667 0.18823529
v 0.19560732 -0.06475495 0.02866574 0.82352941 0.46666667 0.18823529
v 0.19558555 -0.06503278 0.02827677 0.82352941 0.46666667 0.18823529
v 0.19537972 -0.06525963 0.02780107 0.82352941 0.46666667 0.18823529
v 0.19538458 -0.06498025 0.02837445 0.82352941 0.46666667 0.18823529
v 0.19520779 -0.06515513 0.02807649 0.82352941 0.46666667 0.18823529
v 0.19525459 -0.06518764 0.02800624 0.82352941 0.46666667 0.18823529
v 0.19606018 -0.06502112 0.02822361 0.82352941 0.46666667 0.18823529
v 0.19261242 -0.03148496 0.02912845 0.82352941 0.46666667 0.18823529
v 0.19265325 -0.03141969 0.02911665 0.82352941 0.46666667 0.18823529
v 0.19519992 -0.06526123 0.02782973 0.82352941 0.46666667 0.18823529
v 0.19514842 -0.06521653 0.02794649 0.82352941 0.46666667 0.18823529
v 0.19510432 -0.06526081 0.02783992 0.82352941 0.46666667 0.18823529
v 0.19508894 -0.06535159 0.02755608 0.82352941 0.46666667 0.18823529
v 0.19215323 -0.02982032 0.02818175 0.82352941 0.46666667 0.18823529
v 0.19219394 -0.02993762 0.02831407 0.82352941 0.46666667 0.18823529
v 0.19223525 -0.03005761 0.02843322 0.82352941 0.46666667 0.18823529
v 0.19226344 -0.03014028 0.02850713 0.82352941 0.46666667 0.18823529
v 0.19230033 -0.03024923 0.02859594 0.82352941 0.46666667 0.18823529
v 0.19234957 -0.03039628 0.02870192 0.82352941 0.46666667 0.18823529
v 0.19261371 -0.02980736 0.02818732 0.82352941 0.46666667 0.18823529
v 0.19253094 -0.03095114 0.02898761 0.82352941 0.46666667 0.18823529
v 0.19260217 -0.03117370 0.02906021 0.82352941 0.46666667 0.18823529
v 0.19239230 -0.03052532 0.02878346 0.82352941 0.46666667 0.18823529
v 0.19248968 -0.03057186 0.02880782 0.82352941 0.46666667 0.18823529
v 0.19244178 -0.03067624 0.02886649 0.82352941 0.46666667 0.18823529
v 0.19213511 -0.02953207 0.02775403 0.82352941 0.46666667 0.18823529
v 0.19206621 -0.02957385 0.02783277 0.82352941 0.46666667 0.18823529
v 0.19211860 -0.02972149 0.02805533 0.82352941 0.46666667 0.18823529
v 0.19199826 -0.02938580 0.02745487 0.82352941 0.46666667 0.18823529
v 0.19195993 -0.02928155 0.02714839 0.82352941 0.46666667 0.18823529
v 0.19195153 -0.02925878 0.02706023 0.82352941 0.46666667 0.18823529
v 0.19214506 -0.02925625 0.02700595 0.82352941 0.46666667 0.18823529
v 0.19193204 -0.02920633 0.02678164 0.82352941 0.46666667 0.18823529
v 0.19244541 -0.02931022 0.02696826 0.82352941 0.46666667 0.18823529
v 0.19263554 -0.03163901 -0.06453637 0.82352941 0.46666667 0.18823529
v 0.19260217 -0.03150612 -0.06452022 0.82352941 0.46666667 0.18823529
v 0.19282909 -0.03146347 -0.06450766 0.82352941 0.46666667 0.18823529
v 0.19257279 -0.06344013 -0.06495187 0.82352941 0.46666667 0.18823529
v 0.19262995 -0.06343965 -0.06495021 0.82352941 0.46666667 0.18823529
v 0.19262995 -0.06363247 -0.06488679 0.82352941 0.46666667 0.18823529
v 0.19257279 -0.06324016 -0.06500217 0.82352941 0.46666667 0.18823529
v 0.19262995 -0.06323980 -0.06500050 0.82352941 0.46666667 0.18823529
v 0.19257279 -0.06318610 -0.06501321 0.82352941 0.46666667 0.18823529
v 0.19262989 -0.06303923 -0.06503580 0.82352941 0.46666667 0.18823529
v 0.19257279 -0.06303947 -0.06503753 0.82352941 0.46666667 0.18823529
v 0.19257285 -0.06275694 -0.06506334 0.82352941 0.46666667 0.18823529
v 0.19259493 -0.06272949 -0.06506513 0.82352941 0.46666667 0.18823529
v 0.19666097 -0.03982160 -0.06520695 0.82352941 0.46666667 0.18823529
v 0.19262971 -0.04560082 -0.06554052 0.82352941 0.46666667 0.18823529
v 0.19286081 -0.03118639 -0.06444100 0.82352941 0.46666667 0.18823529
v 0.19264337 -0.03005018 -0.06377410 0.82352941 0.46666667 0.18823529
v 0.19263285 -0.02964129 -0.06325933 0.82352941 0.46666667 0.18823529
v 0.19196035 -0.02928155 -0.06253669 0.82352941 0.46666667 0.18823529
v 0.19193514 -0.02921408 -0.06222400 0.82352941 0.46666667 0.18823529
v 0.19200392 -0.02939999 -0.06287745 0.82352941 0.46666667 0.18823529
v 0.19237356 -0.02952652 -0.06309839 0.82352941 0.46666667 0.18823529
v 0.19197382 -0.02931779 -0.06265704 0.82352941 0.46666667 0.18823529
v 0.19220062 -0.02970147 -0.06341037 0.82352941 0.46666667 0.18823529
v 0.19211914 -0.02972281 -0.06344506 0.82352941 0.46666667 0.18823529
v 0.19219424 -0.02993792 -0.06370226 0.82352941 0.46666667 0.18823529
v 0.19227029 -0.03016007 -0.06391212 0.82352941 0.46666667 0.18823529
v 0.19234098 -0.03037095 -0.06407306 0.82352941 0.46666667 0.18823529
v 0.19243194 -0.03064590 -0.06423911 0.82352941 0.46666667 0.18823529
v 0.19258012 -0.03110581 -0.06442861 0.82352941 0.46666667 0.18823529
v 0.19251628 -0.03090638 -0.06435868 0.82352941 0.46666667 0.18823529
v 0.19244231 -0.03067714 -0.06425527 0.82352941 0.46666667 0.18823529
v 0.19244553 -0.02931022 -0.06235668 0.82352941 0.46666667 0.18823529
v 0.19244692 -0.02979425 -0.06351393 0.82352941 0.46666667 0.18823529
v 0.19215414 -0.02928092 -0.06252288 0.82352941 0.46666667 0.18823529
v 0.19205888 -0.02955335 -0.06318615 0.82352941 0.46666667 0.18823529
v 0.19384588 -0.03196370 -0.06450012 0.82352941 0.46666667 0.18823529
v 0.19297642 -0.03083366 -0.06429192 0.82352941 0.46666667 0.18823529
v 0.19283432 -0.03041437 -0.06405867 0.82352941 0.46666667 0.18823529
v 0.19613945 -0.06449169 -0.06429738 0.82352941 0.46666667 0.18823529
v 0.19415487 -0.06442963 -0.06440309 0.82352941 0.46666667 0.18823529
v 0.19514705 -0.06463067 -0.06419895 0.82352941 0.46666667 0.18823529
v 0.19263007 -0.06363492 -0.06488588 0.82352941 0.46666667 0.18823529
v 0.19259617 -0.06363807 -0.06488620 0.82352941 0.46666667 0.18823529
v 0.19747834 -0.06413108 -0.06444266 0.82352941 0.46666667 0.18823529
v 0.19672275 -0.06400452 -0.06455313 0.82352941 0.46666667 0.18823529
v 0.19289741 -0.06383197 -0.06479875 0.82352941 0.46666667 0.18823529
v 0.19269244 -0.06374457 -0.06484168 0.82352941 0.46666667 0.18823529
v 0.19261177 -0.06377123 -0.06483249 0.82352941 0.46666667 0.18823529
v 0.19271220 -0.06389032 -0.06477597 0.82352941 0.46666667 0.18823529
v 0.19281013 -0.06396388 -0.06473693 0.82352941 0.46666667 0.18823529
v 0.19359280 -0.06428371 -0.06452557 0.82352941 0.46666667 0.18823529
v 0.19345233 -0.06410968 -0.06464159 0.82352941 0.46666667 0.18823529
v 0.19441691 -0.06433339 -0.06447026 0.82352941 0.46666667 0.18823529
v 0.19538046 -0.06498431 -0.06375673 0.82352941 0.46666667 0.18823529
v 0.19548573 -0.06488006 -0.06390212 0.82352941 0.46666667 0.18823529
v 0.19553237 -0.06494643 -0.06380694 0.82352941 0.46666667 0.18823529
v 0.19609976 -0.06494717 -0.06373083 0.82352941 0.46666667 0.18823529
v 0.19518752 -0.06517623 -0.06342199 0.82352941 0.46666667 0.18823529
v 0.19581626 -0.06536522 -0.06270582 0.82352941 0.46666667 0.18823529
v 0.21385480 -0.06173272 -0.05888174 0.82352941 0.46666667 0.18823529
v 0.19542198 -0.06521754 -0.06330308 0.82352941 0.46666667 0.18823529
v 0.19514389 -0.06530778 -0.06308886 0.82352941 0.46666667 0.18823529
v 0.19521125 -0.06532680 -0.06300727 0.82352941 0.46666667 0.18823529
v 0.19507916 -0.06528466 -0.06316487 0.82352941 0.46666667 0.18823529
v 0.17513146 -0.06560824 -0.06323635 0.82352941 0.46666667 0.18823529
v 0.17513473 -0.06551676 -0.06347124 0.82352941 0.46666667 0.18823529
v 0.17499427 -0.06408756 -0.06499313 0.82352941 0.46666667 0.18823529
v 0.17501730 -0.06457141 -0.06469613 0.82352941 0.46666667 0.18823529
v 0.17507423 -0.06525727 -0.06397736 0.82352941 0.46666667 0.18823529
v 0.17513701 -0.06537406 -0.06375691 0.82352941 0.46666667 0.18823529
v 0.17514279 -0.06373219 -0.06515595 0.82352941 0.46666667 0.18823529
v 0.17513886 -0.06520496 -0.06402346 0.82352941 0.46666667 0.18823529
v 0.17514041 -0.06500976 -0.06427267 0.82352941 0.46666667 0.18823529
v 0.17514160 -0.06479018 -0.06450102 0.82352941 0.46666667 0.18823529
v 0.17514250 -0.06454901 -0.06470528 0.82352941 0.46666667 0.18823529
v 0.17514303 -0.06401233 -0.06503639 0.82352941 0.46666667 0.18823529
v 0.17514303 -0.06402426 -0.06503054 0.82352941 0.46666667 0.18823529
v 0.17514297 -0.06428920 -0.06488404 0.82352941 0.46666667 0.18823529
v 0.17514172 -0.06328605 -0.06528434 0.82352941 0.46666667 0.18823529
v 0.17513981 -0.06283276 -0.06534550 0.82352941 0.46666667 0.18823529
v 0.16932224 -0.05968009 -0.06556489 0.82352941 0.46666667 0.18823529
v 0.17513908 -0.06254493 -0.06536236 0.82352941 0.46666667 0.18823529
v 0.17498517 -0.03089319 -0.06467709 0.82352941 0.46666667 0.18823529
v 0.17514732 -0.03160750 -0.06481948 0.82352941 0.46666667 0.18823529
v 0.17502996 -0.02958567 -0.06372555 0.82352941 0.46666667 0.18823529
v 0.17512704 -0.02925932 -0.06323317 0.82352941 0.46666667 0.18823529
v 0.17512871 -0.02933365 -0.06336532 0.82352941 0.46666667 0.18823529
v 0.17503774 -0.02996393 -0.06411404 0.82352941 0.46666667 0.18823529
v 0.17513946 -0.03007930 -0.06420866 0.82352941 0.46666667 0.18823529
v 0.17514142 -0.03029310 -0.06436011 0.82352941 0.46666667 0.18823529
v 0.17514333 -0.03054761 -0.06450699 0.82352941 0.46666667 0.18823529
v 0.17514405 -0.03066682 -0.06456473 0.82352941 0.46666667 0.18823529
v 0.17514476 -0.03079038 -0.06461790 0.82352941 0.46666667 0.18823529
v 0.17514619 -0.03112799 -0.06473146 0.82352941 0.46666667 0.18823529
v 0.17514677 -0.03132885 -0.06477831 0.82352941 0.46666667 0.18823529
v 0.17502873 -0.03020005 -0.06429475 0.82352941 0.46666667 0.18823529
v 0.17506443 -0.02894129 -0.06229866 0.82352941 0.46666667 0.18823529
v 0.17511550 -0.02894920 -0.06233796 0.82352941 0.46666667 0.18823529
v 0.17512108 -0.02905988 -0.06276868 0.82352941 0.46666667 0.18823529
v 0.17512235 -0.02909481 -0.06286725 0.82352941 0.46666667 0.18823529
v 0.17513163 -0.02948528 -0.06359550 0.82352941 0.46666667 0.18823529
v 0.17513445 -0.02965873 -0.06381276 0.82352941 0.46666667 0.18823529
v 0.17513707 -0.02985560 -0.06401709 0.82352941 0.46666667 0.18823529
v 0.17513362 -0.06557064 0.02795156 0.82352941 0.46666667 0.18823529
v 0.17513588 -0.06545113 0.02822336 0.82352941 0.46666667 0.18823529
v 0.17235380 -0.06440569 0.02924882 0.82352941 0.46666667 0.18823529
v 0.17514303 -0.06399606 0.02965595 0.82352941 0.46666667 0.18823529
v 0.17514279 -0.06373219 0.02976765 0.82352941 0.46666667 0.18823529
v 0.17514297 -0.06425844 0.02951445 0.82352941 0.46666667 0.18823529
v 0.17514262 -0.06450395 0.02935084 0.82352941 0.46666667 0.18823529
v 0.17514190 -0.06473313 0.02916493 0.82352941 0.46666667 0.18823529
v 0.17514081 -0.06494604 0.02895536 0.82352941 0.46666667 0.18823529
v 0.17513946 -0.06513785 0.02872672 0.82352941 0.46666667 0.18823529
v 0.17513777 -0.06530576 0.02848341 0.82352941 0.46666667 0.18823529
v 0.17514172 -0.06328611 0.02989604 0.82352941 0.46666667 0.18823529
v 0.17514250 -0.06360142 0.02981277 0.82352941 0.46666667 0.18823529
v 0.17513981 -0.06283264 0.02995720 0.82352941 0.46666667 0.18823529
v 0.17513981 -0.06283014 0.02995737 0.82352941 0.46666667 0.18823529
v 0.17505392 -0.06282984 0.02995511 0.82352941 0.46666667 0.18823529
v 0.16866042 -0.06299400 0.02926096 0.82352941 0.46666667 0.18823529
v 0.17505907 -0.06145535 0.03003439 0.82352941 0.46666667 0.18823529
v 0.17513902 -0.06252353 0.02997526 0.82352941 0.46666667 0.18823529
v 0.17506707 -0.06256682 0.02997160 0.82352941 0.46666667 0.18823529
v 0.17500354 -0.06284653 0.02994964 0.82352941 0.46666667 0.18823529
v 0.17514732 -0.03160756 0.02943118 0.82352941 0.46666667 0.18823529
v 0.17512748 -0.02927684 0.02787741 0.82352941 0.46666667 0.18823529
v 0.17512561 -0.02920329 0.02773400 0.82352941 0.46666667 0.18823529
v 0.17506698 -0.02909850 0.02748724 0.82352941 0.46666667 0.18823529
v 0.17500429 -0.03009663 0.02882711 0.82352941 0.46666667 0.18823529
v 0.17513934 -0.03006488 0.02880915 0.82352941 0.46666667 0.18823529
v 0.17513946 -0.03007561 0.02881755 0.82352941 0.46666667 0.18823529
v 0.17502579 -0.03074323 0.02922504 0.82352941 0.46666667 0.18823529
v 0.17514142 -0.03029453 0.02897271 0.82352941 0.46666667 0.18823529
v 0.17514321 -0.03053504 0.02911218 0.82352941 0.46666667 0.18823529
v 0.17514446 -0.03073656 0.02920725 0.82352941 0.46666667 0.18823529
v 0.17514589 -0.03105640 0.02932276 0.82352941 0.46666667 0.18823529
v 0.17514643 -0.03120499 0.02936282 0.82352941 0.46666667 0.18823529
v 0.17504425 -0.03132987 0.02938654 0.82352941 0.46666667 0.18823529
v 0.17513290 -0.02955710 0.02830209 0.82352941 0.46666667 0.18823529
v 0.17506155 -0.02966058 0.02842428 0.82352941 0.46666667 0.18823529
v 0.17513701 -0.02985292 0.02862622 0.82352941 0.46666667 0.18823529
v 0.17513753 -0.02989745 0.02866759 0.82352941 0.46666667 0.18823529
v 0.17511488 -0.02894294 0.02691438 0.82352941 0.46666667 0.18823529
v 0.17512146 -0.02906960 0.02740886 0.82352941 0.46666667 0.18823529
v 0.17511889 -0.02900981 0.02721651 0.82352941 0.46666667 0.18823529
v 0.17449401 -0.02895474 0.02697107 0.82352941 0.46666667 0.18823529
v 0.17506684 -0.02893710 0.02687540 0.82352941 0.46666667 0.18823529
v 0.17448841 -0.02993899 0.02865218 0.82352941 0.46666667 0.18823529
v 0.17513163 -0.02948528 0.02820714 0.82352941 0.46666667 0.18823529
v 0.15706012 -0.03014355 0.02163943 0.82352941 0.46666667 0.18823529
v 0.15697965 -0.03036201 0.02175852 0.82352941 0.46666667 0.18823529
v 0.17337185 -0.02946148 0.02794843 0.82352941 0.46666667 0.18823529
v 0.17337720 -0.03406185 0.02958703 0.82352941 0.46666667 0.18823529
v 0.16239902 -0.03147955 0.02543957 0.82352941 0.46666667 0.18823529
v 0.15960869 -0.03129690 0.02384194 0.82352941 0.46666667 0.18823529
v 0.15963478 -0.03108406 0.02379712 0.82352941 0.46666667 0.18823529
v 0.15816195 -0.02893620 0.02000781 0.82352941 0.46666667 0.18823529
v 0.16386144 -0.02881119 0.02305460 0.82352941 0.46666667 0.18823529
v 0.15736702 -0.02956521 0.02118494 0.82352941 0.46666667 0.18823529
v 0.16781530 -0.02966212 0.02699684 0.82352941 0.46666667 0.18823529
v 0.15725467 -0.02974242 0.02135130 0.82352941 0.46666667 0.18823529
v 0.15967378 -0.03084755 0.02373000 0.82352941 0.46666667 0.18823529
v 0.16013093 -0.03053411 0.02385201 0.82352941 0.46666667 0.18823529
v 0.16161437 -0.02955433 0.02394485 0.82352941 0.46666667 0.18823529
v 0.15715203 -0.02993607 0.02150329 0.82352941 0.46666667 0.18823529
v 0.15788487 -0.02905738 0.02041813 0.82352941 0.46666667 0.18823529
v 0.15774831 -0.02915161 0.02062031 0.82352941 0.46666667 0.18823529
v 0.15761539 -0.02926826 0.02081712 0.82352941 0.46666667 0.18823529
v 0.15748772 -0.02940654 0.02100619 0.82352941 0.46666667 0.18823529
v 0.15748772 -0.02940660 -0.05639455 0.82352941 0.46666667 0.18823529
v 0.15736696 -0.02956527 -0.05657330 0.82352941 0.46666667 0.18823529
v 0.15960869 -0.03129690 -0.05923024 0.82352941 0.46666667 0.18823529
v 0.15942079 -0.02907656 -0.05727950 0.82352941 0.46666667 0.18823529
v 0.17402026 -0.02925484 -0.06313952 0.82352941 0.46666667 0.18823529
v 0.16930641 -0.02950591 -0.06254264 0.82352941 0.46666667 0.18823529
v 0.16800985 -0.02817898 -0.05635027 0.82352941 0.46666667 0.18823529
v 0.15761533 -0.02926832 -0.05620554 0.82352941 0.46666667 0.18823529
v 0.15774825 -0.02915167 -0.05600867 0.82352941 0.46666667 0.18823529
v 0.15788481 -0.02905744 -0.05580655 0.82352941 0.46666667 0.18823529
v 0.15967378 -0.03084760 -0.05911836 0.82352941 0.46666667 0.18823529
v 0.16037789 -0.03088085 -0.05954590 0.82352941 0.46666667 0.18823529
v 0.16008915 -0.03054390 -0.05922031 0.82352941 0.46666667 0.18823529
v 0.16702200 -0.03083843 -0.06298875 0.82352941 0.46666667 0.18823529
v 0.15706006 -0.03014361 -0.05702773 0.82352941 0.46666667 0.18823529
v 0.15697965 -0.03036207 -0.05714688 0.82352941 0.46666667 0.18823529
v 0.15725467 -0.02974248 -0.05673960 0.82352941 0.46666667 0.18823529
v 0.15715203 -0.02993613 -0.05689159 0.82352941 0.46666667 0.18823529
v 0.13160005 -0.02890002 -0.01421449 0.82352941 0.46666667 0.18823529
v 0.13160011 -0.02890002 -0.02117387 0.82352941 0.46666667 0.18823529
v 0.15797016 -0.06330131 0.02312150 0.82352941 0.46666667 0.18823529
v 0.15797016 -0.06307189 0.02333303 0.82352941 0.46666667 0.18823529
v 0.17128725 -0.06510989 -0.06300393 0.82352941 0.46666667 0.18823529
v 0.17313744 -0.06272465 -0.06523608 0.82352941 0.46666667 0.18823529
v 0.16153003 -0.03829545 0.02645922 0.82352941 0.46666667 0.18823529
v 0.15797016 -0.06282257 0.02352335 0.82352941 0.46666667 0.18823529
v 0.15797016 -0.06255673 0.02369048 0.82352941 0.46666667 0.18823529
v 0.15797016 -0.06227808 0.02383234 0.82352941 0.46666667 0.18823529
v 0.16094455 -0.06365530 0.02472611 0.82352941 0.46666667 0.18823529
v 0.16130526 -0.06266673 0.02573211 0.82352941 0.46666667 0.18823529
v 0.16093247 -0.06316082 -0.06054942 0.82352941 0.46666667 0.18823529
v 0.15801573 -0.06294605 -0.05885599 0.82352941 0.46666667 0.18823529
v 0.15797016 -0.06330131 -0.05850980 0.82352941 0.46666667 0.18823529
v 0.16094455 -0.06365530 -0.06011441 0.82352941 0.46666667 0.18823529
v 0.16729523 -0.06371298 -0.06340376 0.82352941 0.46666667 0.18823529
v 0.13160005 -0.02891182 -0.02132682 0.82352941 0.46666667 0.18823529
v 0.20184769 -0.03575003 0.02855583 0.82352941 0.46666667 0.18823529
v 0.20651008 -0.03575003 -0.06229380 0.82352941 0.46666667 0.18823529
v 0.21461585 -0.03576298 -0.05819985 0.82352941 0.46666667 0.18823529
v 0.24827033 -0.04901802 -0.01403010 0.82352941 0.46666667 0.18823529
v 0.21069996 -0.03570914 0.02508467 0.82352941 0.46666667 0.18823529
v 0.19973327 -0.06874995 0.01104023 0.82352941 0.46666667 0.18823529
v 0.20966615 -0.06874995 0.00457468 0.82352941 0.46666667 0.18823529
v 0.21104862 -0.06874995 -0.03853545 0.82352941 0.46666667 0.18823529
v 0.22790331 -0.06290692 -0.04570266 0.82352941 0.46666667 0.18823529
v 0.22134396 -0.06270245 0.01768773 0.82352941 0.46666667 0.18823529
v 0.20357206 -0.02745018 -0.04014017 0.82352941 0.46666667 0.18823529
v 0.19850893 -0.02745002 -0.04282364 0.82352941 0.46666667 0.18823529
v 0.18069197 -0.02745266 0.00871539 0.82352941 0.46666667 0.18823529
v 0.20967920 -0.02745002 -0.00113587 0.82352941 0.46666667 0.18823529
v 0.20733328 -0.02745002 0.00153913 0.82352941 0.46666667 0.18823529
v 0.19087844 -0.02744905 0.00975690 0.82352941 0.46666667 0.18823529
v 0.19850893 -0.02745002 0.00743534 0.82352941 0.46666667 0.18823529
v 0.20357206 -0.02745018 0.00475186 0.82352941 0.46666667 0.18823529
v 0.21417376 -0.02744969 -0.02637593 0.82352941 0.46666667 0.18823529
v 0.20967920 -0.02745002 -0.03425243 0.82352941 0.46666667 0.18823529
v 0.20733328 -0.02745002 -0.03692744 0.82352941 0.46666667 0.18823529
v 0.13372618 -0.02819732 -0.01922384 0.82352941 0.46666667 0.18823529
v 0.16178107 -0.06505008 -0.05813390 0.36862745 0.38823529 0.40000000
v 0.16465464 -0.06505008 -0.05986482 0.36862745 0.38823529 0.40000000
v 0.17425309 -0.06505017 -0.06427127 0.36862745 0.38823529 0.40000000
v 0.14673057 -0.06505008 0.00713774 0.36862745 0.38823529 0.40000000
v 0.14474757 -0.06505008 0.00348668 0.36862745 0.38823529 0.40000000
v 0.14308621 -0.06505008 -0.00032141 0.36862745 0.38823529 0.40000000
v 0.14233485 -0.06505008 -0.03297827 0.36862745 0.38823529 0.40000000
v 0.14351127 -0.06505008 -0.03613063 0.36862745 0.38823529 0.40000000
v 0.20015751 -0.06505008 -0.06441326 0.36862745 0.38823529 0.40000000
v 0.20288326 -0.06505008 -0.06362353 0.36862745 0.38823529 0.40000000
v 0.21731566 -0.07855005 -0.05451051 0.36862745 0.38823529 0.40000000
v 0.18666275 -0.06505008 -0.06667297 0.36862745 0.38823529 0.40000000
v 0.18387067 -0.06505008 -0.06651115 0.36862745 0.38823529 0.40000000
v 0.18107760 -0.06505008 -0.06613637 0.36862745 0.38823529 0.40000000
v 0.16164559 -0.06505008 -0.05802798 0.36862745 0.38823529 0.40000000
v 0.16153014 -0.06505008 -0.05790053 0.36862745 0.38823529 0.40000000
v 0.19503951 -0.06505008 -0.06573413 0.36862745 0.38823529 0.40000000
v 0.21345691 -0.06504866 -0.05761405 0.36862745 0.38823529 0.40000000
v 0.20564681 -0.06505008 -0.06250028 0.36862745 0.38823529 0.40000000
v 0.18948032 -0.06505008 -0.06662328 0.36862745 0.38823529 0.40000000
v 0.19228084 -0.06505008 -0.06630930 0.36862745 0.38823529 0.40000000
v 0.23707882 -0.06505008 -0.01913140 0.36862745 0.38823529 0.40000000
v 0.18237299 -0.06547247 0.03420591 0.36862745 0.38823529 0.40000000
v 0.14029303 -0.06505008 -0.00792623 0.36862745 0.38823529 0.40000000
v 0.14118308 -0.06505008 -0.00525242 0.36862745 0.38823529 0.40000000
v 0.14845234 -0.06505008 0.00957382 0.36862745 0.38823529 0.40000000
v 0.15051721 -0.06505008 0.01172671 0.36862745 0.38823529 0.40000000
v 0.14368916 -0.06505008 -0.03641404 0.36862745 0.38823529 0.40000000
v 0.14358827 -0.06505008 -0.03627982 0.36862745 0.38823529 0.40000000
v 0.14051121 -0.06505009 -0.02659102 0.36862745 0.38823529 0.40000000
v 0.13948485 -0.06505008 -0.02187500 0.36862745 0.38823529 0.40000000
v 0.13917087 -0.06505008 -0.01907447 0.36862745 0.38823529 0.40000000
v 0.13912117 -0.06505008 -0.01625690 0.36862745 0.38823529 0.40000000
v 0.13928300 -0.06505008 -0.01346482 0.36862745 0.38823529 0.40000000
v 0.13965778 -0.06505008 -0.01067175 0.36862745 0.38823529 0.40000000
v 0.16898105 -0.10538699 0.02666097 0.36862745 0.38823529 0.40000000
v 0.24135248 -0.08750419 -0.02097117 0.36862745 0.38823529 0.40000000
v 0.23332396 -0.12656640 -0.01903063 0.36862745 0.38823529 0.40000000
v 0.21684085 -0.10772820 -0.05391217 0.36862745 0.38823529 0.40000000
v 0.22376733 -0.10767306 -0.04842579 0.36862745 0.38823529 0.40000000
v 0.22637139 -0.10767539 -0.04635910 0.36862745 0.38823529 0.40000000
v 0.22635967 -0.10778285 -0.04634786 0.36862745 0.38823529 0.40000000
v 0.22633976 -0.10789926 -0.04632903 0.36862745 0.38823529 0.40000000
v 0.21683638 -0.10777063 -0.05390653 0.36862745 0.38823529 0.40000000
v 0.22631252 -0.10801567 -0.04630303 0.36862745 0.38823529 0.40000000
v 0.20906770 -0.12340730 -0.04872888 0.36862745 0.38823529 0.40000000
v 0.22795187 -0.10807039 -0.04485197 0.36862745 0.38823529 0.40000000
v 0.02068559 -0.10902931 -0.15982185 0.36862745 0.38823529 0.40000000
v 0.02052800 -0.10942043 -0.16071300 0.36862745 0.38823529 0.40000000
v 0.00646636 -0.11333162 -0.14085373 0.36862745 0.38823529 0.40000000
v 0.02550438 -0.11518592 -0.16452767 0.36862745 0.38823529 0.40000000
v 0.02815228 -0.11656786 -0.16341342 0.36862745 0.38823529 0.40000000
v 0.01839899 -0.10861851 -0.15840736 0.36862745 0.38823529 0.40000000
v 0.01620023 -0.10848923 -0.15674420 0.36862745 0.38823529 0.40000000
v 0.01639527 -0.10821463 -0.15562353 0.36862745 0.38823529 0.40000000
v 0.01444922 -0.10841979 -0.15421507 0.36862745 0.38823529 0.40000000
v 0.01609349 -0.10818650 -0.15511020 0.36862745 0.38823529 0.40000000
v 0.01823803 -0.10896553 -0.15938115 0.36862745 0.38823529 0.40000000
v 0.02035358 -0.10986013 -0.16152231 0.36862745 0.38823529 0.40000000
v 0.02273061 -0.11042537 -0.16210595 0.36862745 0.38823529 0.40000000
v 0.02564562 -0.11276169 -0.16342719 0.36862745 0.38823529 0.40000000
v 0.02384995 -0.11093952 -0.16246438 0.36862745 0.38823529 0.40000000
v 0.01982554 -0.11360518 -0.16515245 0.36862745 0.38823529 0.40000000
v 0.02360045 -0.11147471 -0.16308787 0.36862745 0.38823529 0.40000000
v 0.02245466 -0.11099810 -0.16286153 0.36862745 0.38823529 0.40000000
v 0.01952667 -0.11072461 -0.16286933 0.36862745 0.38823529 0.40000000
v 0.00896740 -0.11187328 -0.15897435 0.36862745 0.38823529 0.40000000
v 0.20666905 -0.10758863 -0.06197267 0.36862745 0.38823529 0.40000000
v 0.14949246 -0.10763963 0.01069748 0.36862745 0.38823529 0.40000000
v 0.16838858 -0.10777558 0.02569450 0.36862745 0.38823529 0.40000000
v 0.16658907 -0.10800530 0.02423264 0.36862745 0.38823529 0.40000000
v 0.22448054 -0.07885404 0.02488306 0.36862745 0.38823529 0.40000000
v 0.16839942 -0.10801013 0.02566712 0.36862745 0.38823529 0.40000000
v 0.16841711 -0.10825284 0.02562250 0.36862745 0.38823529 0.40000000
v 0.15937908 -0.10809441 0.01849875 0.36862745 0.38823529 0.40000000
v 0.15936981 -0.10799195 0.01851043 0.36862745 0.38823529 0.40000000
v 0.16974013 -0.10803835 0.02668979 0.36862745 0.38823529 0.40000000
v 0.20776694 -0.10803879 -0.06099912 0.36862745 0.38823529 0.40000000
v 0.20776477 -0.10788502 -0.06106824 0.36862745 0.38823529 0.40000000
v 0.20607805 -0.10804350 -0.06221705 0.36862745 0.38823529 0.40000000
v 0.20608641 -0.10788293 -0.06227478 0.36862745 0.38823529 0.40000000
v 0.20608296 -0.10771771 -0.06231740 0.36862745 0.38823529 0.40000000
v 0.20663813 -0.10819889 -0.06177526 0.36862745 0.38823529 0.40000000
v 0.20665801 -0.10804428 -0.06184797 0.36862745 0.38823529 0.40000000
v 0.20666575 -0.10782298 -0.06192957 0.36862745 0.38823529 0.40000000
v 0.20776512 -0.10771866 -0.06111507 0.36862745 0.38823529 0.40000000
v 0.20776059 -0.10763462 -0.06113267 0.36862745 0.38823529 0.40000000
v 0.01134952 -0.11031808 -0.13670671 0.36862745 0.38823529 0.40000000
v 0.01057772 -0.11028106 -0.13921234 0.36862745 0.38823529 0.40000000
v 0.00850209 -0.11077780 -0.14426585 0.36862745 0.38823529 0.40000000
v 0.00970421 -0.10984375 -0.14725667 0.36862745 0.38823529 0.40000000
v 0.01187522 -0.10908957 -0.14316991 0.36862745 0.38823529 0.40000000
v 0.01401020 -0.11638768 -0.12053071 0.36862745 0.38823529 0.40000000
v 0.01326782 -0.11110236 -0.12894873 0.36862745 0.38823529 0.40000000
v 0.01262449 -0.11169618 -0.12856045 0.36862745 0.38823529 0.40000000
v 0.01497575 -0.10796554 -0.15131833 0.36862745 0.38823529 0.40000000
v 0.01386905 -0.10820485 -0.15069573 0.36862745 0.38823529 0.40000000
v 0.01279869 -0.10850508 -0.15002692 0.36862745 0.38823529 0.40000000
v 0.01337261 -0.10830678 -0.14722961 0.36862745 0.38823529 0.40000000
v 0.01228988 -0.10868419 -0.14655663 0.36862745 0.38823529 0.40000000
v 0.02309822 -0.12955463 -0.10913435 0.36862745 0.38823529 0.40000000
v 0.02268063 -0.11520763 -0.11052481 0.36862745 0.38823529 0.40000000
v 0.01694061 -0.11245639 -0.11937487 0.36862745 0.38823529 0.40000000
v 0.01508251 -0.11150451 -0.12413654 0.36862745 0.38823529 0.40000000
v 0.01429471 -0.11314394 -0.12244216 0.36862745 0.38823529 0.40000000
v 0.15197100 -0.10810740 0.01262241 0.36862745 0.38823529 0.40000000
v 0.15207560 -0.10865034 0.01257151 0.36862745 0.38823529 0.40000000
v 0.15022990 -0.10864027 0.01111310 0.36862745 0.38823529 0.40000000
v 0.14932817 -0.10863472 0.01037203 0.36862745 0.38823529 0.40000000
v 0.14921600 -0.10809995 0.01040065 0.36862745 0.38823529 0.40000000
v 0.14917144 -0.10782696 0.01039946 0.36862745 0.38823529 0.40000000
v 0.15011846 -0.10810263 0.01115363 0.36862745 0.38823529 0.40000000
v 0.18215875 -0.12035391 0.02782797 0.36862745 0.38823529 0.40000000
v 0.18838480 -0.13044277 0.02131366 0.36862745 0.38823529 0.40000000
v 0.21027444 -0.13946126 -0.00991768 0.36862745 0.38823529 0.40000000
v 0.03190580 -0.13368693 -0.10075722 0.36862745 0.38823529 0.40000000
v 0.02287921 -0.13545385 -0.16534166 0.36862745 0.38823529 0.40000000
v 0.05606202 -0.13042945 -0.07798082 0.36862745 0.38823529 0.40000000
v 0.07206266 -0.13118672 -0.06370939 0.36862745 0.38823529 0.40000000
v 0.14927204 -0.13392659 0.00091137 0.36862745 0.38823529 0.40000000
v 0.15032339 -0.13454390 0.00071866 0.36862745 0.38823529 0.40000000
v 0.15250504 -0.13560422 0.00008202 0.36862745 0.38823529 0.40000000
v 0.19815606 -0.13349570 -0.04800249 0.36862745 0.38823529 0.40000000
v 0.20088281 -0.13389249 -0.04562218 0.36862745 0.38823529 0.40000000
v 0.20081419 -0.13308395 -0.04659355 0.36862745 0.38823529 0.40000000
v 0.19814576 -0.13459386 -0.04650297 0.36862745 0.38823529 0.40000000
v 0.19754316 -0.13712341 -0.04081334 0.36862745 0.38823529 0.40000000
v 0.20080359 -0.13624181 -0.04113972 0.36862745 0.38823529 0.40000000
v 0.20090970 -0.13520278 -0.04345940 0.36862745 0.38823529 0.40000000
v 0.19707006 -0.13784146 -0.03839818 0.36862745 0.38823529 0.40000000
v 0.19645751 -0.13844371 -0.03594287 0.36862745 0.38823529 0.40000000
v 0.19117881 -0.14016861 -0.02369872 0.36862745 0.38823529 0.40000000
v 0.18808363 -0.14042550 -0.01909710 0.36862745 0.38823529 0.40000000
v 0.19569921 -0.13894576 -0.03346488 0.36862745 0.38823529 0.40000000
v 0.08125219 -0.13209137 -0.05595335 0.36862745 0.38823529 0.40000000
v 0.18455419 -0.14048004 -0.01476392 0.36862745 0.38823529 0.40000000
v 0.18078791 -0.14032853 -0.01063080 0.36862745 0.38823529 0.40000000
v 0.17682700 -0.13996446 -0.00671472 0.36862745 0.38823529 0.40000000
v 0.17265761 -0.13933051 -0.00308737 0.36862745 0.38823529 0.40000000
v 0.16829497 -0.13842523 0.00014214 0.36862745 0.38823529 0.40000000
v 0.14091955 -0.13168050 -0.00376509 0.36862745 0.38823529 0.40000000
v 0.14444853 -0.13249081 -0.00134488 0.36862745 0.38823529 0.40000000
v 0.14055891 -0.13125986 -0.00381729 0.36862745 0.38823529 0.40000000
v 0.14130604 -0.13208170 -0.00373597 0.36862745 0.38823529 0.40000000
v 0.14632033 -0.13389653 -0.00150515 0.36862745 0.38823529 0.40000000
v 0.14535485 -0.13322313 -0.00137662 0.36862745 0.38823529 0.40000000
v 0.15800820 -0.13651973 0.00158451 0.36862745 0.38823529 0.40000000
v 0.15140468 -0.13510108 0.00043853 0.36862745 0.38823529 0.40000000
v 0.14567284 -0.13083923 0.00071554 0.36862745 0.38823529 0.40000000
v 0.14023457 -0.13080966 -0.00389212 0.36862745 0.38823529 0.40000000
v 0.15527725 -0.13398026 0.00562293 0.36862745 0.38823529 0.40000000
v 0.14764270 -0.13192284 0.00175901 0.36862745 0.38823529 0.40000000
v 0.02880537 -0.14170110 -0.11687859 0.36862745 0.38823529 0.40000000
v 0.02621859 -0.14125097 -0.11590981 0.36862745 0.38823529 0.40000000
v 0.02845646 -0.13960399 -0.10872056 0.36862745 0.38823529 0.40000000
v 0.02902848 -0.13990968 -0.10896021 0.36862745 0.38823529 0.40000000
v 0.02629992 -0.14021957 -0.11195463 0.36862745 0.38823529 0.40000000
v 0.02790787 -0.13924772 -0.10849337 0.36862745 0.38823529 0.40000000
v 0.02739096 -0.13883525 -0.10828228 0.36862745 0.38823529 0.40000000
v 0.02250044 -0.13838650 -0.11239371 0.36862745 0.38823529 0.40000000
v 0.03790560 -0.13403995 -0.09534395 0.36862745 0.38823529 0.40000000
v 0.03775969 -0.13337208 -0.09526303 0.36862745 0.38823529 0.40000000
v 0.03283419 -0.13747317 -0.10203744 0.36862745 0.38823529 0.40000000
v 0.03243909 -0.13694352 -0.10184406 0.36862745 0.38823529 0.40000000
v 0.03210011 -0.13636304 -0.10168328 0.36862745 0.38823529 0.40000000
v 0.03182283 -0.13573994 -0.10155764 0.36862745 0.38823529 0.40000000
v 0.03810452 -0.13468874 -0.09546125 0.36862745 0.38823529 0.40000000
v 0.05634622 -0.13108456 -0.07782516 0.36862745 0.38823529 0.40000000
v 0.04403097 -0.13175523 -0.08918358 0.36862745 0.38823529 0.40000000
v 0.04412211 -0.13242830 -0.08925357 0.36862745 0.38823529 0.40000000
v 0.06164939 -0.13112344 -0.07302617 0.36862745 0.38823529 0.40000000
v 0.02444645 -0.14233178 -0.15530516 0.36862745 0.38823529 0.40000000
v 0.02418296 -0.14187253 -0.15750283 0.36862745 0.38823529 0.40000000
v 0.19373550 -0.13969207 -0.02852033 0.36862745 0.38823529 0.40000000
v 0.02815228 -0.13393211 -0.16341342 0.36862745 0.38823529 0.40000000
v 0.02576352 -0.14133716 -0.15818557 0.36862745 0.38823529 0.40000000
v 0.01967582 -0.14051633 -0.16274656 0.36862745 0.38823529 0.40000000
v 0.02681332 -0.14022559 -0.16004339 0.36862745 0.38823529 0.40000000
v 0.02690141 -0.14063102 -0.15913816 0.36862745 0.38823529 0.40000000
v 0.02767286 -0.13887250 -0.16145907 0.36862745 0.38823529 0.40000000
v 0.02777630 -0.13911331 -0.16110116 0.36862745 0.38823529 0.40000000
v 0.02786553 -0.13934797 -0.16072439 0.36862745 0.38823529 0.40000000
v 0.02480135 -0.13956709 -0.16227581 0.36862745 0.38823529 0.40000000
v 0.02932332 -0.13499500 -0.16263771 0.36862745 0.38823529 0.40000000
v 0.02876225 -0.13446917 -0.16304938 0.36862745 0.38823529 0.40000000
v 0.02839381 -0.13563485 -0.16305771 0.36862745 0.38823529 0.40000000
v 0.02886647 -0.13618100 -0.16260783 0.36862745 0.38823529 0.40000000
v 0.02666763 -0.13772589 -0.16320515 0.36862745 0.38823529 0.40000000
v 0.02928401 -0.13671477 -0.16210072 0.36862745 0.38823529 0.40000000
v 0.02908239 -0.13644923 -0.16236161 0.36862745 0.38823529 0.40000000
v 0.07589547 -0.13263929 -0.06097640 0.36862745 0.38823529 0.40000000
v 0.07584310 -0.13230105 -0.06081419 0.36862745 0.38823529 0.40000000
v 0.06460102 -0.13193738 -0.07062288 0.36862745 0.38823529 0.40000000
v 0.05880822 -0.13121332 -0.07561225 0.36862745 0.38823529 0.40000000
v 0.06455693 -0.13122064 -0.07042480 0.36862745 0.38823529 0.40000000
v 0.07579909 -0.13195306 -0.06067380 0.36862745 0.38823529 0.40000000
v 0.07991426 -0.13143505 -0.05682305 0.36862745 0.38823529 0.40000000
v 0.08592549 -0.13196863 -0.05180035 0.36862745 0.38823529 0.40000000
v 0.08600214 -0.13231523 -0.05193235 0.36862745 0.38823529 0.40000000
v 0.08609115 -0.13265038 -0.05208489 0.36862745 0.38823529 0.40000000
v 0.00545809 -0.13738772 -0.15553027 0.36862745 0.38823529 0.40000000
v 0.02117546 -0.14288755 -0.13257505 0.36862745 0.38823529 0.40000000
v 0.01775279 -0.14333758 -0.14265202 0.36862745 0.38823529 0.40000000
v 0.02400564 -0.14343500 -0.13957390 0.36862745 0.38823529 0.40000000
v 0.02219102 -0.14329034 -0.13678221 0.36862745 0.38823529 0.40000000
v 0.01396374 -0.14308093 -0.14304352 0.36862745 0.38823529 0.40000000
v 0.02580596 -0.14342636 -0.14247838 0.36862745 0.38823529 0.40000000
v 0.02325631 -0.14347251 -0.14146034 0.36862745 0.38823529 0.40000000
v 0.02506169 -0.14341815 -0.14444633 0.36862745 0.38823529 0.40000000
v 0.02559467 -0.14327037 -0.14697264 0.36862745 0.38823529 0.40000000
v 0.02320316 -0.14318645 -0.15024941 0.36862745 0.38823529 0.40000000
v 0.02193914 -0.14335331 -0.14881438 0.36862745 0.38823529 0.40000000
v 0.01252722 -0.13990936 -0.12748177 0.36862745 0.38823529 0.40000000
v 0.01642103 -0.13523971 -0.11783389 0.36862745 0.38823529 0.40000000
v 0.02276775 -0.13993341 -0.11454176 0.36862745 0.38823529 0.40000000
v 0.02426938 -0.14300346 -0.15118682 0.36862745 0.38823529 0.40000000
v 0.02545003 -0.14281607 -0.15161318 0.36862745 0.38823529 0.40000000
v 0.03726945 -0.13201573 -0.09548728 0.36862745 0.38823529 0.40000000
v 0.04385191 -0.13113576 -0.08926748 0.36862745 0.38823529 0.40000000
v 0.04716111 -0.13091254 -0.08619527 0.36862745 0.38823529 0.40000000
v 0.02188308 -0.13632569 -0.11136058 0.36862745 0.38823529 0.40000000
v 0.14858165 -0.10455008 0.00998895 0.36862745 0.38823529 0.40000000
v 0.22746217 -0.10712413 -0.04546584 0.36862745 0.38823529 0.40000000
v 0.20608048 -0.10455008 -0.06246866 0.36862745 0.38823529 0.40000000
v -0.00297454 -0.13374996 -0.13906483 0.21176471 0.22745098 0.23921569
v -0.00357499 -0.13375038 -0.13650817 0.21176471 0.22745098 0.23921569
v -0.00343895 -0.13374996 -0.13356993 0.21176471 0.22745098 0.23921569
v -0.00311809 -0.13375017 -0.13203165 0.21176471 0.22745098 0.23921569
v -0.00249778 -0.13374996 -0.13037804 0.21176471 0.22745098 0.23921569
v 0.00004277 -0.13374996 -0.12675399 0.21176471 0.22745098 0.23921569
v 0.00196619 -0.12675001 -0.12451357 0.21176471 0.22745098 0.23921569
v 0.00476705 -0.13374996 -0.12390960 0.21176471 0.22745098 0.23921569
v 0.00764310 -0.13374966 -0.12330029 0.21176471 0.22745098 0.23921569
v 0.01026476 -0.13374996 -0.12347923 0.21176471 0.22745098 0.23921569
v 0.01180942 -0.13375066 -0.12381190 0.21176471 0.22745098 0.23921569
v 0.01345082 -0.13374996 -0.12444019 0.21176471 0.22745098 0.23921569
v 0.01443829 -0.13374996 -0.12495238 0.21176471 0.22745098 0.23921569
v 0.00205913 -0.13375698 -0.15308976 0.21176471 0.22745098 0.23921569
v 0.00130638 -0.11974565 -0.15129721 0.21176471 0.22745098 0.23921569
v 0.00509683 -0.13374996 -0.15771377 0.21176471 0.22745098 0.23921569
v 0.13566241 -0.12727681 -0.27502540 0.21176471 0.22745098 0.23921569
v 0.03847930 -0.14077038 -0.17347884 0.21176471 0.22745098 0.23921569
v 0.03535346 -0.14039081 -0.17242207 0.21176471 0.22745098 0.23921569
v 0.03598925 -0.14052391 -0.17263715 0.21176471 0.22745098 0.23921569
v 0.03469287 -0.14022040 -0.17219819 0.21176471 0.22745098 0.23921569
v 0.03722551 -0.14069569 -0.17305495 0.21176471 0.22745098 0.23921569
v 0.03672149 -0.14063907 -0.17288464 0.21176471 0.22745098 0.23921569
v 0.03661004 -0.14062411 -0.17284702 0.21176471 0.22745098 0.23921569
v 0.03784534 -0.14074302 -0.17326437 0.21176471 0.22745098 0.23921569
v 0.04491775 -0.14076817 -0.17354678 0.21176471 0.22745098 0.23921569
v 0.04434375 -0.14074828 -0.17335227 0.21176471 0.22745098 0.23921569
v 0.08511283 -0.14058214 -0.17794213 0.21176471 0.22745098 0.23921569
v 0.08295244 -0.14053567 -0.17672311 0.21176471 0.22745098 0.23921569
v 0.18793106 -0.13572679 -0.24514554 0.21176471 0.22745098 0.23921569
v 0.13645016 -0.13854891 -0.20707008 0.21176471 0.22745098 0.23921569
v 0.13089964 -0.13891411 -0.20371471 0.21176471 0.22745098 0.23921569
v 0.11577114 -0.13969916 -0.19490334 0.21176471 0.22745098 0.23921569
v 0.10048553 -0.14024109 -0.18634936 0.21176471 0.22745098 0.23921569
v 0.18413331 -0.13230997 -0.24093440 0.21176471 0.22745098 0.23921569
v 0.16042797 -0.12864906 -0.21901719 0.21176471 0.22745098 0.23921569
v 0.01443829 -0.11975003 -0.12495238 0.21176471 0.22745098 0.23921569
v 0.01257150 -0.11974952 -0.12404092 0.21176471 0.22745098 0.23921569
v 0.01026476 -0.11975003 -0.12347923 0.21176471 0.22745098 0.23921569
v 0.00733046 -0.11974967 -0.12332471 0.21176471 0.22745098 0.23921569
v 0.00476705 -0.11975003 -0.12390960 0.21176471 0.22745098 0.23921569
v 0.00004277 -0.11975003 -0.12675399 0.21176471 0.22745098 0.23921569
v -0.00195909 -0.12675001 -0.12822014 0.21176471 0.22745098 0.23921569
v -0.00249778 -0.11975003 -0.13037804 0.21176471 0.22745098 0.23921569
v -0.00306310 -0.11974978 -0.13184510 0.21176471 0.22745098 0.23921569
v -0.00343895 -0.11975003 -0.13356993 0.21176471 0.22745098 0.23921569
v -0.00360130 -0.11974888 -0.13619968 0.21176471 0.22745098 0.23921569
v -0.00297454 -0.11975003 -0.13906483 0.21176471 0.22745098 0.23921569
v 0.00631241 -0.11975504 -0.15915973 0.21176471 0.22745098 0.23921569
v 0.00426551 -0.11975003 -0.15657677 0.21176471 0.22745098 0.23921569
v 0.03672149 -0.11286093 -0.17288464 0.21176471 0.22745098 0.23921569
v 0.03661004 -0.11287589 -0.17284702 0.21176471 0.22745098 0.23921569
v 0.03722551 -0.11280431 -0.17305495 0.21176471 0.22745098 0.23921569
v 0.03847930 -0.11272962 -0.17347884 0.21176471 0.22745098 0.23921569
v 0.03784534 -0.11275698 -0.17326437 0.21176471 0.22745098 0.23921569
v 0.03598925 -0.11297609 -0.17263715 0.21176471 0.22745098 0.23921569
v 0.03535346 -0.11310918 -0.17242207 0.21176471 0.22745098 0.23921569
v 0.03469287 -0.11327959 -0.17219819 0.21176471 0.22745098 0.23921569
v 0.04491775 -0.11273183 -0.17354678 0.21176471 0.22745098 0.23921569
v 0.04434375 -0.11275173 -0.17335227 0.21176471 0.22745098 0.23921569
v 0.08511283 -0.11291785 -0.17794213 0.21176471 0.22745098 0.23921569
v 0.08366540 -0.11292095 -0.17714013 0.21176471 0.22745098 0.23921569
v 0.16029280 -0.11706907 -0.22262682 0.21176471 0.22745098 0.23921569
v 0.16733178 -0.11769582 -0.22780751 0.21176471 0.22745098 0.23921569
v 0.10048553 -0.11325891 -0.18634936 0.21176471 0.22745098 0.23921569
v 0.15432222 -0.11665310 -0.21826950 0.21176471 0.22745098 0.23921569
v 0.19461098 -0.11763109 -0.25236022 0.21176471 0.22745098 0.23921569
v 0.15309717 -0.11636014 -0.21767779 0.21176471 0.22745098 0.23921569
v 0.14578156 -0.11567761 -0.21290246 0.21176471 0.22745098 0.23921569
v 0.13645016 -0.11495109 -0.20707008 0.21176471 0.22745098 0.23921569
v 0.13089964 -0.11458589 -0.20371471 0.21176471 0.22745098 0.23921569
v 0.11577114 -0.11380084 -0.19490334 0.21176471 0.22745098 0.23921569
v 0.19715627 -0.10724422 -0.28763032 0.21176471 0.22745098 0.23921569
v 0.18502660 -0.10714088 -0.29189211 0.21176471 0.22745098 0.23921569
v 0.18498808 -0.10844511 -0.29547608 0.21176471 0.22745098 0.23921569
v 0.19964160 -0.11095595 -0.29442906 0.21176471 0.22745098 0.23921569
v 0.18330191 -0.11469074 -0.30116084 0.21176471 0.22745098 0.23921569
v 0.20562762 -0.11472817 -0.29094809 0.21176471 0.22745098 0.23921569
v 0.19281062 -0.10751420 -0.29432425 0.21176471 0.22745098 0.23921569
v 0.20909928 -0.12363178 -0.29007134 0.21176471 0.22745098 0.23921569
v 0.20906803 -0.12206921 -0.29121235 0.21176471 0.22745098 0.23921569
v 0.20051306 -0.12637737 -0.30113220 0.21176471 0.22745098 0.23921569
v 0.19051701 -0.12312944 -0.30466956 0.21176471 0.22745098 0.23921569
v 0.19980967 -0.11312698 -0.29836804 0.21176471 0.22745098 0.23921569
v 0.18020092 -0.11160538 -0.29784110 0.21176471 0.22745098 0.23921569
v 0.18372199 -0.12031560 -0.30411705 0.21176471 0.22745098 0.23921569
v 0.18960099 -0.11285376 -0.30107671 0.21176471 0.22745098 0.23921569
v 0.19896899 -0.11449769 -0.26168075 0.21176471 0.22745098 0.23921569
v 0.20401676 -0.11048960 -0.28346315 0.21176471 0.22745098 0.23921569
v 0.19534975 -0.10778357 -0.28028297 0.21176471 0.22745098 0.23921569
v 0.19759806 -0.11033155 -0.27187762 0.21176471 0.22745098 0.23921569
v 0.20416774 -0.11087390 -0.27820897 0.21176471 0.22745098 0.23921569
v 0.19840178 -0.11191804 -0.26769707 0.21176471 0.22745098 0.23921569
v 0.19713666 -0.11503614 -0.25888735 0.21176471 0.22745098 0.23921569
v 0.19697455 -0.11491973 -0.25894701 0.21176471 0.22745098 0.23921569
v 0.19656296 -0.11467363 -0.25909856 0.21176471 0.22745098 0.23921569
v 0.17908865 -0.10895289 -0.29287666 0.21176471 0.22745098 0.23921569
v 0.17994194 -0.10849972 -0.29256812 0.21176471 0.22745098 0.23921569
v 0.18170972 -0.10776151 -0.29192162 0.21176471 0.22745098 0.23921569
v 0.18261704 -0.10746683 -0.29158601 0.21176471 0.22745098 0.23921569
v 0.18446217 -0.10700781 -0.29089645 0.21176471 0.22745098 0.23921569
v 0.18539369 -0.10683812 -0.29054525 0.21176471 0.22745098 0.23921569
v 0.18457267 -0.10681684 -0.28940234 0.21176471 0.22745098 0.23921569
v 0.18852574 -0.10649599 -0.28792435 0.21176471 0.22745098 0.23921569
v 0.19183211 -0.10652503 -0.28799352 0.21176471 0.22745098 0.23921569
v 0.19051290 -0.10652651 -0.28716066 0.21176471 0.22745098 0.23921569
v 0.19204110 -0.10675032 -0.28501916 0.21176471 0.22745098 0.23921569
v 0.19491476 -0.10806323 -0.27866662 0.21176471 0.22745098 0.23921569
v 0.19891138 -0.10860787 -0.27921572 0.21176471 0.22745098 0.23921569
v 0.19504330 -0.12522857 -0.24990620 0.21176471 0.22745098 0.23921569
v 0.20823871 -0.13105437 -0.27156767 0.21176471 0.22745098 0.23921569
v 0.20284897 -0.12798980 -0.26015887 0.21176471 0.22745098 0.23921569
v 0.20590030 -0.12632228 -0.26618081 0.21176471 0.22745098 0.23921569
v 0.21004225 -0.12080079 -0.28040570 0.21176471 0.22745098 0.23921569
v 0.20536444 -0.11696590 -0.26843476 0.21176471 0.22745098 0.23921569
v 0.19960026 -0.14478759 -0.29031101 0.21176471 0.22745098 0.23921569
v 0.19650392 -0.14642261 -0.29113099 0.21176471 0.22745098 0.23921569
v 0.18817563 -0.14508560 -0.29639834 0.21176471 0.22745098 0.23921569
v 0.18817930 -0.14696251 -0.29016486 0.21176471 0.22745098 0.23921569
v 0.18830103 -0.14100677 -0.30097607 0.21176471 0.22745098 0.23921569
v 0.18373130 -0.14501582 -0.29495540 0.21176471 0.22745098 0.23921569
v 0.17720932 -0.13294883 -0.30169708 0.21176471 0.22745098 0.23921569
v 0.17958762 -0.14327250 -0.29554525 0.21176471 0.22745098 0.23921569
v 0.20651878 -0.13900223 -0.28739578 0.21176471 0.22745098 0.23921569
v 0.21000145 -0.12984718 -0.28830031 0.21176471 0.22745098 0.23921569
v 0.17961152 -0.13836388 -0.30021337 0.21176471 0.22745098 0.23921569
v 0.20632279 -0.13288315 -0.29514766 0.21176471 0.22745098 0.23921569
v 0.19962497 -0.13823263 -0.29821268 0.21176471 0.22745098 0.23921569
v 0.20238936 -0.13994753 -0.29462343 0.21176471 0.22745098 0.23921569
v 0.18997768 -0.13165019 -0.30497271 0.21176471 0.22745098 0.23921569
v 0.17835917 -0.12614609 -0.30354822 0.21176471 0.22745098 0.23921569
v 0.20585746 -0.14088129 -0.28295264 0.21176471 0.22745098 0.23921569
v 0.20140968 -0.13884754 -0.26438975 0.21176471 0.22745098 0.23921569
v 0.19759806 -0.14316845 -0.27187762 0.21176471 0.22745098 0.23921569
v 0.16580977 -0.13649917 -0.22586946 0.21176471 0.22745098 0.23921569
v 0.19051290 -0.14697349 -0.28716066 0.21176471 0.22745098 0.23921569
v 0.18997888 -0.14689797 -0.28582206 0.21176471 0.22745098 0.23921569
v 0.20353064 -0.14287637 -0.27748826 0.21176471 0.22745098 0.23921569
v 0.20407636 -0.14280780 -0.28256780 0.21176471 0.22745098 0.23921569
v 0.19534975 -0.14571643 -0.28028297 0.21176471 0.22745098 0.23921569
v 0.19491476 -0.14543676 -0.27866662 0.21176471 0.22745098 0.23921569
v 0.17908865 -0.14454710 -0.29287666 0.21176471 0.22745098 0.23921569
v 0.17994194 -0.14500028 -0.29256812 0.21176471 0.22745098 0.23921569
v 0.18170972 -0.14573850 -0.29192162 0.21176471 0.22745098 0.23921569
v 0.18306775 -0.14630032 -0.29069629 0.21176471 0.22745098 0.23921569
v 0.18358891 -0.14651000 -0.28976092 0.21176471 0.22745098 0.23921569
v 0.18498039 -0.14668417 -0.28999099 0.21176471 0.22745098 0.23921569
v 0.18852574 -0.14700401 -0.28792435 0.21176471 0.22745098 0.23921569
v 0.19735737 -0.14501622 -0.27825153 0.21176471 0.22745098 0.23921569
v 0.21021602 -0.12526056 -0.27809861 0.21176471 0.22745098 0.23921569
v 0.19694789 -0.13545042 -0.25521106 0.21176471 0.22745098 0.23921569
v 0.20981088 -0.13389429 -0.27819559 0.21176471 0.22745098 0.23921569
v 0.13754073 0.01199914 -0.01846867 0.82352941 0.46666667 0.18823529
v 0.13873538 0.01249975 -0.02155147 0.82352941 0.46666667 0.18823529
v 0.13873026 0.01247137 -0.02146653 0.82352941 0.46666667 0.18823529
v 0.13890806 0.01246195 -0.02137269 0.82352941 0.46666667 0.18823529
v 0.13873538 0.01249975 -0.01383684 0.82352941 0.46666667 0.18823529
v 0.13873026 0.01247137 -0.01392178 0.82352941 0.46666667 0.18823529
v 0.13891962 0.01248121 -0.01394031 0.82352941 0.46666667 0.18823529
v 0.13879272 0.01245172 -0.01400814 0.82352941 0.46666667 0.18823529
v 0.19771741 0.05872969 -0.06461615 0.82352941 0.46666667 0.18823529
v 0.19764014 0.05869745 -0.06463168 0.82352941 0.46666667 0.18823529
v 0.19766624 0.05878697 -0.06461207 0.82352941 0.46666667 0.18823529
v 0.19767500 0.05881690 -0.06460366 0.82352941 0.46666667 0.18823529
v 0.19764931 0.05830856 -0.06467630 0.82352941 0.46666667 0.18823529
v 0.20035599 0.05759179 -0.06440383 0.82352941 0.46666667 0.18823529
v 0.19766618 0.05043339 -0.06525514 0.82352941 0.46666667 0.18823529
v 0.19766618 0.04768761 -0.06531408 0.82352941 0.46666667 0.18823529
v 0.19766618 0.04220556 -0.06527039 0.82352941 0.46666667 0.18823529
v 0.19762243 0.04789685 -0.06531599 0.82352941 0.46666667 0.18823529
v 0.19762243 0.04768764 -0.06531803 0.82352941 0.46666667 0.18823529
v 0.19762243 0.04220551 -0.06527428 0.82352941 0.46666667 0.18823529
v 0.20121494 0.03151209 -0.06472053 0.82352941 0.46666667 0.18823529
v 0.20137943 0.03152686 -0.06470904 0.82352941 0.46666667 0.18823529
v 0.20184462 0.03127077 -0.06457570 0.82352941 0.46666667 0.18823529
v 0.19764020 0.05869769 0.02924331 0.82352941 0.46666667 0.18823529
v 0.19762243 0.05863659 0.02925213 0.82352941 0.46666667 0.18823529
v 0.19771703 0.05878953 0.02921881 0.82352941 0.46666667 0.18823529
v 0.20119298 0.03153741 0.02936642 0.82352941 0.46666667 0.18823529
v 0.19771077 0.04768734 0.02991780 0.82352941 0.46666667 0.18823529
v 0.19766618 0.04768741 0.02992578 0.82352941 0.46666667 0.18823529
v 0.19771077 0.05043297 0.02985885 0.82352941 0.46666667 0.18823529
v 0.19766618 0.05043321 0.02986683 0.82352941 0.46666667 0.18823529
v 0.19686441 0.05361311 0.02980610 0.82352941 0.46666667 0.18823529
v 0.19762243 0.05652397 0.02945985 0.82352941 0.46666667 0.18823529
v 0.19763641 0.05088640 0.02985577 0.82352941 0.46666667 0.18823529
v 0.17450669 0.04543584 0.03083184 0.82352941 0.46666667 0.18823529
v 0.20155211 0.03152525 0.02928855 0.82352941 0.46666667 0.18823529
v 0.20193574 0.03129102 0.02914293 0.82352941 0.46666667 0.18823529
v 0.20146592 0.03152281 0.02930768 0.82352941 0.46666667 0.18823529
v 0.13160005 0.06418620 0.00288745 0.82352941 0.46666667 0.18823529
v 0.13188294 0.06457977 0.00326624 0.82352941 0.46666667 0.18823529
v 0.13160002 0.06414570 0.00342725 0.82352941 0.46666667 0.18823529
v 0.13187262 0.06455581 0.00344624 0.82352941 0.46666667 0.18823529
v 0.13185979 0.06451278 0.00366988 0.82352941 0.46666667 0.18823529
v 0.13159946 0.06374042 0.00458780 0.82352941 0.46666667 0.18823529
v 0.13184580 0.06444840 0.00391342 0.82352941 0.46666667 0.18823529
v 0.13182560 0.06432025 0.00426587 0.82352941 0.46666667 0.18823529
v 0.13181713 0.06425332 0.00441291 0.82352941 0.46666667 0.18823529
v 0.13179202 0.06399946 0.00484963 0.82352941 0.46666667 0.18823529
v 0.13179383 0.06402038 0.00481882 0.82352941 0.46666667 0.18823529
v 0.13180400 0.06413178 0.00464114 0.82352941 0.46666667 0.18823529
v 0.13181461 0.06423162 0.00445690 0.82352941 0.46666667 0.18823529
v 0.13178417 0.06389956 0.00498690 0.82352941 0.46666667 0.18823529
v 0.13177505 0.06376891 0.00514593 0.82352941 0.46666667 0.18823529
v 0.13176653 0.06362997 0.00529446 0.82352941 0.46666667 0.18823529
v 0.13176981 0.06368600 0.00523682 0.82352941 0.46666667 0.18823529
v 0.13175145 0.06333153 0.00555702 0.82352941 0.46666667 0.18823529
v 0.13167563 0.06285380 0.00579910 0.82352941 0.46666667 0.18823529
v 0.13175865 0.06348436 0.00543120 0.82352941 0.46666667 0.18823529
v 0.13168357 0.05336278 -0.04539549 0.82352941 0.46666667 0.18823529
v 0.13174982 0.06224679 0.00629630 0.82352941 0.46666667 0.18823529
v 0.13166414 0.06071260 0.00709814 0.82352941 0.46666667 0.18823529
v 0.13175693 0.05932431 0.00794866 0.82352941 0.46666667 0.18823529
v 0.13167742 0.05826715 0.00833208 0.82352941 0.46666667 0.18823529
v 0.13176031 0.05666732 0.00908836 0.82352941 0.46666667 0.18823529
v 0.13167897 0.05237113 0.01022176 0.82352941 0.46666667 0.18823529
v 0.13176271 0.05391329 0.00995239 0.82352941 0.46666667 0.18823529
v 0.13176174 0.05507677 0.00962438 0.82352941 0.46666667 0.18823529
v 0.13167793 0.05586290 0.00926500 0.82352941 0.46666667 0.18823529
v 0.13209708 0.04700603 0.01207154 0.82352941 0.46666667 0.18823529
v 0.13167566 0.03847926 0.00956837 0.82352941 0.46666667 0.18823529
v 0.13168336 0.03472029 0.00815759 0.82352941 0.46666667 0.18823529
v 0.13173452 0.03600883 0.00876971 0.82352941 0.46666667 0.18823529
v 0.13164598 0.03274098 0.00703495 0.82352941 0.46666667 0.18823529
v 0.13175175 0.03222346 0.00689592 0.82352941 0.46666667 0.18823529
v 0.13173345 0.03369277 0.00770702 0.82352941 0.46666667 0.18823529
v 0.13177183 0.03081554 0.00600507 0.82352941 0.46666667 0.18823529
v 0.13179269 0.02946925 0.00503703 0.82352941 0.46666667 0.18823529
v 0.13170771 0.02911509 0.00465804 0.82352941 0.46666667 0.18823529
v 0.13182005 0.02782929 0.00368085 0.82352941 0.46666667 0.18823529
v 0.13183531 0.02696448 0.00287499 0.82352941 0.46666667 0.18823529
v 0.13165762 0.02577604 0.00137839 0.82352941 0.46666667 0.18823529
v 0.13238369 0.01372412 -0.01251542 0.82352941 0.46666667 0.18823529
v 0.13258529 0.01214216 -0.01720058 0.82352941 0.46666667 0.18823529
v 0.13213143 0.01368932 -0.02012513 0.82352941 0.46666667 0.18823529
v 0.13164720 0.02556925 -0.03644646 0.82352941 0.46666667 0.18823529
v 0.13188925 0.02408921 -0.03499606 0.82352941 0.46666667 0.18823529
v 0.13193713 0.02392088 -0.03488811 0.82352941 0.46666667 0.18823529
v 0.13168287 0.02702995 -0.03812822 0.82352941 0.46666667 0.18823529
v 0.13221663 0.02449339 -0.03622138 0.82352941 0.46666667 0.18823529
v 0.13182005 0.02782780 -0.03906783 0.82352941 0.46666667 0.18823529
v 0.13182941 0.02729576 -0.03858015 0.82352941 0.46666667 0.18823529
v 0.13170542 0.02991322 -0.04067322 0.82352941 0.46666667 0.18823529
v 0.13168220 0.04122917 -0.04640649 0.82352941 0.46666667 0.18823529
v 0.13176218 0.05456775 -0.04516272 0.82352941 0.46666667 0.18823529
v 0.13164614 0.05827329 -0.04365238 0.82352941 0.46666667 0.18823529
v 0.13176081 0.05617147 -0.04465494 0.82352941 0.46666667 0.18823529
v 0.13175920 0.05773608 -0.04405627 0.82352941 0.46666667 0.18823529
v 0.13165592 0.06078398 -0.04245241 0.82352941 0.46666667 0.18823529
v 0.13175747 0.05899064 -0.04349783 0.82352941 0.46666667 0.18823529
v 0.13175091 0.06193487 -0.04188320 0.82352941 0.46666667 0.18823529
v 0.13168557 0.06277085 -0.04127523 0.82352941 0.46666667 0.18823529
v 0.13175151 0.06333236 -0.04094473 0.82352941 0.46666667 0.18823529
v 0.13160005 0.06349145 -0.04025403 0.82352941 0.46666667 0.18823529
v 0.13176653 0.06362997 -0.04068270 0.82352941 0.46666667 0.18823529
v 0.13176335 0.06357335 -0.04073802 0.82352941 0.46666667 0.18823529
v 0.13179389 0.06402074 -0.04020664 0.82352941 0.46666667 0.18823529
v 0.13178614 0.06392519 -0.04034135 0.82352941 0.46666667 0.18823529
v 0.13160002 0.06379902 -0.03981189 0.82352941 0.46666667 0.18823529
v 0.13178417 0.06389915 -0.04037568 0.82352941 0.46666667 0.18823529
v 0.13177505 0.06376921 -0.04053393 0.82352941 0.46666667 0.18823529
v 0.13181195 0.06420796 -0.03989139 0.82352941 0.46666667 0.18823529
v 0.13181461 0.06423156 -0.03984533 0.82352941 0.46666667 0.18823529
v 0.13182560 0.06432025 -0.03965417 0.82352941 0.46666667 0.18823529
v 0.13160002 0.06406923 -0.03915856 0.82352941 0.46666667 0.18823529
v 0.13183770 0.06440221 -0.03944293 0.82352941 0.46666667 0.18823529
v 0.13187347 0.06456307 -0.03883067 0.82352941 0.46666667 0.18823529
v 0.13160005 0.06416659 -0.03863183 0.82352941 0.46666667 0.18823529
v 0.13160005 0.06418620 -0.03827575 0.82352941 0.46666667 0.18823529
v 0.13330004 0.01260429 -0.02175329 0.82352941 0.46666667 0.18823529
v 0.13280001 0.01301884 -0.02147368 0.82352941 0.46666667 0.18823529
v 0.13330004 0.01252460 -0.02161143 0.82352941 0.46666667 0.18823529
v 0.13330004 0.01246893 -0.02145848 0.82352941 0.46666667 0.18823529
v 0.13330004 0.01246893 -0.01392982 0.82352941 0.46666667 0.18823529
v 0.19616623 0.02885684 -0.06415090 0.82352941 0.46666667 0.18823529
v 0.19838144 0.02974746 -0.06454768 0.82352941 0.46666667 0.18823529
v 0.19807418 0.02994996 -0.06465612 0.82352941 0.46666667 0.18823529
v 0.19876082 0.03029614 -0.06472538 0.82352941 0.46666667 0.18823529
v 0.19907339 0.03046614 -0.06474295 0.82352941 0.46666667 0.18823529
v 0.19936873 0.03068900 -0.06475464 0.82352941 0.46666667 0.18823529
v 0.19830544 0.03008252 -0.06469026 0.82352941 0.46666667 0.18823529
v 0.19873400 0.03032529 -0.06473348 0.82352941 0.46666667 0.18823529
v 0.19808383 0.02995431 -0.06465724 0.82352941 0.46666667 0.18823529
v 0.19812824 0.02997988 -0.06466439 0.82352941 0.46666667 0.18823529
v 0.19813813 0.02995430 -0.06465436 0.82352941 0.46666667 0.18823529
v 0.19994901 0.03059914 -0.06469959 0.82352941 0.46666667 0.18823529
v 0.19267227 0.06210457 -0.06450006 0.82352941 0.46666667 0.18823529
v 0.19533928 0.06041347 -0.06455556 0.82352941 0.46666667 0.18823529
v 0.19659694 0.05965285 -0.06455848 0.82352941 0.46666667 0.18823529
v 0.19451635 0.06119369 -0.06448364 0.82352941 0.46666667 0.18823529
v 0.19766437 0.05899088 -0.06455493 0.82352941 0.46666667 0.18823529
v 0.19539060 0.06048416 -0.06453369 0.82352941 0.46666667 0.18823529
v 0.19412757 0.06123410 -0.06452797 0.82352941 0.46666667 0.18823529
v 0.19682452 0.02939457 0.02911331 0.82352941 0.46666667 0.18823529
v 0.19688554 0.02954560 0.02917548 0.82352941 0.46666667 0.18823529
v 0.20028359 0.03060145 0.02927288 0.82352941 0.46666667 0.18823529
v 0.19748260 0.02974027 0.02921875 0.82352941 0.46666667 0.18823529
v 0.19808371 0.02995431 0.02926894 0.82352941 0.46666667 0.18823529
v 0.19940062 0.03070682 0.02936604 0.82352941 0.46666667 0.18823529
v 0.19888365 0.03015587 0.02928613 0.82352941 0.46666667 0.18823529
v 0.19812649 0.02992730 0.02925609 0.82352941 0.46666667 0.18823529
v 0.19866736 0.03028798 0.02934011 0.82352941 0.46666667 0.18823529
v 0.19905879 0.03050822 0.02936210 0.82352941 0.46666667 0.18823529
v 0.19978404 0.03005435 0.02902890 0.82352941 0.46666667 0.18823529
v 0.19668776 0.02918158 0.02900986 0.82352941 0.46666667 0.18823529
v 0.19288728 0.06218042 0.02908605 0.82352941 0.46666667 0.18823529
v 0.19299136 0.06259628 0.02894063 0.82352941 0.46666667 0.18823529
v 0.19273497 0.06198496 0.02913182 0.82352941 0.46666667 0.18823529
v 0.19412757 0.06123404 0.02913966 0.82352941 0.46666667 0.18823529
v 0.19350816 0.06162416 0.02912947 0.82352941 0.46666667 0.18823529
v 0.19261420 0.02986674 0.02949887 0.82352941 0.46666667 0.18823529
v 0.19263007 0.02986508 0.02949758 0.82352941 0.46666667 0.18823529
v 0.19328763 0.02971571 0.02941086 0.82352941 0.46666667 0.18823529
v 0.19293322 0.02959429 0.02937495 0.82352941 0.46666667 0.18823529
v 0.19273975 0.02971242 0.02943462 0.82352941 0.46666667 0.18823529
v 0.19690536 0.02950709 0.02915951 0.82352941 0.46666667 0.18823529
v 0.19523402 0.02885437 0.02879347 0.82352941 0.46666667 0.18823529
v 0.19431521 0.02903509 0.02898183 0.82352941 0.46666667 0.18823529
v 0.19345541 0.02925831 0.02916922 0.82352941 0.46666667 0.18823529
v 0.19335593 0.02942065 0.02927337 0.82352941 0.46666667 0.18823529
v 0.19281311 0.02953446 0.02934768 0.82352941 0.46666667 0.18823529
v 0.19409968 0.02950243 0.02928713 0.82352941 0.46666667 0.18823529
v 0.19257279 0.02986663 0.02950003 0.82352941 0.46666667 0.18823529
v 0.19257644 0.02985328 0.02949525 0.82352941 0.46666667 0.18823529
v 0.19259472 0.02976310 0.02945902 0.82352941 0.46666667 0.18823529
v 0.19259997 0.03093155 0.02968540 0.82352941 0.46666667 0.18823529
v 0.19257285 0.03031617 0.02962526 0.82352941 0.46666667 0.18823529
v 0.19262989 0.03045457 0.02964660 0.82352941 0.46666667 0.18823529
v 0.19257285 0.03045427 0.02964832 0.82352941 0.46666667 0.18823529
v 0.19262989 0.03065943 0.02966823 0.82352941 0.46666667 0.18823529
v 0.19257291 0.03065943 0.02966996 0.82352941 0.46666667 0.18823529
v 0.19257291 0.03092420 0.02968558 0.82352941 0.46666667 0.18823529
v 0.19262995 0.03006279 0.02956261 0.82352941 0.46666667 0.18823529
v 0.19262995 0.03025770 0.02961167 0.82352941 0.46666667 0.18823529
v 0.19572671 0.02871375 0.02862638 0.82352941 0.46666667 0.18823529
v 0.19609617 0.02880492 0.02870972 0.82352941 0.46666667 0.18823529
v 0.19652973 0.02898216 0.02885941 0.82352941 0.46666667 0.18823529
v 0.19560732 0.02874505 0.02866574 0.82352941 0.46666667 0.18823529
v 0.19558555 0.02846722 0.02827677 0.82352941 0.46666667 0.18823529
v 0.19537972 0.02824037 0.02780107 0.82352941 0.46666667 0.18823529
v 0.19538458 0.02851975 0.02837445 0.82352941 0.46666667 0.18823529
v 0.19520779 0.02834487 0.02807649 0.82352941 0.46666667 0.18823529
v 0.19525459 0.02831236 0.02800624 0.82352941 0.46666667 0.18823529
v 0.19606018 0.02847888 0.02822361 0.82352941 0.46666667 0.18823529
v 0.19261242 0.06201504 0.02912845 0.82352941 0.46666667 0.18823529
v 0.19265325 0.06208031 0.02911665 0.82352941 0.46666667 0.18823529
v 0.19519992 0.02823877 0.02782973 0.82352941 0.46666667 0.18823529
v 0.19514842 0.02828347 0.02794649 0.82352941 0.46666667 0.18823529
v 0.19510432 0.02823919 0.02783992 0.82352941 0.46666667 0.18823529
v 0.19508894 0.02814841 0.02755608 0.82352941 0.46666667 0.18823529
v 0.19215323 0.06367968 0.02818175 0.82352941 0.46666667 0.18823529
v 0.19219394 0.06356238 0.02831407 0.82352941 0.46666667 0.18823529
v 0.19223525 0.06344239 0.02843322 0.82352941 0.46666667 0.18823529
v 0.19226344 0.06335972 0.02850713 0.82352941 0.46666667 0.18823529
v 0.19230033 0.06325077 0.02859594 0.82352941 0.46666667 0.18823529
v 0.19234957 0.06310372 0.02870192 0.82352941 0.46666667 0.18823529
v 0.19261371 0.06369264 0.02818732 0.82352941 0.46666667 0.18823529
v 0.19253094 0.06254886 0.02898761 0.82352941 0.46666667 0.18823529
v 0.19260217 0.06232630 0.02906021 0.82352941 0.46666667 0.18823529
v 0.19239230 0.06297468 0.02878346 0.82352941 0.46666667 0.18823529
v 0.19248968 0.06292813 0.02880782 0.82352941 0.46666667 0.18823529
v 0.19244178 0.06282376 0.02886649 0.82352941 0.46666667 0.18823529
v 0.19213511 0.06396793 0.02775403 0.82352941 0.46666667 0.18823529
v 0.19206621 0.06392615 0.02783277 0.82352941 0.46666667 0.18823529
v 0.19211860 0.06377851 0.02805533 0.82352941 0.46666667 0.18823529
v 0.19199826 0.06411420 0.02745487 0.82352941 0.46666667 0.18823529
v 0.19195993 0.06421845 0.02714839 0.82352941 0.46666667 0.18823529
v 0.19195153 0.06424122 0.02706023 0.82352941 0.46666667 0.18823529
v 0.19214506 0.06424375 0.02700595 0.82352941 0.46666667 0.18823529
v 0.19193204 0.06429367 0.02678164 0.82352941 0.46666667 0.18823529
v 0.19244541 0.06418978 0.02696826 0.82352941 0.46666667 0.18823529
v 0.19263554 0.06186099 -0.06453637 0.82352941 0.46666667 0.18823529
v 0.19260217 0.06199388 -0.06452022 0.82352941 0.46666667 0.18823529
v 0.19282909 0.06203653 -0.06450766 0.82352941 0.46666667 0.18823529
v 0.19257279 0.03005987 -0.06495187 0.82352941 0.46666667 0.18823529
v 0.19262995 0.03006035 -0.06495021 0.82352941 0.46666667 0.18823529
v 0.19262995 0.02986753 -0.06488679 0.82352941 0.46666667 0.18823529
v 0.19257279 0.03025984 -0.06500217 0.82352941 0.46666667 0.18823529
v 0.19262995 0.03026020 -0.06500050 0.82352941 0.46666667 0.18823529
v 0.19257279 0.03031390 -0.06501321 0.82352941 0.46666667 0.18823529
v 0.19262989 0.03046077 -0.06503580 0.82352941 0.46666667 0.18823529
v 0.19257279 0.03046053 -0.06503753 0.82352941 0.46666667 0.18823529
v 0.19257285 0.03074306 -0.06506334 0.82352941 0.46666667 0.18823529
v 0.19259493 0.03077052 -0.06506513 0.82352941 0.46666667 0.18823529
v 0.19666097 0.05367840 -0.06520695 0.82352941 0.46666667 0.18823529
v 0.19262971 0.04789918 -0.06554052 0.82352941 0.46666667 0.18823529
v 0.19286081 0.06231362 -0.06444100 0.82352941 0.46666667 0.18823529
v 0.19264337 0.06344982 -0.06377410 0.82352941 0.46666667 0.18823529
v 0.19263285 0.06385870 -0.06325933 0.82352941 0.46666667 0.18823529
v 0.19196035 0.06421845 -0.06253669 0.82352941 0.46666667 0.18823529
v 0.19193514 0.06428592 -0.06222400 0.82352941 0.46666667 0.18823529
v 0.19200392 0.06410001 -0.06287745 0.82352941 0.46666667 0.18823529
v 0.19237356 0.06397348 -0.06309839 0.82352941 0.46666667 0.18823529
v 0.19197382 0.06418221 -0.06265704 0.82352941 0.46666667 0.18823529
v 0.19220062 0.06379853 -0.06341037 0.82352941 0.46666667 0.18823529
v 0.19211914 0.06377719 -0.06344506 0.82352941 0.46666667 0.18823529
v 0.19219424 0.06356208 -0.06370226 0.82352941 0.46666667 0.18823529
v 0.19227029 0.06333993 -0.06391212 0.82352941 0.46666667 0.18823529
v 0.19234098 0.06312905 -0.06407306 0.82352941 0.46666667 0.18823529
v 0.19243194 0.06285410 -0.06423911 0.82352941 0.46666667 0.18823529
v 0.19258012 0.06239419 -0.06442861 0.82352941 0.46666667 0.18823529
v 0.19251628 0.06259362 -0.06435868 0.82352941 0.46666667 0.18823529
v 0.19244231 0.06282286 -0.06425527 0.82352941 0.46666667 0.18823529
v 0.19244553 0.06418978 -0.06235668 0.82352941 0.46666667 0.18823529
v 0.19244692 0.06370575 -0.06351393 0.82352941 0.46666667 0.18823529
v 0.19215414 0.06421908 -0.06252288 0.82352941 0.46666667 0.18823529
v 0.19205888 0.06394665 -0.06318615 0.82352941 0.46666667 0.18823529
v 0.19384588 0.06153630 -0.06450012 0.82352941 0.46666667 0.18823529
v 0.19297642 0.06266634 -0.06429192 0.82352941 0.46666667 0.18823529
v 0.19283432 0.06308563 -0.06405867 0.82352941 0.46666667 0.18823529
v 0.19613945 0.02900831 -0.06429738 0.82352941 0.46666667 0.18823529
v 0.19415487 0.02907037 -0.06440309 0.82352941 0.46666667 0.18823529
v 0.19514705 0.02886933 -0.06419895 0.82352941 0.46666667 0.18823529
v 0.19263007 0.02986508 -0.06488588 0.82352941 0.46666667 0.18823529
v 0.19259617 0.02986193 -0.06488620 0.82352941 0.46666667 0.18823529
v 0.19747834 0.02936892 -0.06444266 0.82352941 0.46666667 0.18823529
v 0.19672275 0.02949548 -0.06455313 0.82352941 0.46666667 0.18823529
v 0.19289741 0.02966803 -0.06479875 0.82352941 0.46666667 0.18823529
v 0.19269244 0.02975543 -0.06484168 0.82352941 0.46666667 0.18823529
v 0.19261177 0.02972877 -0.06483249 0.82352941 0.46666667 0.18823529
v 0.19271220 0.02960968 -0.06477597 0.82352941 0.46666667 0.18823529
v 0.19281013 0.02953612 -0.06473693 0.82352941 0.46666667 0.18823529
v 0.19359280 0.02921629 -0.06452557 0.82352941 0.46666667 0.18823529
v 0.19345233 0.02939032 -0.06464159 0.82352941 0.46666667 0.18823529
v 0.19441691 0.02916660 -0.06447026 0.82352941 0.46666667 0.18823529
v 0.19538046 0.02851569 -0.06375673 0.82352941 0.46666667 0.18823529
v 0.19548573 0.02861994 -0.06390212 0.82352941 0.46666667 0.18823529
v 0.19553237 0.02855357 -0.06380694 0.82352941 0.46666667 0.18823529
v 0.19609976 0.02855284 -0.06373083 0.82352941 0.46666667 0.18823529
v 0.19518752 0.02832377 -0.06342199 0.82352941 0.46666667 0.18823529
v 0.19581626 0.02813479 -0.06270582 0.82352941 0.46666667 0.18823529
v 0.21385480 0.03176728 -0.05888174 0.82352941 0.46666667 0.18823529
v 0.19542198 0.02828246 -0.06330308 0.82352941 0.46666667 0.18823529
v 0.19514389 0.02819222 -0.06308886 0.82352941 0.46666667 0.18823529
v 0.19521125 0.02817320 -0.06300727 0.82352941 0.46666667 0.18823529
v 0.19507916 0.02821534 -0.06316487 0.82352941 0.46666667 0.18823529
v 0.17513146 0.02789176 -0.06323635 0.82352941 0.46666667 0.18823529
v 0.17513473 0.02798324 -0.06347124 0.82352941 0.46666667 0.18823529
v 0.17499427 0.02941244 -0.06499313 0.82352941 0.46666667 0.18823529
v 0.17501730 0.02892859 -0.06469613 0.82352941 0.46666667 0.18823529
v 0.17507423 0.02824273 -0.06397736 0.82352941 0.46666667 0.18823529
v 0.17513701 0.02812594 -0.06375691 0.82352941 0.46666667 0.18823529
v 0.17514279 0.02976781 -0.06515595 0.82352941 0.46666667 0.18823529
v 0.17513886 0.02829504 -0.06402346 0.82352941 0.46666667 0.18823529
v 0.17514041 0.02849024 -0.06427267 0.82352941 0.46666667 0.18823529
v 0.17514160 0.02870982 -0.06450102 0.82352941 0.46666667 0.18823529
v 0.17514250 0.02895099 -0.06470528 0.82352941 0.46666667 0.18823529
v 0.17514303 0.02948767 -0.06503639 0.82352941 0.46666667 0.18823529
v 0.17514303 0.02947574 -0.06503054 0.82352941 0.46666667 0.18823529
v 0.17514297 0.02921080 -0.06488404 0.82352941 0.46666667 0.18823529
v 0.17514172 0.03021395 -0.06528434 0.82352941 0.46666667 0.18823529
v 0.17513981 0.03066724 -0.06534550 0.82352941 0.46666667 0.18823529
v 0.16932224 0.03381991 -0.06556489 0.82352941 0.46666667 0.18823529
v 0.17513908 0.03095507 -0.06536236 0.82352941 0.46666667 0.18823529
v 0.17498517 0.06260681 -0.06467709 0.82352941 0.46666667 0.18823529
v 0.17514732 0.06189250 -0.06481948 0.82352941 0.46666667 0.18823529
v 0.17502996 0.06391433 -0.06372555 0.82352941 0.46666667 0.18823529
v 0.17512704 0.06424068 -0.06323317 0.82352941 0.46666667 0.18823529
v 0.17512871 0.06416635 -0.06336532 0.82352941 0.46666667 0.18823529
v 0.17503774 0.06353607 -0.06411404 0.82352941 0.46666667 0.18823529
v 0.17513946 0.06342070 -0.06420866 0.82352941 0.46666667 0.18823529
v 0.17514142 0.06320690 -0.06436011 0.82352941 0.46666667 0.18823529
v 0.17514333 0.06295239 -0.06450699 0.82352941 0.46666667 0.18823529
v 0.17514405 0.06283318 -0.06456473 0.82352941 0.46666667 0.18823529
v 0.17514476 0.06270962 -0.06461790 0.82352941 0.46666667 0.18823529
v 0.17514619 0.06237201 -0.06473146 0.82352941 0.46666667 0.18823529
v 0.17514677 0.06217115 -0.06477831 0.82352941 0.46666667 0.18823529
v 0.17502873 0.06329995 -0.06429475 0.82352941 0.46666667 0.18823529
v 0.17506443 0.06455871 -0.06229866 0.82352941 0.46666667 0.18823529
v 0.17511550 0.06455080 -0.06233796 0.82352941 0.46666667 0.18823529
v 0.17512108 0.06444012 -0.06276868 0.82352941 0.46666667 0.18823529
v 0.17512235 0.06440519 -0.06286725 0.82352941 0.46666667 0.18823529
v 0.17513163 0.06401472 -0.06359550 0.82352941 0.46666667 0.18823529
v 0.17513445 0.06384127 -0.06381276 0.82352941 0.46666667 0.18823529
v 0.17513707 0.06364440 -0.06401709 0.82352941 0.46666667 0.18823529
v 0.17513362 0.02792936 0.02795156 0.82352941 0.46666667 0.18823529
v 0.17513588 0.02804887 0.02822336 0.82352941 0.46666667 0.18823529
v 0.17235380 0.02909431 0.02924882 0.82352941 0.46666667 0.18823529
v 0.17514303 0.02950394 0.02965595 0.82352941 0.46666667 0.18823529
v 0.17514279 0.02976781 0.02976765 0.82352941 0.46666667 0.18823529
v 0.17514297 0.02924156 0.02951445 0.82352941 0.46666667 0.18823529
v 0.17514262 0.02899605 0.02935084 0.82352941 0.46666667 0.18823529
v 0.17514190 0.02876687 0.02916493 0.82352941 0.46666667 0.18823529
v 0.17514081 0.02855396 0.02895536 0.82352941 0.46666667 0.18823529
v 0.17513946 0.02836215 0.02872672 0.82352941 0.46666667 0.18823529
v 0.17513777 0.02819424 0.02848341 0.82352941 0.46666667 0.18823529
v 0.17514172 0.03021389 0.02989604 0.82352941 0.46666667 0.18823529
v 0.17514250 0.02989858 0.02981277 0.82352941 0.46666667 0.18823529
v 0.17513981 0.03066736 0.02995720 0.82352941 0.46666667 0.18823529
v 0.17513981 0.03066986 0.02995737 0.82352941 0.46666667 0.18823529
v 0.17505392 0.03067016 0.02995511 0.82352941 0.46666667 0.18823529
v 0.16866042 0.03050601 0.02926096 0.82352941 0.46666667 0.18823529
v 0.17505907 0.03204465 0.03003439 0.82352941 0.46666667 0.18823529
v 0.17513902 0.03097647 0.02997526 0.82352941 0.46666667 0.18823529
v 0.17506707 0.03093318 0.02997160 0.82352941 0.46666667 0.18823529
v 0.17500354 0.03065347 0.02994964 0.82352941 0.46666667 0.18823529
v 0.17514732 0.06189244 0.02943118 0.82352941 0.46666667 0.18823529
v 0.17512748 0.06422316 0.02787741 0.82352941 0.46666667 0.18823529
v 0.17512561 0.06429671 0.02773400 0.82352941 0.46666667 0.18823529
v 0.17506698 0.06440150 0.02748724 0.82352941 0.46666667 0.18823529
v 0.17500429 0.06340337 0.02882711 0.82352941 0.46666667 0.18823529
v 0.17513934 0.06343512 0.02880915 0.82352941 0.46666667 0.18823529
v 0.17513946 0.06342439 0.02881755 0.82352941 0.46666667 0.18823529
v 0.17502579 0.06275677 0.02922504 0.82352941 0.46666667 0.18823529
v 0.17514142 0.06320547 0.02897271 0.82352941 0.46666667 0.18823529
v 0.17514321 0.06296496 0.02911218 0.82352941 0.46666667 0.18823529
v 0.17514446 0.06276344 0.02920725 0.82352941 0.46666667 0.18823529
v 0.17514589 0.06244360 0.02932276 0.82352941 0.46666667 0.18823529
v 0.17514643 0.06229501 0.02936282 0.82352941 0.46666667 0.18823529
v 0.17504425 0.06217013 0.02938654 0.82352941 0.46666667 0.18823529
v 0.17513290 0.06394290 0.02830209 0.82352941 0.46666667 0.18823529
v 0.17506155 0.06383942 0.02842428 0.82352941 0.46666667 0.18823529
v 0.17513701 0.06364708 0.02862622 0.82352941 0.46666667 0.18823529
v 0.17513753 0.06360255 0.02866759 0.82352941 0.46666667 0.18823529
v 0.17511488 0.06455706 0.02691438 0.82352941 0.46666667 0.18823529
v 0.17512146 0.06443040 0.02740886 0.82352941 0.46666667 0.18823529
v 0.17511889 0.06449019 0.02721651 0.82352941 0.46666667 0.18823529
v 0.17449401 0.06454527 0.02697107 0.82352941 0.46666667 0.18823529
v 0.17506684 0.06456290 0.02687540 0.82352941 0.46666667 0.18823529
v 0.17448841 0.06356101 0.02865218 0.82352941 0.46666667 0.18823529
v 0.17513163 0.06401472 0.02820714 0.82352941 0.46666667 0.18823529
v 0.15706012 0.06335645 0.02163943 0.82352941 0.46666667 0.18823529
v 0.15697965 0.06313799 0.02175852 0.82352941 0.46666667 0.18823529
v 0.17337185 0.06403852 0.02794843 0.82352941 0.46666667 0.18823529
v 0.17337720 0.05943815 0.02958703 0.82352941 0.46666667 0.18823529
v 0.16239902 0.06202045 0.02543957 0.82352941 0.46666667 0.18823529
v 0.15960869 0.06220310 0.02384194 0.82352941 0.46666667 0.18823529
v 0.15963478 0.06241594 0.02379712 0.82352941 0.46666667 0.18823529
v 0.15816195 0.06456380 0.02000781 0.82352941 0.46666667 0.18823529
v 0.16386144 0.06468881 0.02305460 0.82352941 0.46666667 0.18823529
v 0.15736702 0.06393479 0.02118494 0.82352941 0.46666667 0.18823529
v 0.16781530 0.06383788 0.02699684 0.82352941 0.46666667 0.18823529
v 0.15725467 0.06375758 0.02135130 0.82352941 0.46666667 0.18823529
v 0.15967378 0.06265245 0.02373000 0.82352941 0.46666667 0.18823529
v 0.16013093 0.06296589 0.02385201 0.82352941 0.46666667 0.18823529
v 0.16161437 0.06394567 0.02394485 0.82352941 0.46666667 0.18823529
v 0.15715203 0.06356393 0.02150329 0.82352941 0.46666667 0.18823529
v 0.15788487 0.06444262 0.02041813 0.82352941 0.46666667 0.18823529
v 0.15774831 0.06434839 0.02062031 0.82352941 0.46666667 0.18823529
v 0.15761539 0.06423174 0.02081712 0.82352941 0.46666667 0.18823529
v 0.15748772 0.06409346 0.02100619 0.82352941 0.46666667 0.18823529
v 0.15748772 0.06409340 -0.05639455 0.82352941 0.46666667 0.18823529
v 0.15736696 0.06393473 -0.05657330 0.82352941 0.46666667 0.18823529
v 0.15960869 0.06220310 -0.05923024 0.82352941 0.46666667 0.18823529
v 0.15942079 0.06442344 -0.05727950 0.82352941 0.46666667 0.18823529
v 0.17402026 0.06424516 -0.06313952 0.82352941 0.46666667 0.18823529
v 0.16930641 0.06399409 -0.06254264 0.82352941 0.46666667 0.18823529
v 0.16800985 0.06532102 -0.05635027 0.82352941 0.46666667 0.18823529
v 0.15761533 0.06423168 -0.05620554 0.82352941 0.46666667 0.18823529
v 0.15774825 0.06434833 -0.05600867 0.82352941 0.46666667 0.18823529
v 0.15788481 0.06444256 -0.05580655 0.82352941 0.46666667 0.18823529
v 0.15967378 0.06265240 -0.05911836 0.82352941 0.46666667 0.18823529
v 0.16037789 0.06261915 -0.05954590 0.82352941 0.46666667 0.18823529
v 0.16008915 0.06295609 -0.05922031 0.82352941 0.46666667 0.18823529
v 0.16702200 0.06266157 -0.06298875 0.82352941 0.46666667 0.18823529
v 0.15706006 0.06335639 -0.05702773 0.82352941 0.46666667 0.18823529
v 0.15697965 0.06313793 -0.05714688 0.82352941 0.46666667 0.18823529
v 0.15725467 0.06375752 -0.05673960 0.82352941 0.46666667 0.18823529
v 0.15715203 0.06356387 -0.05689159 0.82352941 0.46666667 0.18823529
v 0.13160005 0.06459998 -0.01421449 0.82352941 0.46666667 0.18823529
v 0.13160011 0.06459998 -0.02117387 0.82352941 0.46666667 0.18823529
v 0.15797016 0.03019869 0.02312150 0.82352941 0.46666667 0.18823529
v 0.15797016 0.03042811 0.02333303 0.82352941 0.46666667 0.18823529
v 0.17128725 0.02839011 -0.06300393 0.82352941 0.46666667 0.18823529
v 0.17313744 0.03077535 -0.06523608 0.82352941 0.46666667 0.18823529
v 0.16153003 0.05520455 0.02645922 0.82352941 0.46666667 0.18823529
v 0.15797016 0.03067743 0.02352335 0.82352941 0.46666667 0.18823529
v 0.15797016 0.03094327 0.02369048 0.82352941 0.46666667 0.18823529
v 0.15797016 0.03122192 0.02383234 0.82352941 0.46666667 0.18823529
v 0.16094455 0.02984470 0.02472611 0.82352941 0.46666667 0.18823529
v 0.16130526 0.03083327 0.02573211 0.82352941 0.46666667 0.18823529
v 0.16093247 0.03033918 -0.06054942 0.82352941 0.46666667 0.18823529
v 0.15801573 0.03055395 -0.05885599 0.82352941 0.46666667 0.18823529
v 0.15797016 0.03019869 -0.05850980 0.82352941 0.46666667 0.18823529
v 0.16094455 0.02984470 -0.06011441 0.82352941 0.46666667 0.18823529
v 0.16729523 0.02978702 -0.06340376 0.82352941 0.46666667 0.18823529
v 0.13160005 0.06458818 -0.02132682 0.82352941 0.46666667 0.18823529
v 0.20184769 0.05774997 0.02855583 0.82352941 0.46666667 0.18823529
v 0.20651008 0.05774997 -0.06229380 0.82352941 0.46666667 0.18823529
v 0.21461585 0.05773702 -0.05819985 0.82352941 0.46666667 0.18823529
v 0.24827033 0.04448198 -0.01403010 0.82352941 0.46666667 0.18823529
v 0.21069996 0.05779086 0.02508467 0.82352941 0.46666667 0.18823529
v 0.19973327 0.02475005 0.01104023 0.82352941 0.46666667 0.18823529
v 0.20966615 0.02475005 0.00457468 0.82352941 0.46666667 0.18823529
v 0.21104862 0.02475005 -0.03853545 0.82352941 0.46666667 0.18823529
v 0.22790331 0.03059308 -0.04570266 0.82352941 0.46666667 0.18823529
v 0.22134396 0.03079754 0.01768773 0.82352941 0.46666667 0.18823529
v 0.20357206 0.06604982 -0.04014017 0.82352941 0.46666667 0.18823529
v 0.19850893 0.06604998 -0.04282364 0.82352941 0.46666667 0.18823529
v 0.18069197 0.06604734 0.00871539 0.82352941 0.46666667 0.18823529
v 0.20967920 0.06604998 -0.00113587 0.82352941 0.46666667 0.18823529
v 0.20733328 0.06604998 0.00153913 0.82352941 0.46666667 0.18823529
v 0.19087844 0.06605095 0.00975690 0.82352941 0.46666667 0.18823529
v 0.19850893 0.06604998 0.00743534 0.82352941 0.46666667 0.18823529
v 0.20357206 0.06604982 0.00475186 0.82352941 0.46666667 0.18823529
v 0.21417376 0.06605031 -0.02637593 0.82352941 0.46666667 0.18823529
v 0.20967920 0.06604998 -0.03425243 0.82352941 0.46666667 0.18823529
v 0.20733328 0.06604998 -0.03692744 0.82352941 0.46666667 0.18823529
v 0.13372618 0.06530268 -0.01922384 0.82352941 0.46666667 0.18823529
v 0.14858165 0.10455008 0.00998895 0.36862745 0.38823529 0.40000000
v 0.22297966 0.06972603 0.02555343 0.36862745 0.38823529 0.40000000
v 0.24014452 0.07840285 -0.03521488 0.36862745 0.38823529 0.40000000
v 0.22112972 0.13319321 -0.01680599 0.36862745 0.38823529 0.40000000
v 0.22637139 0.10767539 -0.04635910 0.36862745 0.38823529 0.40000000
v 0.22537026 0.10824461 -0.04691919 0.36862745 0.38823529 0.40000000
v 0.22631252 0.10801567 -0.04630303 0.36862745 0.38823529 0.40000000
v 0.22633976 0.10789926 -0.04632903 0.36862745 0.38823529 0.40000000
v 0.22635967 0.10778285 -0.04634786 0.36862745 0.38823529 0.40000000
v 0.22776279 0.10810000 -0.04505604 0.36862745 0.38823529 0.40000000
v 0.22376733 0.10767306 -0.04842579 0.36862745 0.38823529 0.40000000
v 0.21683978 0.10773875 -0.05391082 0.36862745 0.38823529 0.40000000
v 0.21683604 0.10777105 -0.05390611 0.36862745 0.38823529 0.40000000
v 0.21680368 0.10796840 -0.05386535 0.36862745 0.38823529 0.40000000
v 0.02384995 0.11093952 -0.16246438 0.36862745 0.38823529 0.40000000
v 0.01620023 0.10848923 -0.15674420 0.36862745 0.38823529 0.40000000
v 0.01639527 0.10821463 -0.15562353 0.36862745 0.38823529 0.40000000
v 0.01609349 0.10818650 -0.15511020 0.36862745 0.38823529 0.40000000
v 0.01444922 0.10841979 -0.15421507 0.36862745 0.38823529 0.40000000
v 0.01839899 0.10861851 -0.15840736 0.36862745 0.38823529 0.40000000
v 0.01823803 0.10896553 -0.15938115 0.36862745 0.38823529 0.40000000
v 0.02007124 0.11050121 -0.16254039 0.36862745 0.38823529 0.40000000
v 0.02273061 0.11042537 -0.16210595 0.36862745 0.38823529 0.40000000
v 0.02052800 0.10942043 -0.16071300 0.36862745 0.38823529 0.40000000
v 0.02035358 0.10986013 -0.16152231 0.36862745 0.38823529 0.40000000
v 0.02068559 0.10902931 -0.15982185 0.36862745 0.38823529 0.40000000
v 0.01922026 0.11209238 -0.16409928 0.36862745 0.38823529 0.40000000
v 0.02360045 0.11147471 -0.16308787 0.36862745 0.38823529 0.40000000
v 0.02170075 0.11295924 -0.16463768 0.36862745 0.38823529 0.40000000
v 0.02564562 0.11276169 -0.16342719 0.36862745 0.38823529 0.40000000
v 0.01812632 0.13470121 -0.16717531 0.36862745 0.38823529 0.40000000
v 0.00920463 0.11209302 -0.15950929 0.36862745 0.38823529 0.40000000
v 0.16891231 0.10755010 0.02612237 0.36862745 0.38823529 0.40000000
v 0.14978887 0.10755010 0.01094694 0.36862745 0.38823529 0.40000000
v 0.14913814 0.10755010 0.01038331 0.36862745 0.38823529 0.40000000
v 0.15935478 0.10774936 0.01852938 0.36862745 0.38823529 0.40000000
v 0.20842883 0.12717372 0.02458034 0.36862745 0.38823529 0.40000000
v 0.15936989 0.10799195 0.01851033 0.36862745 0.38823529 0.40000000
v 0.16658907 0.10800530 0.02423264 0.36862745 0.38823529 0.40000000
v 0.15938257 0.10812850 0.01849436 0.36862745 0.38823529 0.40000000
v 0.16838858 0.10777558 0.02569450 0.36862745 0.38823529 0.40000000
v 0.16839942 0.10801013 0.02566712 0.36862745 0.38823529 0.40000000
v 0.16841711 0.10825284 0.02562250 0.36862745 0.38823529 0.40000000
v 0.17038858 0.10853609 0.02707442 0.36862745 0.38823529 0.40000000
v 0.16935450 0.10850699 0.02626646 0.36862745 0.38823529 0.40000000
v 0.16933236 0.10795328 0.02641424 0.36862745 0.38823529 0.40000000
v 0.15941136 0.10837133 0.01845808 0.36862745 0.38823529 0.40000000
v 0.20776512 0.10771866 -0.06111507 0.36862745 0.38823529 0.40000000
v 0.20608641 0.10788293 -0.06227478 0.36862745 0.38823529 0.40000000
v 0.20607805 0.10804350 -0.06221705 0.36862745 0.38823529 0.40000000
v 0.20608296 0.10771771 -0.06231740 0.36862745 0.38823529 0.40000000
v 0.20666575 0.10782298 -0.06192957 0.36862745 0.38823529 0.40000000
v 0.20665801 0.10804428 -0.06184797 0.36862745 0.38823529 0.40000000
v 0.20663813 0.10819889 -0.06177526 0.36862745 0.38823529 0.40000000
v 0.20773244 0.10820094 -0.06092948 0.36862745 0.38823529 0.40000000
v 0.20775235 0.10804631 -0.06100636 0.36862745 0.38823529 0.40000000
v 0.20776477 0.10788502 -0.06106824 0.36862745 0.38823529 0.40000000
v 0.20666905 0.10758863 -0.06197267 0.36862745 0.38823529 0.40000000
v 0.21646148 0.10371427 -0.05477550 0.36862745 0.38823529 0.40000000
v 0.00680531 0.11214216 -0.14800537 0.36862745 0.38823529 0.40000000
v 0.00865705 0.11279525 -0.13483098 0.36862745 0.38823529 0.40000000
v 0.01057772 0.11028106 -0.13921234 0.36862745 0.38823529 0.40000000
v 0.01134952 0.11031808 -0.13670671 0.36862745 0.38823529 0.40000000
v 0.00571124 0.13268368 -0.12956722 0.36862745 0.38823529 0.40000000
v 0.01326782 0.11110236 -0.12894873 0.36862745 0.38823529 0.40000000
v 0.01386905 0.10820485 -0.15069573 0.36862745 0.38823529 0.40000000
v 0.01279869 0.10850508 -0.15002692 0.36862745 0.38823529 0.40000000
v 0.01337261 0.10830678 -0.14722961 0.36862745 0.38823529 0.40000000
v 0.01187522 0.10908957 -0.14316991 0.36862745 0.38823529 0.40000000
v 0.00900686 0.11027884 -0.14904687 0.36862745 0.38823529 0.40000000
v 0.01497575 0.10796554 -0.15131833 0.36862745 0.38823529 0.40000000
v 0.01228988 0.10868419 -0.14655663 0.36862745 0.38823529 0.40000000
v 0.15011846 0.10810263 0.01115363 0.36862745 0.38823529 0.40000000
v 0.15197100 0.10810740 0.01262241 0.36862745 0.38823529 0.40000000
v 0.15207560 0.10865034 0.01257151 0.36862745 0.38823529 0.40000000
v 0.14917144 0.10782696 0.01039946 0.36862745 0.38823529 0.40000000
v 0.14932817 0.10863472 0.01037203 0.36862745 0.38823529 0.40000000
v 0.14921600 0.10809995 0.01040065 0.36862745 0.38823529 0.40000000
v 0.15022990 0.10864027 0.01111310 0.36862745 0.38823529 0.40000000
v 0.20867853 0.13874470 -0.00986199 0.36862745 0.38823529 0.40000000
v 0.21496895 0.13406545 -0.03066255 0.36862745 0.38823529 0.40000000
v 0.04396118 0.13039374 -0.08913457 0.36862745 0.38823529 0.40000000
v 0.04034123 0.13089533 -0.09255071 0.36862745 0.38823529 0.40000000
v 0.02395870 0.13775533 -0.16458412 0.36862745 0.38823529 0.40000000
v 0.00867655 0.14031659 -0.15544914 0.36862745 0.38823529 0.40000000
v 0.06172731 0.13179584 -0.07316652 0.36862745 0.38823529 0.40000000
v 0.07214428 0.13188572 -0.06389396 0.36862745 0.38823529 0.40000000
v 0.04412211 0.13242830 -0.08925357 0.36862745 0.38823529 0.40000000
v 0.04403097 0.13175523 -0.08918358 0.36862745 0.38823529 0.40000000
v 0.05023095 0.13117784 -0.08342712 0.36862745 0.38823529 0.40000000
v 0.02739096 0.13883525 -0.10828228 0.36862745 0.38823529 0.40000000
v 0.02691590 0.13836449 -0.10809161 0.36862745 0.38823529 0.40000000
v 0.03283419 0.13747317 -0.10203744 0.36862745 0.38823529 0.40000000
v 0.14130604 0.13208170 -0.00373597 0.36862745 0.38823529 0.40000000
v 0.14091955 0.13168050 -0.00376509 0.36862745 0.38823529 0.40000000
v 0.21302508 0.12329868 -0.04521980 0.36862745 0.38823529 0.40000000
v 0.20088281 0.13389249 -0.04562218 0.36862745 0.38823529 0.40000000
v 0.19815606 0.13349570 -0.04800249 0.36862745 0.38823529 0.40000000
v 0.20081419 0.13308395 -0.04659355 0.36862745 0.38823529 0.40000000
v 0.19814576 0.13459386 -0.04650297 0.36862745 0.38823529 0.40000000
v 0.20090970 0.13520278 -0.04345940 0.36862745 0.38823529 0.40000000
v 0.20080359 0.13624181 -0.04113972 0.36862745 0.38823529 0.40000000
v 0.19754316 0.13712341 -0.04081334 0.36862745 0.38823529 0.40000000
v 0.19707006 0.13784146 -0.03839818 0.36862745 0.38823529 0.40000000
v 0.20303114 0.13801740 -0.03265397 0.36862745 0.38823529 0.40000000
v 0.18808363 0.14042550 -0.01909710 0.36862745 0.38823529 0.40000000
v 0.08221371 0.13269734 -0.05551019 0.36862745 0.38823529 0.40000000
v 0.09184521 0.13249189 -0.04698915 0.36862745 0.38823529 0.40000000
v 0.15250504 0.13560422 0.00008202 0.36862745 0.38823529 0.40000000
v 0.16829497 0.13842523 0.00014214 0.36862745 0.38823529 0.40000000
v 0.17682700 0.13996446 -0.00671472 0.36862745 0.38823529 0.40000000
v 0.18078791 0.14032853 -0.01063080 0.36862745 0.38823529 0.40000000
v 0.18455419 0.14048004 -0.01476392 0.36862745 0.38823529 0.40000000
v 0.14927204 0.13392659 0.00091137 0.36862745 0.38823529 0.40000000
v 0.15032339 0.13454390 0.00071866 0.36862745 0.38823529 0.40000000
v 0.15140468 0.13510108 0.00043853 0.36862745 0.38823529 0.40000000
v 0.16480416 0.13636149 0.00699960 0.36862745 0.38823529 0.40000000
v 0.15800820 0.13651973 0.00158451 0.36862745 0.38823529 0.40000000
v 0.14055891 0.13125986 -0.00381729 0.36862745 0.38823529 0.40000000
v 0.14719644 0.13168676 0.00154465 0.36862745 0.38823529 0.40000000
v 0.14023457 0.13080966 -0.00389212 0.36862745 0.38823529 0.40000000
v 0.14567284 0.13083923 0.00071554 0.36862745 0.38823529 0.40000000
v 0.14632033 0.13389653 -0.00150515 0.36862745 0.38823529 0.40000000
v 0.14535485 0.13322313 -0.00137662 0.36862745 0.38823529 0.40000000
v 0.14444853 0.13249081 -0.00134488 0.36862745 0.38823529 0.40000000
v 0.15138756 0.13263950 0.00402503 0.36862745 0.38823529 0.40000000
v 0.02122299 0.14052303 -0.11726671 0.36862745 0.38823529 0.40000000
v 0.02629992 0.14021957 -0.11195463 0.36862745 0.38823529 0.40000000
v 0.02845646 0.13960399 -0.10872056 0.36862745 0.38823529 0.40000000
v 0.02790787 0.13924772 -0.10849337 0.36862745 0.38823529 0.40000000
v 0.03243909 0.13694352 -0.10184406 0.36862745 0.38823529 0.40000000
v 0.03210011 0.13636304 -0.10168328 0.36862745 0.38823529 0.40000000
v 0.02367436 0.13787265 -0.11064250 0.36862745 0.38823529 0.40000000
v 0.03182283 0.13573994 -0.10155764 0.36862745 0.38823529 0.40000000
v 0.02757695 0.13405964 -0.10495888 0.36862745 0.38823529 0.40000000
v 0.03775969 0.13337208 -0.09526303 0.36862745 0.38823529 0.40000000
v 0.03790560 0.13403995 -0.09534395 0.36862745 0.38823529 0.40000000
v 0.05610640 0.13110501 -0.07804771 0.36862745 0.38823529 0.40000000
v 0.05606202 0.13042945 -0.07798082 0.36862745 0.38823529 0.40000000
v 0.07220303 0.13222416 -0.06401353 0.36862745 0.38823529 0.40000000
v 0.08212362 0.13235813 -0.05535097 0.36862745 0.38823529 0.40000000
v 0.08204793 0.13200611 -0.05521167 0.36862745 0.38823529 0.40000000
v 0.09173785 0.13212754 -0.04683968 0.36862745 0.38823529 0.40000000
v 0.09164821 0.13174981 -0.04671291 0.36862745 0.38823529 0.40000000
v 0.08178197 0.13125321 -0.05512889 0.36862745 0.38823529 0.40000000
v 0.07206266 0.13118672 -0.06370939 0.36862745 0.38823529 0.40000000
v 0.03810452 0.13468874 -0.09546125 0.36862745 0.38823529 0.40000000
v 0.06164939 0.13112344 -0.07302617 0.36862745 0.38823529 0.40000000
v 0.08198698 0.13164343 -0.05509287 0.36862745 0.38823529 0.40000000
v 0.02418296 0.14187253 -0.15750283 0.36862745 0.38823529 0.40000000
v 0.02444645 0.14233178 -0.15530516 0.36862745 0.38823529 0.40000000
v 0.02252852 0.14287241 -0.15265563 0.36862745 0.38823529 0.40000000
v 0.01989493 0.14298677 -0.15189718 0.36862745 0.38823529 0.40000000
v 0.02130226 0.14295226 -0.14767091 0.36862745 0.38823529 0.40000000
v 0.02621859 0.14125097 -0.11590981 0.36862745 0.38823529 0.40000000
v 0.02880537 0.14170110 -0.11687859 0.36862745 0.38823529 0.40000000
v 0.03141008 0.14194357 -0.11786511 0.36862745 0.38823529 0.40000000
v 0.02902848 0.13990968 -0.10896021 0.36862745 0.38823529 0.40000000
v 0.01611901 0.14182302 -0.15982962 0.36862745 0.38823529 0.40000000
v 0.02576352 0.14133716 -0.15818557 0.36862745 0.38823529 0.40000000
v 0.02592489 0.13980027 -0.16134213 0.36862745 0.38823529 0.40000000
v 0.02417534 0.14090988 -0.16034921 0.36862745 0.38823529 0.40000000
v 0.02786553 0.13934797 -0.16072439 0.36862745 0.38823529 0.40000000
v 0.02676283 0.13920955 -0.16163385 0.36862745 0.38823529 0.40000000
v 0.02681332 0.14022559 -0.16004339 0.36862745 0.38823529 0.40000000
v 0.02690141 0.14063102 -0.15913816 0.36862745 0.38823529 0.40000000
v 0.02876225 0.13446917 -0.16304938 0.36862745 0.38823529 0.40000000
v 0.02932332 0.13499500 -0.16263771 0.36862745 0.38823529 0.40000000
v 0.02839381 0.13563485 -0.16305771 0.36862745 0.38823529 0.40000000
v 0.02767286 0.13887250 -0.16145907 0.36862745 0.38823529 0.40000000
v 0.02928401 0.13671477 -0.16210072 0.36862745 0.38823529 0.40000000
v 0.02886647 0.13618100 -0.16260783 0.36862745 0.38823529 0.40000000
v 0.02908239 0.13644923 -0.16236161 0.36862745 0.38823529 0.40000000
v 0.16178107 0.06505008 -0.05813390 0.36862745 0.38823529 0.40000000
v 0.16465464 0.06505008 -0.05986482 0.36862745 0.38823529 0.40000000
v 0.16862114 0.06858875 0.03169931 0.36862745 0.38823529 0.40000000
v 0.14474757 0.06505008 0.00348668 0.36862745 0.38823529 0.40000000
v 0.14308621 0.06505008 -0.00032141 0.36862745 0.38823529 0.40000000
v 0.23221388 0.06505008 0.00185111 0.36862745 0.38823529 0.40000000
v 0.14051121 0.06505009 -0.02659102 0.36862745 0.38823529 0.40000000
v 0.14233485 0.06505008 -0.03297827 0.36862745 0.38823529 0.40000000
v 0.14351127 0.06505008 -0.03613063 0.36862745 0.38823529 0.40000000
v 0.20015751 0.06505008 -0.06441326 0.36862745 0.38823529 0.40000000
v 0.20288326 0.06505008 -0.06362353 0.36862745 0.38823529 0.40000000
v 0.18666275 0.06505008 -0.06667297 0.36862745 0.38823529 0.40000000
v 0.18387067 0.06505008 -0.06651115 0.36862745 0.38823529 0.40000000
v 0.16164559 0.06505008 -0.05802798 0.36862745 0.38823529 0.40000000
v 0.17425309 0.06505017 -0.06427127 0.36862745 0.38823529 0.40000000
v 0.18107760 0.06505008 -0.06613637 0.36862745 0.38823529 0.40000000
v 0.16153014 0.06505008 -0.05790053 0.36862745 0.38823529 0.40000000
v 0.14368916 0.06505008 -0.03641404 0.36862745 0.38823529 0.40000000
v 0.13928300 0.06505008 -0.01346482 0.36862745 0.38823529 0.40000000
v 0.13912117 0.06505008 -0.01625690 0.36862745 0.38823529 0.40000000
v 0.13917087 0.06505008 -0.01907447 0.36862745 0.38823529 0.40000000
v 0.14358827 0.06505008 -0.03627982 0.36862745 0.38823529 0.40000000
v 0.13948485 0.06505008 -0.02187500 0.36862745 0.38823529 0.40000000
v 0.14118308 0.06505008 -0.00525242 0.36862745 0.38823529 0.40000000
v 0.14029303 0.06505008 -0.00792623 0.36862745 0.38823529 0.40000000
v 0.13965778 0.06505008 -0.01067175 0.36862745 0.38823529 0.40000000
v 0.20564681 0.06505008 -0.06250028 0.36862745 0.38823529 0.40000000
v 0.18948032 0.06505008 -0.06662328 0.36862745 0.38823529 0.40000000
v 0.19228084 0.06505008 -0.06630930 0.36862745 0.38823529 0.40000000
v 0.19503951 0.06505008 -0.06573413 0.36862745 0.38823529 0.40000000
v -0.00297454 0.11975003 -0.13906483 0.21176471 0.22745098 0.23921569
v -0.00357499 0.11974962 -0.13650817 0.21176471 0.22745098 0.23921569
v -0.00343895 0.11975003 -0.13356993 0.21176471 0.22745098 0.23921569
v -0.00311809 0.11974984 -0.13203165 0.21176471 0.22745098 0.23921569
v -0.00249778 0.11975003 -0.13037804 0.21176471 0.22745098 0.23921569
v 0.00004277 0.11975003 -0.12675399 0.21176471 0.22745098 0.23921569
v 0.00196619 0.12675001 -0.12451357 0.21176471 0.22745098 0.23921569
v 0.00476705 0.11975003 -0.12390960 0.21176471 0.22745098 0.23921569
v 0.00764310 0.11975034 -0.12330029 0.21176471 0.22745098 0.23921569
v 0.01026476 0.11975003 -0.12347923 0.21176471 0.22745098 0.23921569
v 0.01180942 0.11974933 -0.12381190 0.21176471 0.22745098 0.23921569
v 0.01345082 0.11975003 -0.12444019 0.21176471 0.22745098 0.23921569
v 0.01443829 0.11975003 -0.12495238 0.21176471 0.22745098 0.23921569
v 0.00205913 0.11974301 -0.15308976 0.21176471 0.22745098 0.23921569
v 0.00130638 0.13375436 -0.15129721 0.21176471 0.22745098 0.23921569
v 0.00509683 0.11975003 -0.15771377 0.21176471 0.22745098 0.23921569
v 0.13566241 0.12622319 -0.27502540 0.21176471 0.22745098 0.23921569
v 0.03847930 0.11272962 -0.17347884 0.21176471 0.22745098 0.23921569
v 0.03535346 0.11310918 -0.17242207 0.21176471 0.22745098 0.23921569
v 0.03598925 0.11297609 -0.17263715 0.21176471 0.22745098 0.23921569
v 0.03469287 0.11327959 -0.17219819 0.21176471 0.22745098 0.23921569
v 0.03722551 0.11280431 -0.17305495 0.21176471 0.22745098 0.23921569
v 0.03672149 0.11286093 -0.17288464 0.21176471 0.22745098 0.23921569
v 0.03661004 0.11287589 -0.17284702 0.21176471 0.22745098 0.23921569
v 0.03784534 0.11275698 -0.17326437 0.21176471 0.22745098 0.23921569
v 0.04491775 0.11273183 -0.17354678 0.21176471 0.22745098 0.23921569
v 0.04434375 0.11275173 -0.17335227 0.21176471 0.22745098 0.23921569
v 0.08511283 0.11291785 -0.17794213 0.21176471 0.22745098 0.23921569
v 0.08295244 0.11296434 -0.17672311 0.21176471 0.22745098 0.23921569
v 0.18793106 0.11777320 -0.24514554 0.21176471 0.22745098 0.23921569
v 0.13645016 0.11495109 -0.20707008 0.21176471 0.22745098 0.23921569
v 0.13089964 0.11458589 -0.20371471 0.21176471 0.22745098 0.23921569
v 0.11577114 0.11380084 -0.19490334 0.21176471 0.22745098 0.23921569
v 0.10048553 0.11325891 -0.18634936 0.21176471 0.22745098 0.23921569
v 0.18413331 0.12119002 -0.24093440 0.21176471 0.22745098 0.23921569
v 0.16042797 0.12485094 -0.21901719 0.21176471 0.22745098 0.23921569
v 0.01443829 0.13374996 -0.12495238 0.21176471 0.22745098 0.23921569
v 0.01257150 0.13375048 -0.12404092 0.21176471 0.22745098 0.23921569
v 0.01026476 0.13374996 -0.12347923 0.21176471 0.22745098 0.23921569
v 0.00733046 0.13375033 -0.12332471 0.21176471 0.22745098 0.23921569
v 0.00476705 0.13374996 -0.12390960 0.21176471 0.22745098 0.23921569
v 0.00004277 0.13374996 -0.12675399 0.21176471 0.22745098 0.23921569
v -0.00195909 0.12675001 -0.12822014 0.21176471 0.22745098 0.23921569
v -0.00249778 0.13374996 -0.13037804 0.21176471 0.22745098 0.23921569
v -0.00306310 0.13375023 -0.13184510 0.21176471 0.22745098 0.23921569
v -0.00343895 0.13374996 -0.13356993 0.21176471 0.22745098 0.23921569
v -0.00360130 0.13375111 -0.13619968 0.21176471 0.22745098 0.23921569
v -0.00297454 0.13374996 -0.13906483 0.21176471 0.22745098 0.23921569
v 0.00631241 0.13374497 -0.15915973 0.21176471 0.22745098 0.23921569
v 0.00426551 0.13374996 -0.15657677 0.21176471 0.22745098 0.23921569
v 0.03672149 0.14063907 -0.17288464 0.21176471 0.22745098 0.23921569
v 0.03661004 0.14062411 -0.17284702 0.21176471 0.22745098 0.23921569
v 0.03722551 0.14069569 -0.17305495 0.21176471 0.22745098 0.23921569
v 0.03847930 0.14077038 -0.17347884 0.21176471 0.22745098 0.23921569
v 0.03784534 0.14074302 -0.17326437 0.21176471 0.22745098 0.23921569
v 0.03598925 0.14052391 -0.17263715 0.21176471 0.22745098 0.23921569
v 0.03535346 0.14039081 -0.17242207 0.21176471 0.22745098 0.23921569
v 0.03469287 0.14022040 -0.17219819 0.21176471 0.22745098 0.23921569
v 0.04491775 0.14076817 -0.17354678 0.21176471 0.22745098 0.23921569
v 0.04434375 0.14074828 -0.17335227 0.21176471 0.22745098 0.23921569
v 0.08511283 0.14058214 -0.17794213 0.21176471 0.22745098 0.23921569
v 0.08366540 0.14057904 -0.17714013 0.21176471 0.22745098 0.23921569
v 0.16029280 0.13643092 -0.22262682 0.21176471 0.22745098 0.23921569
v 0.16733178 0.13580418 -0.22780751 0.21176471 0.22745098 0.23921569
v 0.10048553 0.14024109 -0.18634936 0.21176471 0.22745098 0.23921569
v 0.15432222 0.13684690 -0.21826950 0.21176471 0.22745098 0.23921569
v 0.19461098 0.13586892 -0.25236022 0.21176471 0.22745098 0.23921569
v 0.15309717 0.13713986 -0.21767779 0.21176471 0.22745098 0.23921569
v 0.14578156 0.13782239 -0.21290246 0.21176471 0.22745098 0.23921569
v 0.13645016 0.13854891 -0.20707008 0.21176471 0.22745098 0.23921569
v 0.13089964 0.13891411 -0.20371471 0.21176471 0.22745098 0.23921569
v 0.11577114 0.13969916 -0.19490334 0.21176471 0.22745098 0.23921569
v 0.19715627 0.14625578 -0.28763032 0.21176471 0.22745098 0.23921569
v 0.18502660 0.14635913 -0.29189211 0.21176471 0.22745098 0.23921569
v 0.18498808 0.14505489 -0.29547608 0.21176471 0.22745098 0.23921569
v 0.19964160 0.14254405 -0.29442906 0.21176471 0.22745098 0.23921569
v 0.18330191 0.13880926 -0.30116084 0.21176471 0.22745098 0.23921569
v 0.20562762 0.13877183 -0.29094809 0.21176471 0.22745098 0.23921569
v 0.19281062 0.14598581 -0.29432425 0.21176471 0.22745098 0.23921569
v 0.20909928 0.12986821 -0.29007134 0.21176471 0.22745098 0.23921569
v 0.20906803 0.13143079 -0.29121235 0.21176471 0.22745098 0.23921569
v 0.20051306 0.12712263 -0.30113220 0.21176471 0.22745098 0.23921569
v 0.19051701 0.13037056 -0.30466956 0.21176471 0.22745098 0.23921569
v 0.19980967 0.14037302 -0.29836804 0.21176471 0.22745098 0.23921569
v 0.18020092 0.14189462 -0.29784110 0.21176471 0.22745098 0.23921569
v 0.18372199 0.13318440 -0.30411705 0.21176471 0.22745098 0.23921569
v 0.18960099 0.14064625 -0.30107671 0.21176471 0.22745098 0.23921569
v 0.19896899 0.13900231 -0.26168075 0.21176471 0.22745098 0.23921569
v 0.20401676 0.14301039 -0.28346315 0.21176471 0.22745098 0.23921569
v 0.19534975 0.14571643 -0.28028297 0.21176471 0.22745098 0.23921569
v 0.19759806 0.14316845 -0.27187762 0.21176471 0.22745098 0.23921569
v 0.20416774 0.14262611 -0.27820897 0.21176471 0.22745098 0.23921569
v 0.19840178 0.14158197 -0.26769707 0.21176471 0.22745098 0.23921569
v 0.19713666 0.13846385 -0.25888735 0.21176471 0.22745098 0.23921569
v 0.19697455 0.13858028 -0.25894701 0.21176471 0.22745098 0.23921569
v 0.19656296 0.13882637 -0.25909856 0.21176471 0.22745098 0.23921569
v 0.17908865 0.14454710 -0.29287666 0.21176471 0.22745098 0.23921569
v 0.17994194 0.14500028 -0.29256812 0.21176471 0.22745098 0.23921569
v 0.18170972 0.14573850 -0.29192162 0.21176471 0.22745098 0.23921569
v 0.18261704 0.14603317 -0.29158601 0.21176471 0.22745098 0.23921569
v 0.18446217 0.14649220 -0.29089645 0.21176471 0.22745098 0.23921569
v 0.18539369 0.14666188 -0.29054525 0.21176471 0.22745098 0.23921569
v 0.18457267 0.14668316 -0.28940234 0.21176471 0.22745098 0.23921569
v 0.18852574 0.14700401 -0.28792435 0.21176471 0.22745098 0.23921569
v 0.19183211 0.14697497 -0.28799352 0.21176471 0.22745098 0.23921569
v 0.19051290 0.14697349 -0.28716066 0.21176471 0.22745098 0.23921569
v 0.19204110 0.14674968 -0.28501916 0.21176471 0.22745098 0.23921569
v 0.19491476 0.14543676 -0.27866662 0.21176471 0.22745098 0.23921569
v 0.19891138 0.14489213 -0.27921572 0.21176471 0.22745098 0.23921569
v 0.19504330 0.12827143 -0.24990620 0.21176471 0.22745098 0.23921569
v 0.20823871 0.12244563 -0.27156767 0.21176471 0.22745098 0.23921569
v 0.20284897 0.12551020 -0.26015887 0.21176471 0.22745098 0.23921569
v 0.20590030 0.12717772 -0.26618081 0.21176471 0.22745098 0.23921569
v 0.21004225 0.13269921 -0.28040570 0.21176471 0.22745098 0.23921569
v 0.20536444 0.13653409 -0.26843476 0.21176471 0.22745098 0.23921569
v 0.19960026 0.10871240 -0.29031101 0.21176471 0.22745098 0.23921569
v 0.19650392 0.10707739 -0.29113099 0.21176471 0.22745098 0.23921569
v 0.18817563 0.10841440 -0.29639834 0.21176471 0.22745098 0.23921569
v 0.18817930 0.10653748 -0.29016486 0.21176471 0.22745098 0.23921569
v 0.18830103 0.11249322 -0.30097607 0.21176471 0.22745098 0.23921569
v 0.18373130 0.10848417 -0.29495540 0.21176471 0.22745098 0.23921569
v 0.17720932 0.12055118 -0.30169708 0.21176471 0.22745098 0.23921569
v 0.17958762 0.11022750 -0.29554525 0.21176471 0.22745098 0.23921569
v 0.20651878 0.11449777 -0.28739578 0.21176471 0.22745098 0.23921569
v 0.21000145 0.12365282 -0.28830031 0.21176471 0.22745098 0.23921569
v 0.17961152 0.11513612 -0.30021337 0.21176471 0.22745098 0.23921569
v 0.20632279 0.12061685 -0.29514766 0.21176471 0.22745098 0.23921569
v 0.19962497 0.11526737 -0.29821268 0.21176471 0.22745098 0.23921569
v 0.20238936 0.11355246 -0.29462343 0.21176471 0.22745098 0.23921569
v 0.18997768 0.12184981 -0.30497271 0.21176471 0.22745098 0.23921569
v 0.17835917 0.12735391 -0.30354822 0.21176471 0.22745098 0.23921569
v 0.20585746 0.11261871 -0.28295264 0.21176471 0.22745098 0.23921569
v 0.20140968 0.11465246 -0.26438975 0.21176471 0.22745098 0.23921569
v 0.19759806 0.11033155 -0.27187762 0.21176471 0.22745098 0.23921569
v 0.16580977 0.11700083 -0.22586946 0.21176471 0.22745098 0.23921569
v 0.19051290 0.10652651 -0.28716066 0.21176471 0.22745098 0.23921569
v 0.18997888 0.10660203 -0.28582206 0.21176471 0.22745098 0.23921569
v 0.20353064 0.11062362 -0.27748826 0.21176471 0.22745098 0.23921569
v 0.20407636 0.11069220 -0.28256780 0.21176471 0.22745098 0.23921569
v 0.19534975 0.10778357 -0.28028297 0.21176471 0.22745098 0.23921569
v 0.19491476 0.10806323 -0.27866662 0.21176471 0.22745098 0.23921569
v 0.17908865 0.10895289 -0.29287666 0.21176471 0.22745098 0.23921569
v 0.17994194 0.10849972 -0.29256812 0.21176471 0.22745098 0.23921569
v 0.18170972 0.10776151 -0.29192162 0.21176471 0.22745098 0.23921569
v 0.18306775 0.10719968 -0.29069629 0.21176471 0.22745098 0.23921569
v 0.18358891 0.10698999 -0.28976092 0.21176471 0.22745098 0.23921569
v 0.18498039 0.10681583 -0.28999099 0.21176471 0.22745098 0.23921569
v 0.18852574 0.10649599 -0.28792435 0.21176471 0.22745098 0.23921569
v 0.19735737 0.10848378 -0.27825153 0.21176471 0.22745098 0.23921569
v 0.21021602 0.12823944 -0.27809861 0.21176471 0.22745098 0.23921569
v 0.19694789 0.11804958 -0.25521106 0.21176471 0.22745098 0.23921569
v 0.20981088 0.11960571 -0.27819559 0.21176471 0.22745098 0.23921569
v -0.13754073 -0.01199914 -0.01846867 0.82352941 0.46666667 0.18823529
v -0.13873538 -0.01249975 -0.02155147 0.82352941 0.46666667 0.18823529
v -0.13873026 -0.01247137 -0.02146653 0.82352941 0.46666667 0.18823529
v -0.13890806 -0.01246195 -0.02137269 0.82352941 0.46666667 0.18823529
v -0.13873538 -0.01249975 -0.01383684 0.82352941 0.46666667 0.18823529
v -0.13873026 -0.01247137 -0.01392178 0.82352941 0.46666667 0.18823529
v -0.13891962 -0.01248121 -0.01394031 0.82352941 0.46666667 0.18823529
v -0.13879272 -0.01245172 -0.01400814 0.82352941 0.46666667 0.18823529
v -0.19771741 -0.05872969 -0.06461615 0.82352941 0.46666667 0.18823529
v -0.19764014 -0.05869745 -0.06463168 0.82352941 0.46666667 0.18823529
v -0.19766624 -0.05878697 -0.06461207 0.82352941 0.46666667 0.18823529
v -0.19767500 -0.05881690 -0.06460366 0.82352941 0.46666667 0.18823529
v -0.19764931 -0.05830856 -0.06467630 0.82352941 0.46666667 0.18823529
v -0.20035599 -0.05759179 -0.06440383 0.82352941 0.46666667 0.18823529
v -0.19766618 -0.05043339 -0.06525514 0.82352941 0.46666667 0.18823529
v -0.19766618 -0.04768761 -0.06531408 0.82352941 0.46666667 0.18823529
v -0.19766618 -0.04220556 -0.06527039 0.82352941 0.46666667 0.18823529
v -0.19762243 -0.04789685 -0.06531599 0.82352941 0.46666667 0.18823529
v -0.19762243 -0.04768764 -0.06531803 0.82352941 0.46666667 0.18823529
v -0.19762243 -0.04220551 -0.06527428 0.82352941 0.46666667 0.18823529
v -0.20121494 -0.03151209 -0.06472053 0.82352941 0.46666667 0.18823529
v -0.20137943 -0.03152686 -0.06470904 0.82352941 0.46666667 0.18823529
v -0.20184462 -0.03127077 -0.06457570 0.82352941 0.46666667 0.18823529
v -0.19764020 -0.05869769 0.02924331 0.82352941 0.46666667 0.18823529
v -0.19762243 -0.05863659 0.02925213 0.82352941 0.46666667 0.18823529
v -0.19771703 -0.05878953 0.02921881 0.82352941 0.46666667 0.18823529
v -0.20119298 -0.03153741 0.02936642 0.82352941 0.46666667 0.18823529
v -0.19771077 -0.04768734 0.02991780 0.82352941 0.46666667 0.18823529
v -0.19766618 -0.04768741 0.02992578 0.82352941 0.46666667 0.18823529
v -0.19771077 -0.05043297 0.02985885 0.82352941 0.46666667 0.18823529
v -0.19766618 -0.05043321 0.02986683 0.82352941 0.46666667 0.18823529
v -0.19686441 -0.05361311 0.02980610 0.82352941 0.46666667 0.18823529
v -0.19762243 -0.05652397 0.02945985 0.82352941 0.46666667 0.18823529
v -0.19763641 -0.05088640 0.02985577 0.82352941 0.46666667 0.18823529
v -0.17450669 -0.04543584 0.03083184 0.82352941 0.46666667 0.18823529
v -0.20155211 -0.03152525 0.02928855 0.82352941 0.46666667 0.18823529
v -0.20193574 -0.03129102 0.02914293 0.82352941 0.46666667 0.18823529
v -0.20146592 -0.03152281 0.02930768 0.82352941 0.46666667 0.18823529
v -0.13160005 -0.06418620 0.00288745 0.82352941 0.46666667 0.18823529
v -0.13188294 -0.06457977 0.00326624 0.82352941 0.46666667 0.18823529
v -0.13160002 -0.06414570 0.00342725 0.82352941 0.46666667 0.18823529
v -0.13187262 -0.06455581 0.00344624 0.82352941 0.46666667 0.18823529
v -0.13185979 -0.06451278 0.00366988 0.82352941 0.46666667 0.18823529
v -0.13159946 -0.06374042 0.00458780 0.82352941 0.46666667 0.18823529
v -0.13184580 -0.06444840 0.00391342 0.82352941 0.46666667 0.18823529
v -0.13182560 -0.06432025 0.00426587 0.82352941 0.46666667 0.18823529
v -0.13181713 -0.06425332 0.00441291 0.82352941 0.46666667 0.18823529
v -0.13179202 -0.06399946 0.00484963 0.82352941 0.46666667 0.18823529
v -0.13179383 -0.06402038 0.00481882 0.82352941 0.46666667 0.18823529
v -0.13180400 -0.06413178 0.00464114 0.82352941 0.46666667 0.18823529
v -0.13181461 -0.06423162 0.00445690 0.82352941 0.46666667 0.18823529
v -0.13178417 -0.06389956 0.00498690 0.82352941 0.46666667 0.18823529
v -0.13177505 -0.06376891 0.00514593 0.82352941 0.46666667 0.18823529
v -0.13176653 -0.06362997 0.00529446 0.82352941 0.46666667 0.18823529
v -0.13176981 -0.06368600 0.00523682 0.82352941 0.46666667 0.18823529
v -0.13175145 -0.06333153 0.00555702 0.82352941 0.46666667 0.18823529
v -0.13167563 -0.06285380 0.00579910 0.82352941 0.46666667 0.18823529
v -0.13175865 -0.06348436 0.00543120 0.82352941 0.46666667 0.18823529
v -0.13168357 -0.05336278 -0.04539549 0.82352941 0.46666667 0.18823529
v -0.13174982 -0.06224679 0.00629630 0.82352941 0.46666667 0.18823529
v -0.13166414 -0.06071260 0.00709814 0.82352941 0.46666667 0.18823529
v -0.13175693 -0.05932431 0.00794866 0.82352941 0.46666667 0.18823529
v -0.13167742 -0.05826715 0.00833208 0.82352941 0.46666667 0.18823529
v -0.13176031 -0.05666732 0.00908836 0.82352941 0.46666667 0.18823529
v -0.13167897 -0.05237113 0.01022176 0.82352941 0.46666667 0.18823529
v -0.13176271 -0.05391329 0.00995239 0.82352941 0.46666667 0.18823529
v -0.13176174 -0.05507677 0.00962438 0.82352941 0.46666667 0.18823529
v -0.13167793 -0.05586290 0.00926500 0.82352941 0.46666667 0.18823529
v -0.13209708 -0.04700603 0.01207154 0.82352941 0.46666667 0.18823529
v -0.13167566 -0.03847926 0.00956837 0.82352941 0.46666667 0.18823529
v -0.13168336 -0.03472029 0.00815759 0.82352941 0.46666667 0.18823529
v -0.13173452 -0.03600883 0.00876971 0.82352941 0.46666667 0.18823529
v -0.13164598 -0.03274098 0.00703495 0.82352941 0.46666667 0.18823529
v -0.13175175 -0.03222346 0.00689592 0.82352941 0.46666667 0.18823529
v -0.13173345 -0.03369277 0.00770702 0.82352941 0.46666667 0.18823529
v -0.13177183 -0.03081554 0.00600507 0.82352941 0.46666667 0.18823529
v -0.13179269 -0.02946925 0.00503703 0.82352941 0.46666667 0.18823529
v -0.13170771 -0.02911509 0.00465804 0.82352941 0.46666667 0.18823529
v -0.13182005 -0.02782929 0.00368085 0.82352941 0.46666667 0.18823529
v -0.13183531 -0.02696448 0.00287499 0.82352941 0.46666667 0.18823529
v -0.13165762 -0.02577604 0.00137839 0.82352941 0.46666667 0.18823529
v -0.13238369 -0.01372412 -0.01251542 0.82352941 0.46666667 0.18823529
v -0.13258529 -0.01214216 -0.01720058 0.82352941 0.46666667 0.18823529
v -0.13213143 -0.01368932 -0.02012513 0.82352941 0.46666667 0.18823529
v -0.13164720 -0.02556925 -0.03644646 0.82352941 0.46666667 0.18823529
v -0.13188925 -0.02408921 -0.03499606 0.82352941 0.46666667 0.18823529
v -0.13193713 -0.02392088 -0.03488811 0.82352941 0.46666667 0.18823529
v -0.13168287 -0.02702995 -0.03812822 0.82352941 0.46666667 0.18823529
v -0.13221663 -0.02449339 -0.03622138 0.82352941 0.46666667 0.18823529
v -0.13182005 -0.02782780 -0.03906783 0.82352941 0.46666667 0.18823529
v -0.13182941 -0.02729576 -0.03858015 0.82352941 0.46666667 0.18823529
v -0.13170542 -0.02991322 -0.04067322 0.82352941 0.46666667 0.18823529
v -0.13168220 -0.04122917 -0.04640649 0.82352941 0.46666667 0.18823529
v -0.13176218 -0.05456775 -0.04516272 0.82352941 0.46666667 0.18823529
v -0.13164614 -0.05827329 -0.04365238 0.82352941 0.46666667 0.18823529
v -0.13176081 -0.05617147 -0.04465494 0.82352941 0.46666667 0.18823529
v -0.13175920 -0.05773608 -0.04405627 0.82352941 0.46666667 0.18823529
v -0.13165592 -0.06078398 -0.04245241 0.82352941 0.46666667 0.18823529
v -0.13175747 -0.05899064 -0.04349783 0.82352941 0.46666667 0.18823529
v -0.13175091 -0.06193487 -0.04188320 0.82352941 0.46666667 0.18823529
v -0.13168557 -0.06277085 -0.04127523 0.82352941 0.46666667 0.18823529
v -0.13175151 -0.06333236 -0.04094473 0.82352941 0.46666667 0.18823529
v -0.13160005 -0.06349145 -0.04025403 0.82352941 0.46666667 0.18823529
v -0.13176653 -0.06362997 -0.04068270 0.82352941 0.46666667 0.18823529
v -0.13176335 -0.06357335 -0.04073802 0.82352941 0.46666667 0.18823529
v -0.13179389 -0.06402074 -0.04020664 0.82352941 0.46666667 0.18823529
v -0.13178614 -0.06392519 -0.04034135 0.82352941 0.46666667 0.18823529
v -0.13160002 -0.06379902 -0.03981189 0.82352941 0.46666667 0.18823529
v -0.13178417 -0.06389915 -0.04037568 0.82352941 0.46666667 0.18823529
v -0.13177505 -0.06376921 -0.04053393 0.82352941 0.46666667 0.18823529
v -0.13181195 -0.06420796 -0.03989139 0.82352941 0.46666667 0.18823529
v -0.13181461 -0.06423156 -0.03984533 0.82352941 0.46666667 0.18823529
v -0.13182560 -0.06432025 -0.03965417 0.82352941 0.46666667 0.18823529
v -0.13160002 -0.06406923 -0.03915856 0.82352941 0.46666667 0.18823529
v -0.13183770 -0.06440221 -0.03944293 0.82352941 0.46666667 0.18823529
v -0.13187347 -0.06456307 -0.03883067 0.82352941 0.46666667 0.18823529
v -0.13160005 -0.06416659 -0.03863183 0.82352941 0.46666667 0.18823529
v -0.13160005 -0.06418620 -0.03827575 0.82352941 0.46666667 0.18823529
v -0.13330004 -0.01260429 -0.02175329 0.82352941 0.46666667 0.18823529
v -0.13280001 -0.01301884 -0.02147368 0.82352941 0.46666667 0.18823529
v -0.13330004 -0.01252460 -0.02161143 0.82352941 0.46666667 0.18823529
v -0.13330004 -0.01246893 -0.02145848 0.82352941 0.46666667 0.18823529
v -0.13330004 -0.01246893 -0.01392982 0.82352941 0.46666667 0.18823529
v -0.19616623 -0.02885684 -0.06415090 0.82352941 0.46666667 0.18823529
v -0.19838144 -0.02974746 -0.06454768 0.82352941 0.46666667 0.18823529
v -0.19807418 -0.02994996 -0.06465612 0.82352941 0.46666667 0.18823529
v -0.19876082 -0.03029614 -0.06472538 0.82352941 0.46666667 0.18823529
v -0.19907339 -0.03046614 -0.06474295 0.82352941 0.46666667 0.18823529
v -0.19936873 -0.03068900 -0.06475464 0.82352941 0.46666667 0.18823529
v -0.19830544 -0.03008252 -0.06469026 0.82352941 0.46666667 0.18823529
v -0.19873400 -0.03032529 -0.06473348 0.82352941 0.46666667 0.18823529
v -0.19808383 -0.02995431 -0.06465724 0.82352941 0.46666667 0.18823529
v -0.19812824 -0.02997988 -0.06466439 0.82352941 0.46666667 0.18823529
v -0.19813813 -0.02995430 -0.06465436 0.82352941 0.46666667 0.18823529
v -0.19994901 -0.03059914 -0.06469959 0.82352941 0.46666667 0.18823529
v -0.19267227 -0.06210457 -0.06450006 0.82352941 0.46666667 0.18823529
v -0.19533928 -0.06041347 -0.06455556 0.82352941 0.46666667 0.18823529
v -0.19659694 -0.05965285 -0.06455848 0.82352941 0.46666667 0.18823529
v -0.19451635 -0.06119369 -0.06448364 0.82352941 0.46666667 0.18823529
v -0.19766437 -0.05899088 -0.06455493 0.82352941 0.46666667 0.18823529
v -0.19539060 -0.06048416 -0.06453369 0.82352941 0.46666667 0.18823529
v -0.19412757 -0.06123410 -0.06452797 0.82352941 0.46666667 0.18823529
v -0.19682452 -0.02939457 0.02911331 0.82352941 0.46666667 0.18823529
v -0.19688554 -0.02954560 0.02917548 0.82352941 0.46666667 0.18823529
v -0.20028359 -0.03060145 0.02927288 0.82352941 0.46666667 0.18823529
v -0.19748260 -0.02974027 0.02921875 0.82352941 0.46666667 0.18823529
v -0.19808371 -0.02995431 0.02926894 0.82352941 0.46666667 0.18823529
v -0.19940062 -0.03070682 0.02936604 0.82352941 0.46666667 0.18823529
v -0.19888365 -0.03015587 0.02928613 0.82352941 0.46666667 0.18823529
v -0.19812649 -0.02992730 0.02925609 0.82352941 0.46666667 0.18823529
v -0.19866736 -0.03028798 0.02934011 0.82352941 0.46666667 0.18823529
v -0.19905879 -0.03050822 0.02936210 0.82352941 0.46666667 0.18823529
v -0.19978404 -0.03005435 0.02902890 0.82352941 0.46666667 0.18823529
v -0.19668776 -0.02918158 0.02900986 0.82352941 0.46666667 0.18823529
v -0.19288728 -0.06218042 0.02908605 0.82352941 0.46666667 0.18823529
v -0.19299136 -0.06259628 0.02894063 0.82352941 0.46666667 0.18823529
v -0.19273497 -0.06198496 0.02913182 0.82352941 0.46666667 0.18823529
v -0.19412757 -0.06123404 0.02913966 0.82352941 0.46666667 0.18823529
v -0.19350816 -0.06162416 0.02912947 0.82352941 0.46666667 0.18823529
v -0.19261420 -0.02986674 0.02949887 0.82352941 0.46666667 0.18823529
v -0.19263007 -0.02986508 0.02949758 0.82352941 0.46666667 0.18823529
v -0.19328763 -0.02971571 0.02941086 0.82352941 0.46666667 0.18823529
v -0.19293322 -0.02959429 0.02937495 0.82352941 0.46666667 0.18823529
v -0.19273975 -0.02971242 0.02943462 0.82352941 0.46666667 0.18823529
v -0.19690536 -0.02950709 0.02915951 0.82352941 0.46666667 0.18823529
v -0.19523402 -0.02885437 0.02879347 0.82352941 0.46666667 0.18823529
v -0.19431521 -0.02903509 0.02898183 0.82352941 0.46666667 0.18823529
v -0.19345541 -0.02925831 0.02916922 0.82352941 0.46666667 0.18823529
v -0.19335593 -0.02942065 0.02927337 0.82352941 0.46666667 0.18823529
v -0.19281311 -0.02953446 0.02934768 0.82352941 0.46666667 0.18823529
v -0.19409968 -0.02950243 0.02928713 0.82352941 0.46666667 0.18823529
v -0.19257279 -0.02986663 0.02950003 0.82352941 0.46666667 0.18823529
v -0.19257644 -0.02985328 0.02949525 0.82352941 0.46666667 0.18823529
v -0.19259472 -0.02976310 0.02945902 0.82352941 0.46666667 0.18823529
v -0.19259997 -0.03093155 0.02968540 0.82352941 0.46666667 0.18823529
v -0.19257285 -0.03031617 0.02962526 0.82352941 0.46666667 0.18823529
v -0.19262989 -0.03045457 0.02964660 0.82352941 0.46666667 0.18823529
v -0.19257285 -0.03045427 0.02964832 0.82352941 0.46666667 0.18823529
v -0.19262989 -0.03065943 0.02966823 0.82352941 0.46666667 0.18823529
v -0.19257291 -0.03065943 0.02966996 0.82352941 0.46666667 0.18823529
v -0.19257291 -0.03092420 0.02968558 0.82352941 0.46666667 0.18823529
v -0.19262995 -0.03006279 0.02956261 0.82352941 0.46666667 0.18823529
v -0.19262995 -0.03025770 0.02961167 0.82352941 0.46666667 0.18823529
v -0.19572671 -0.02871375 0.02862638 0.82352941 0.46666667 0.18823529
v -0.19609617 -0.02880492 0.02870972 0.82352941 0.46666667 0.18823529
v -0.19652973 -0.02898216 0.02885941 0.82352941 0.46666667 0.18823529
v -0.19560732 -0.02874505 0.02866574 0.82352941 0.46666667 0.18823529
v -0.19558555 -0.02846722 0.02827677 0.82352941 0.46666667 0.18823529
v -0.19537972 -0.02824037 0.02780107 0.82352941 0.46666667 0.18823529
v -0.19538458 -0.02851975 0.02837445 0.82352941 0.46666667 0.18823529
v -0.19520779 -0.02834487 0.02807649 0.82352941 0.46666667 0.18823529
v -0.19525459 -0.02831236 0.02800624 0.82352941 0.46666667 0.18823529
v -0.19606018 -0.02847888 0.02822361 0.82352941 0.46666667 0.18823529
v -0.19261242 -0.06201504 0.02912845 0.82352941 0.46666667 0.18823529
v -0.19265325 -0.06208031 0.02911665 0.82352941 0.46666667 0.18823529
v -0.19519992 -0.02823877 0.02782973 0.82352941 0.46666667 0.18823529
v -0.19514842 -0.02828347 0.02794649 0.82352941 0.46666667 0.18823529
v -0.19510432 -0.02823919 0.02783992 0.82352941 0.46666667 0.18823529
v -0.19508894 -0.02814841 0.02755608 0.82352941 0.46666667 0.18823529
v -0.19215323 -0.06367968 0.02818175 0.82352941 0.46666667 0.18823529
v -0.19219394 -0.06356238 0.02831407 0.82352941 0.46666667 0.18823529
v -0.19223525 -0.06344239 0.02843322 0.82352941 0.46666667 0.18823529
v -0.19226344 -0.06335972 0.02850713 0.82352941 0.46666667 0.18823529
v -0.19230033 -0.06325077 0.02859594 0.82352941 0.46666667 0.18823529
v -0.19234957 -0.06310372 0.02870192 0.82352941 0.46666667 0.18823529
v -0.19261371 -0.06369264 0.02818732 0.82352941 0.46666667 0.18823529
v -0.19253094 -0.06254886 0.02898761 0.82352941 0.46666667 0.18823529
v -0.19260217 -0.06232630 0.02906021 0.82352941 0.46666667 0.18823529
v -0.19239230 -0.06297468 0.02878346 0.82352941 0.46666667 0.18823529
v -0.19248968 -0.06292813 0.02880782 0.82352941 0.46666667 0.18823529
v -0.19244178 -0.06282376 0.02886649 0.82352941 0.46666667 0.18823529
v -0.19213511 -0.06396793 0.02775403 0.82352941 0.46666667 0.18823529
v -0.19206621 -0.06392615 0.02783277 0.82352941 0.46666667 0.18823529
v -0.19211860 -0.06377851 0.02805533 0.82352941 0.46666667 0.18823529
v -0.19199826 -0.06411420 0.02745487 0.82352941 0.46666667 0.18823529
v -0.19195993 -0.06421845 0.02714839 0.82352941 0.46666667 0.18823529
v -0.19195153 -0.06424122 0.02706023 0.82352941 0.46666667 0.18823529
v -0.19214506 -0.06424375 0.02700595 0.82352941 0.46666667 0.18823529
v -0.19193204 -0.06429367 0.02678164 0.82352941 0.46666667 0.18823529
v -0.19244541 -0.06418978 0.02696826 0.82352941 0.46666667 0.18823529
v -0.19263554 -0.06186099 -0.06453637 0.82352941 0.46666667 0.18823529
v -0.19260217 -0.06199388 -0.06452022 0.82352941 0.46666667 0.18823529
v -0.19282909 -0.06203653 -0.06450766 0.82352941 0.46666667 0.18823529
v -0.19257279 -0.03005987 -0.06495187 0.82352941 0.46666667 0.18823529
v -0.19262995 -0.03006035 -0.06495021 0.82352941 0.46666667 0.18823529
v -0.19262995 -0.02986753 -0.06488679 0.82352941 0.46666667 0.18823529
v -0.19257279 -0.03025984 -0.06500217 0.82352941 0.46666667 0.18823529
v -0.19262995 -0.03026020 -0.06500050 0.82352941 0.46666667 0.18823529
v -0.19257279 -0.03031390 -0.06501321 0.82352941 0.46666667 0.18823529
v -0.19262989 -0.03046077 -0.06503580 0.82352941 0.46666667 0.18823529
v -0.19257279 -0.03046053 -0.06503753 0.82352941 0.46666667 0.18823529
v -0.19257285 -0.03074306 -0.06506334 0.82352941 0.46666667 0.18823529
v -0.19259493 -0.03077052 -0.06506513 0.82352941 0.46666667 0.18823529
v -0.19666097 -0.05367840 -0.06520695 0.82352941 0.46666667 0.18823529
v -0.19262971 -0.04789918 -0.06554052 0.82352941 0.46666667 0.18823529
v -0.19286081 -0.06231362 -0.06444100 0.82352941 0.46666667 0.18823529
v -0.19264337 -0.06344982 -0.06377410 0.82352941 0.46666667 0.18823529
v -0.19263285 -0.06385870 -0.06325933 0.82352941 0.46666667 0.18823529
v -0.19196035 -0.06421845 -0.06253669 0.82352941 0.46666667 0.18823529
v -0.19193514 -0.06428592 -0.06222400 0.82352941 0.46666667 0.18823529
v -0.19200392 -0.06410001 -0.06287745 0.82352941 0.46666667 0.18823529
v -0.19237356 -0.06397348 -0.06309839 0.82352941 0.46666667 0.18823529
v -0.19197382 -0.06418221 -0.06265704 0.82352941 0.46666667 0.18823529
v -0.19220062 -0.06379853 -0.06341037 0.82352941 0.46666667 0.18823529
v -0.19211914 -0.06377719 -0.06344506 0.82352941 0.46666667 0.18823529
v -0.19219424 -0.06356208 -0.06370226 0.82352941 0.46666667 0.18823529
v -0.19227029 -0.06333993 -0.06391212 0.82352941 0.46666667 0.18823529
v -0.19234098 -0.06312905 -0.06407306 0.82352941 0.46666667 0.18823529
v -0.19243194 -0.06285410 -0.06423911 0.82352941 0.46666667 0.18823529
v -0.19258012 -0.06239419 -0.06442861 0.82352941 0.46666667 0.18823529
v -0.19251628 -0.06259362 -0.06435868 0.82352941 0.46666667 0.18823529
v -0.19244231 -0.06282286 -0.06425527 0.82352941 0.46666667 0.18823529
v -0.19244553 -0.06418978 -0.06235668 0.82352941 0.46666667 0.18823529
v -0.19244692 -0.06370575 -0.06351393 0.82352941 0.46666667 0.18823529
v -0.19215414 -0.06421908 -0.06252288 0.82352941 0.46666667 0.18823529
v -0.19205888 -0.06394665 -0.06318615 0.82352941 0.46666667 0.18823529
v -0.19384588 -0.06153630 -0.06450012 0.82352941 0.46666667 0.18823529
v -0.19297642 -0.06266634 -0.06429192 0.82352941 0.46666667 0.18823529
v -0.19283432 -0.06308563 -0.06405867 0.82352941 0.46666667 0.18823529
v -0.19613945 -0.02900831 -0.06429738 0.82352941 0.46666667 0.18823529
v -0.19415487 -0.02907037 -0.06440309 0.82352941 0.46666667 0.18823529
v -0.19514705 -0.02886933 -0.06419895 0.82352941 0.46666667 0.18823529
v -0.19263007 -0.02986508 -0.06488588 0.82352941 0.46666667 0.18823529
v -0.19259617 -0.02986193 -0.06488620 0.82352941 0.46666667 0.18823529
v -0.19747834 -0.02936892 -0.06444266 0.82352941 0.46666667 0.18823529
v -0.19672275 -0.02949548 -0.06455313 0.82352941 0.46666667 0.18823529
v -0.19289741 -0.02966803 -0.06479875 0.82352941 0.46666667 0.18823529
v -0.19269244 -0.02975543 -0.06484168 0.82352941 0.46666667 0.18823529
v -0.19261177 -0.02972877 -0.06483249 0.82352941 0.46666667 0.18823529
v -0.19271220 -0.02960968 -0.06477597 0.82352941 0.46666667 0.18823529
v -0.19281013 -0.02953612 -0.06473693 0.82352941 0.46666667 0.18823529
v -0.19359280 -0.02921629 -0.06452557 0.82352941 0.46666667 0.18823529
v -0.19345233 -0.02939032 -0.06464159 0.82352941 0.46666667 0.18823529
v -0.19441691 -0.02916660 -0.06447026 0.82352941 0.46666667 0.18823529
v -0.19538046 -0.02851569 -0.06375673 0.82352941 0.46666667 0.18823529
v -0.19548573 -0.02861994 -0.06390212 0.82352941 0.46666667 0.18823529
v -0.19553237 -0.02855357 -0.06380694 0.82352941 0.46666667 0.18823529
v -0.19609976 -0.02855284 -0.06373083 0.82352941 0.46666667 0.18823529
v -0.19518752 -0.02832377 -0.06342199 0.82352941 0.46666667 0.18823529
v -0.19581626 -0.02813479 -0.06270582 0.82352941 0.46666667 0.18823529
v -0.21385480 -0.03176728 -0.05888174 0.82352941 0.46666667 0.18823529
v -0.19542198 -0.02828246 -0.06330308 0.82352941 0.46666667 0.18823529
v -0.19514389 -0.02819222 -0.06308886 0.82352941 0.46666667 0.18823529
v -0.19521125 -0.02817320 -0.06300727 0.82352941 0.46666667 0.18823529
v -0.19507916 -0.02821534 -0.06316487 0.82352941 0.46666667 0.18823529
v -0.17513146 -0.02789176 -0.06323635 0.82352941 0.46666667 0.18823529
v -0.17513473 -0.02798324 -0.06347124 0.82352941 0.46666667 0.18823529
v -0.17499427 -0.02941244 -0.06499313 0.82352941 0.46666667 0.18823529
v -0.17501730 -0.02892859 -0.06469613 0.82352941 0.46666667 0.18823529
v -0.17507423 -0.02824273 -0.06397736 0.82352941 0.46666667 0.18823529
v -0.17513701 -0.02812594 -0.06375691 0.82352941 0.46666667 0.18823529
v -0.17514279 -0.02976781 -0.06515595 0.82352941 0.46666667 0.18823529
v -0.17513886 -0.02829504 -0.06402346 0.82352941 0.46666667 0.18823529
v -0.17514041 -0.02849024 -0.06427267 0.82352941 0.46666667 0.18823529
v -0.17514160 -0.02870982 -0.06450102 0.82352941 0.46666667 0.18823529
v -0.17514250 -0.02895099 -0.06470528 0.82352941 0.46666667 0.18823529
v -0.17514303 -0.02948767 -0.06503639 0.82352941 0.46666667 0.18823529
v -0.17514303 -0.02947574 -0.06503054 0.82352941 0.46666667 0.18823529
v -0.17514297 -0.02921080 -0.06488404 0.82352941 0.46666667 0.18823529
v -0.17514172 -0.03021395 -0.06528434 0.82352941 0.46666667 0.18823529
v -0.17513981 -0.03066724 -0.06534550 0.82352941 0.46666667 0.18823529
v -0.16932224 -0.03381991 -0.06556489 0.82352941 0.46666667 0.18823529
v -0.17513908 -0.03095507 -0.06536236 0.82352941 0.46666667 0.18823529
v -0.17498517 -0.06260681 -0.06467709 0.82352941 0.46666667 0.18823529
v -0.17514732 -0.06189250 -0.06481948 0.82352941 0.46666667 0.18823529
v -0.17502996 -0.06391433 -0.06372555 0.82352941 0.46666667 0.18823529
v -0.17512704 -0.06424068 -0.06323317 0.82352941 0.46666667 0.18823529
v -0.17512871 -0.06416635 -0.06336532 0.82352941 0.46666667 0.18823529
v -0.17503774 -0.06353607 -0.06411404 0.82352941 0.46666667 0.18823529
v -0.17513946 -0.06342070 -0.06420866 0.82352941 0.46666667 0.18823529
v -0.17514142 -0.06320690 -0.06436011 0.82352941 0.46666667 0.18823529
v -0.17514333 -0.06295239 -0.06450699 0.82352941 0.46666667 0.18823529
v -0.17514405 -0.06283318 -0.06456473 0.82352941 0.46666667 0.18823529
v -0.17514476 -0.06270962 -0.06461790 0.82352941 0.46666667 0.18823529
v -0.17514619 -0.06237201 -0.06473146 0.82352941 0.46666667 0.18823529
v -0.17514677 -0.06217115 -0.06477831 0.82352941 0.46666667 0.18823529
v -0.17502873 -0.06329995 -0.06429475 0.82352941 0.46666667 0.18823529
v -0.17506443 -0.06455871 -0.06229866 0.82352941 0.46666667 0.18823529
v -0.17511550 -0.06455080 -0.06233796 0.82352941 0.46666667 0.18823529
v -0.17512108 -0.06444012 -0.06276868 0.82352941 0.46666667 0.18823529
v -0.17512235 -0.06440519 -0.06286725 0.82352941 0.46666667 0.18823529
v -0.17513163 -0.06401472 -0.06359550 0.82352941 0.46666667 0.18823529
v -0.17513445 -0.06384127 -0.06381276 0.82352941 0.46666667 0.18823529
v -0.17513707 -0.06364440 -0.06401709 0.82352941 0.46666667 0.18823529
v -0.17513362 -0.02792936 0.02795156 0.82352941 0.46666667 0.18823529
v -0.17513588 -0.02804887 0.02822336 0.82352941 0.46666667 0.18823529
v -0.17235380 -0.02909431 0.02924882 0.82352941 0.46666667 0.18823529
v -0.17514303 -0.02950394 0.02965595 0.82352941 0.46666667 0.18823529
v -0.17514279 -0.02976781 0.02976765 0.82352941 0.46666667 0.18823529
v -0.17514297 -0.02924156 0.02951445 0.82352941 0.46666667 0.18823529
v -0.17514262 -0.02899605 0.02935084 0.82352941 0.46666667 0.18823529
v -0.17514190 -0.02876687 0.02916493 0.82352941 0.46666667 0.18823529
v -0.17514081 -0.02855396 0.02895536 0.82352941 0.46666667 0.18823529
v -0.17513946 -0.02836215 0.02872672 0.82352941 0.46666667 0.18823529
v -0.17513777 -0.02819424 0.02848341 0.82352941 0.46666667 0.18823529
v -0.17514172 -0.03021389 0.02989604 0.82352941 0.46666667 0.18823529
v -0.17514250 -0.02989858 0.02981277 0.82352941 0.46666667 0.18823529
v -0.17513981 -0.03066736 0.02995720 0.82352941 0.46666667 0.18823529
v -0.17513981 -0.03066986 0.02995737 0.82352941 0.46666667 0.18823529
v -0.17505392 -0.03067016 0.02995511 0.82352941 0.46666667 0.18823529
v -0.16866042 -0.03050601 0.02926096 0.82352941 0.46666667 0.18823529
v -0.17505907 -0.03204465 0.03003439 0.82352941 0.46666667 0.18823529
v -0.17513902 -0.03097647 0.02997526 0.82352941 0.46666667 0.18823529
v -0.17506707 -0.03093318 0.02997160 0.82352941 0.46666667 0.18823529
v -0.17500354 -0.03065347 0.02994964 0.82352941 0.46666667 0.18823529
v -0.17514732 -0.06189244 0.02943118 0.82352941 0.46666667 0.18823529
v -0.17512748 -0.06422316 0.02787741 0.82352941 0.46666667 0.18823529
v -0.17512561 -0.06429671 0.02773400 0.82352941 0.46666667 0.18823529
v -0.17506698 -0.06440150 0.02748724 0.82352941 0.46666667 0.18823529
v -0.17500429 -0.06340337 0.02882711 0.82352941 0.46666667 0.18823529
v -0.17513934 -0.06343512 0.02880915 0.82352941 0.46666667 0.18823529
v -0.17513946 -0.06342439 0.02881755 0.82352941 0.46666667 0.18823529
v -0.17502579 -0.06275677 0.02922504 0.82352941 0.46666667 0.18823529
v -0.17514142 -0.06320547 0.02897271 0.82352941 0.46666667 0.18823529
v -0.17514321 -0.06296496 0.02911218 0.82352941 0.46666667 0.18823529
v -0.17514446 -0.06276344 0.02920725 0.82352941 0.46666667 0.18823529
v -0.17514589 -0.06244360 0.02932276 0.82352941 0.46666667 0.18823529
v -0.17514643 -0.06229501 0.02936282 0.82352941 0.46666667 0.18823529
v -0.17504425 -0.06217013 0.02938654 0.82352941 0.46666667 0.18823529
v -0.17513290 -0.06394290 0.02830209 0.82352941 0.46666667 0.18823529
v -0.17506155 -0.06383942 0.02842428 0.82352941 0.46666667 0.18823529
v -0.17513701 -0.06364708 0.02862622 0.82352941 0.46666667 0.18823529
v -0.17513753 -0.06360255 0.02866759 0.82352941 0.46666667 0.18823529
v -0.17511488 -0.06455706 0.02691438 0.82352941 0.46666667 0.18823529
v -0.17512146 -0.06443040 0.02740886 0.82352941 0.46666667 0.18823529
v -0.17511889 -0.06449019 0.02721651 0.82352941 0.46666667 0.18823529
v -0.17449401 -0.06454527 0.02697107 0.82352941 0.46666667 0.18823529
v -0.17506684 -0.06456290 0.02687540 0.82352941 0.46666667 0.18823529
v -0.17448841 -0.06356101 0.02865218 0.82352941 0.46666667 0.18823529
v -0.17513163 -0.06401472 0.02820714 0.82352941 0.46666667 0.18823529
v -0.15706012 -0.06335645 0.02163943 0.82352941 0.46666667 0.18823529
v -0.15697965 -0.06313799 0.02175852 0.82352941 0.46666667 0.18823529
v -0.17337185 -0.06403852 0.02794843 0.82352941 0.46666667 0.18823529
v -0.17337720 -0.05943815 0.02958703 0.82352941 0.46666667 0.18823529
v -0.16239902 -0.06202045 0.02543957 0.82352941 0.46666667 0.18823529
v -0.15960869 -0.06220310 0.02384194 0.82352941 0.46666667 0.18823529
v -0.15963478 -0.06241594 0.02379712 0.82352941 0.46666667 0.18823529
v -0.15816195 -0.06456380 0.02000781 0.82352941 0.46666667 0.18823529
v -0.16386144 -0.06468881 0.02305460 0.82352941 0.46666667 0.18823529
v -0.15736702 -0.06393479 0.02118494 0.82352941 0.46666667 0.18823529
v -0.16781530 -0.06383788 0.02699684 0.82352941 0.46666667 0.18823529
v -0.15725467 -0.06375758 0.02135130 0.82352941 0.46666667 0.18823529
v -0.15967378 -0.06265245 0.02373000 0.82352941 0.46666667 0.18823529
v -0.16013093 -0.06296589 0.02385201 0.82352941 0.46666667 0.18823529
v -0.16161437 -0.06394567 0.02394485 0.82352941 0.46666667 0.18823529
v -0.15715203 -0.06356393 0.02150329 0.82352941 0.46666667 0.18823529
v -0.15788487 -0.06444262 0.02041813 0.82352941 0.46666667 0.18823529
v -0.15774831 -0.06434839 0.02062031 0.82352941 0.46666667 0.18823529
v -0.15761539 -0.06423174 0.02081712 0.82352941 0.46666667 0.18823529
v -0.15748772 -0.06409346 0.02100619 0.82352941 0.46666667 0.18823529
v -0.15748772 -0.06409340 -0.05639455 0.82352941 0.46666667 0.18823529
v -0.15736696 -0.06393473 -0.05657330 0.82352941 0.46666667 0.18823529
v -0.15960869 -0.06220310 -0.05923024 0.82352941 0.46666667 0.18823529
v -0.15942079 -0.06442344 -0.05727950 0.82352941 0.46666667 0.18823529
v -0.17402026 -0.06424516 -0.06313952 0.82352941 0.46666667 0.18823529
v -0.16930641 -0.06399409 -0.06254264 0.82352941 0.46666667 0.18823529
v -0.16800985 -0.06532102 -0.05635027 0.82352941 0.46666667 0.18823529
v -0.15761533 -0.06423168 -0.05620554 0.82352941 0.46666667 0.18823529
v -0.15774825 -0.06434833 -0.05600867 0.82352941 0.46666667 0.18823529
v -0.15788481 -0.06444256 -0.05580655 0.82352941 0.46666667 0.18823529
v -0.15967378 -0.06265240 -0.05911836 0.82352941 0.46666667 0.18823529
v -0.16037789 -0.06261915 -0.05954590 0.82352941 0.46666667 0.18823529
v -0.16008915 -0.06295609 -0.05922031 0.82352941 0.46666667 0.18823529
v -0.16702200 -0.06266157 -0.06298875 0.82352941 0.46666667 0.18823529
v -0.15706006 -0.06335639 -0.05702773 0.82352941 0.46666667 0.18823529
v -0.15697965 -0.06313793 -0.05714688 0.82352941 0.46666667 0.18823529
v -0.15725467 -0.06375752 -0.05673960 0.82352941 0.46666667 0.18823529
v -0.15715203 -0.06356387 -0.05689159 0.82352941 0.46666667 0.18823529
v -0.13160005 -0.06459998 -0.01421449 0.82352941 0.46666667 0.18823529
v -0.13160011 -0.06459998 -0.02117387 0.82352941 0.46666667 0.18823529
v -0.15797016 -0.03019869 0.02312150 0.82352941 0.46666667 0.18823529
v -0.15797016 -0.03042811 0.02333303 0.82352941 0.46666667 0.18823529
v -0.17128725 -0.02839011 -0.06300393 0.82352941 0.46666667 0.18823529
v -0.17313744 -0.03077535 -0.06523608 0.82352941 0.46666667 0.18823529
v -0.16153003 -0.05520455 0.02645922 0.82352941 0.46666667 0.18823529
v -0.15797016 -0.03067743 0.02352335 0.82352941 0.46666667 0.18823529
v -0.15797016 -0.03094327 0.02369048 0.82352941 0.46666667 0.18823529
v -0.15797016 -0.03122192 0.02383234 0.82352941 0.46666667 0.18823529
v -0.16094455 -0.02984470 0.02472611 0.82352941 0.46666667 0.18823529
v -0.16130526 -0.03083327 0.02573211 0.82352941 0.46666667 0.18823529
v -0.16093247 -0.03033918 -0.06054942 0.82352941 0.46666667 0.18823529
v -0.15801573 -0.03055395 -0.05885599 0.82352941 0.46666667 0.18823529
v -0.15797016 -0.03019869 -0.05850980 0.82352941 0.46666667 0.18823529
v -0.16094455 -0.02984470 -0.06011441 0.82352941 0.46666667 0.18823529
v -0.16729523 -0.02978702 -0.06340376 0.82352941 0.46666667 0.18823529
v -0.13160005 -0.06458818 -0.02132682 0.82352941 0.46666667 0.18823529
v -0.20184769 -0.05774997 0.02855583 0.82352941 0.46666667 0.18823529
v -0.20651008 -0.05774997 -0.06229380 0.82352941 0.46666667 0.18823529
v -0.21461585 -0.05773702 -0.05819985 0.82352941 0.46666667 0.18823529
v -0.24827033 -0.04448198 -0.01403010 0.82352941 0.46666667 0.18823529
v -0.21069996 -0.05779086 0.02508467 0.82352941 0.46666667 0.18823529
v -0.19973327 -0.02475005 0.01104023 0.82352941 0.46666667 0.18823529
v -0.20966615 -0.02475005 0.00457468 0.82352941 0.46666667 0.18823529
v -0.21104862 -0.02475005 -0.03853545 0.82352941 0.46666667 0.18823529
v -0.22790331 -0.03059308 -0.04570266 0.82352941 0.46666667 0.18823529
v -0.22134396 -0.03079754 0.01768773 0.82352941 0.46666667 0.18823529
v -0.20357206 -0.06604982 -0.04014017 0.82352941 0.46666667 0.18823529
v -0.19850893 -0.06604998 -0.04282364 0.82352941 0.46666667 0.18823529
v -0.18069197 -0.06604734 0.00871539 0.82352941 0.46666667 0.18823529
v -0.20967920 -0.06604998 -0.00113587 0.82352941 0.46666667 0.18823529
v -0.20733328 -0.06604998 0.00153913 0.82352941 0.46666667 0.18823529
v -0.19087844 -0.06605095 0.00975690 0.82352941 0.46666667 0.18823529
v -0.19850893 -0.06604998 0.00743534 0.82352941 0.46666667 0.18823529
v -0.20357206 -0.06604982 0.00475186 0.82352941 0.46666667 0.18823529
v -0.21417376 -0.06605031 -0.02637593 0.82352941 0.46666667 0.18823529
v -0.20967920 -0.06604998 -0.03425243 0.82352941 0.46666667 0.18823529
v -0.20733328 -0.06604998 -0.03692744 0.82352941 0.46666667 0.18823529
v -0.13372618 -0.06530268 -0.01922384 0.82352941 0.46666667 0.18823529
v -0.21441892 -0.06505008 -0.05813390 0.36862745 0.38823529 0.40000000
v -0.21154535 -0.06505008 -0.05986482 0.36862745 0.38823529 0.40000000
v -0.20194690 -0.06505017 -0.06427127 0.36862745 0.38823529 0.40000000
v -0.22946942 -0.06505008 0.00713774 0.36862745 0.38823529 0.40000000
v -0.23145242 -0.06505008 0.00348668 0.36862745 0.38823529 0.40000000
v -0.23311378 -0.06505008 -0.00032141 0.36862745 0.38823529 0.40000000
v -0.23386514 -0.06505008 -0.03297827 0.36862745 0.38823529 0.40000000
v -0.23268874 -0.06505008 -0.03613063 0.36862745 0.38823529 0.40000000
v -0.17604250 -0.06505008 -0.06441326 0.36862745 0.38823529 0.40000000
v -0.17331673 -0.06505008 -0.06362353 0.36862745 0.38823529 0.40000000
v -0.15888433 -0.07855005 -0.05451051 0.36862745 0.38823529 0.40000000
v -0.18953726 -0.06505008 -0.06667297 0.36862745 0.38823529 0.40000000
v -0.19232933 -0.06505008 -0.06651115 0.36862745 0.38823529 0.40000000
v -0.19512241 -0.06505008 -0.06613637 0.36862745 0.38823529 0.40000000
v -0.21455441 -0.06505008 -0.05802798 0.36862745 0.38823529 0.40000000
v -0.21466987 -0.06505008 -0.05790053 0.36862745 0.38823529 0.40000000
v -0.18116048 -0.06505008 -0.06573413 0.36862745 0.38823529 0.40000000
v -0.16274309 -0.06504866 -0.05761405 0.36862745 0.38823529 0.40000000
v -0.17055318 -0.06505008 -0.06250028 0.36862745 0.38823529 0.40000000
v -0.18671969 -0.06505008 -0.06662328 0.36862745 0.38823529 0.40000000
v -0.18391916 -0.06505008 -0.06630930 0.36862745 0.38823529 0.40000000
v -0.13912117 -0.06505008 -0.01913140 0.36862745 0.38823529 0.40000000
v -0.19382702 -0.06547247 0.03420591 0.36862745 0.38823529 0.40000000
v -0.23590697 -0.06505008 -0.00792623 0.36862745 0.38823529 0.40000000
v -0.23501693 -0.06505008 -0.00525242 0.36862745 0.38823529 0.40000000
v -0.22774766 -0.06505008 0.00957382 0.36862745 0.38823529 0.40000000
v -0.22568280 -0.06505008 0.01172671 0.36862745 0.38823529 0.40000000
v -0.23251085 -0.06505008 -0.03641404 0.36862745 0.38823529 0.40000000
v -0.23261173 -0.06505008 -0.03627982 0.36862745 0.38823529 0.40000000
v -0.23568879 -0.06505009 -0.02659102 0.36862745 0.38823529 0.40000000
v -0.23671514 -0.06505008 -0.02187500 0.36862745 0.38823529 0.40000000
v -0.23702912 -0.06505008 -0.01907447 0.36862745 0.38823529 0.40000000
v -0.23707882 -0.06505008 -0.01625690 0.36862745 0.38823529 0.40000000
v -0.23691699 -0.06505008 -0.01346482 0.36862745 0.38823529 0.40000000
v -0.23654221 -0.06505008 -0.01067175 0.36862745 0.38823529 0.40000000
v -0.20721896 -0.10538699 0.02666097 0.36862745 0.38823529 0.40000000
v -0.13484752 -0.08750419 -0.02097117 0.36862745 0.38823529 0.40000000
v -0.14287604 -0.12656640 -0.01903063 0.36862745 0.38823529 0.40000000
v -0.15935914 -0.10772820 -0.05391217 0.36862745 0.38823529 0.40000000
v -0.15243267 -0.10767306 -0.04842579 0.36862745 0.38823529 0.40000000
v -0.14982861 -0.10767539 -0.04635910 0.36862745 0.38823529 0.40000000
v -0.14984034 -0.10778285 -0.04634786 0.36862745 0.38823529 0.40000000
v -0.14986023 -0.10789926 -0.04632903 0.36862745 0.38823529 0.40000000
v -0.15936363 -0.10777063 -0.05390653 0.36862745 0.38823529 0.40000000
v -0.14988749 -0.10801567 -0.04630303 0.36862745 0.38823529 0.40000000
v -0.16713229 -0.12340730 -0.04872888 0.36862745 0.38823529 0.40000000
v -0.14824814 -0.10807039 -0.04485197 0.36862745 0.38823529 0.40000000
v -0.35551441 -0.10902931 -0.15982185 0.36862745 0.38823529 0.40000000
v -0.35567200 -0.10942043 -0.16071300 0.36862745 0.38823529 0.40000000
v -0.36973363 -0.11333162 -0.14085373 0.36862745 0.38823529 0.40000000
v -0.35069561 -0.11518592 -0.16452767 0.36862745 0.38823529 0.40000000
v -0.34804770 -0.11656786 -0.16341342 0.36862745 0.38823529 0.40000000
v -0.35780102 -0.10861851 -0.15840736 0.36862745 0.38823529 0.40000000
v -0.35999978 -0.10848923 -0.15674420 0.36862745 0.38823529 0.40000000
v -0.35980475 -0.10821463 -0.15562353 0.36862745 0.38823529 0.40000000
v -0.36175078 -0.10841979 -0.15421507 0.36862745 0.38823529 0.40000000
v -0.36010650 -0.10818650 -0.15511020 0.36862745 0.38823529 0.40000000
v -0.35796198 -0.10896553 -0.15938115 0.36862745 0.38823529 0.40000000
v -0.35584643 -0.10986013 -0.16152231 0.36862745 0.38823529 0.40000000
v -0.35346937 -0.11042537 -0.16210595 0.36862745 0.38823529 0.40000000
v -0.35055438 -0.11276169 -0.16342719 0.36862745 0.38823529 0.40000000
v -0.35235006 -0.11093952 -0.16246438 0.36862745 0.38823529 0.40000000
v -0.35637447 -0.11360518 -0.16515245 0.36862745 0.38823529 0.40000000
v -0.35259956 -0.11147471 -0.16308787 0.36862745 0.38823529 0.40000000
v -0.35374534 -0.11099810 -0.16286153 0.36862745 0.38823529 0.40000000
v -0.35667333 -0.11072461 -0.16286933 0.36862745 0.38823529 0.40000000
v -0.36723259 -0.11187328 -0.15897435 0.36862745 0.38823529 0.40000000
v -0.16953096 -0.10758863 -0.06197267 0.36862745 0.38823529 0.40000000
v -0.22670755 -0.10763963 0.01069748 0.36862745 0.38823529 0.40000000
v -0.20781143 -0.10777558 0.02569450 0.36862745 0.38823529 0.40000000
v -0.20961094 -0.10800530 0.02423264 0.36862745 0.38823529 0.40000000
v -0.15171947 -0.07885404 0.02488306 0.36862745 0.38823529 0.40000000
v -0.20780058 -0.10801013 0.02566712 0.36862745 0.38823529 0.40000000
v -0.20778289 -0.10825284 0.02562250 0.36862745 0.38823529 0.40000000
v -0.21682093 -0.10809441 0.01849875 0.36862745 0.38823529 0.40000000
v -0.21683018 -0.10799195 0.01851043 0.36862745 0.38823529 0.40000000
v -0.20645988 -0.10803835 0.02668979 0.36862745 0.38823529 0.40000000
v -0.16843307 -0.10803879 -0.06099912 0.36862745 0.38823529 0.40000000
v -0.16843522 -0.10788502 -0.06106824 0.36862745 0.38823529 0.40000000
v -0.17012195 -0.10804350 -0.06221705 0.36862745 0.38823529 0.40000000
v -0.17011358 -0.10788293 -0.06227478 0.36862745 0.38823529 0.40000000
v -0.17011704 -0.10771771 -0.06231740 0.36862745 0.38823529 0.40000000
v -0.16956188 -0.10819889 -0.06177526 0.36862745 0.38823529 0.40000000
v -0.16954200 -0.10804428 -0.06184797 0.36862745 0.38823529 0.40000000
v -0.16953424 -0.10782298 -0.06192957 0.36862745 0.38823529 0.40000000
v -0.16843487 -0.10771866 -0.06111507 0.36862745 0.38823529 0.40000000
v -0.16843942 -0.10763462 -0.06113267 0.36862745 0.38823529 0.40000000
v -0.36485049 -0.11031808 -0.13670671 0.36862745 0.38823529 0.40000000
v -0.36562228 -0.11028106 -0.13921234 0.36862745 0.38823529 0.40000000
v -0.36769792 -0.11077780 -0.14426585 0.36862745 0.38823529 0.40000000
v -0.36649579 -0.10984375 -0.14725667 0.36862745 0.38823529 0.40000000
v -0.36432478 -0.10908957 -0.14316991 0.36862745 0.38823529 0.40000000
v -0.36218980 -0.11638768 -0.12053071 0.36862745 0.38823529 0.40000000
v -0.36293218 -0.11110236 -0.12894873 0.36862745 0.38823529 0.40000000
v -0.36357552 -0.11169618 -0.12856045 0.36862745 0.38823529 0.40000000
v -0.36122426 -0.10796554 -0.15131833 0.36862745 0.38823529 0.40000000
v -0.36233094 -0.10820485 -0.15069573 0.36862745 0.38823529 0.40000000
v -0.36340129 -0.10850508 -0.15002692 0.36862745 0.38823529 0.40000000
v -0.36282739 -0.10830678 -0.14722961 0.36862745 0.38823529 0.40000000
v -0.36391014 -0.10868419 -0.14655663 0.36862745 0.38823529 0.40000000
v -0.35310179 -0.12955463 -0.10913435 0.36862745 0.38823529 0.40000000
v -0.35351938 -0.11520763 -0.11052481 0.36862745 0.38823529 0.40000000
v -0.35925940 -0.11245639 -0.11937487 0.36862745 0.38823529 0.40000000
v -0.36111748 -0.11150451 -0.12413654 0.36862745 0.38823529 0.40000000
v -0.36190528 -0.11314394 -0.12244216 0.36862745 0.38823529 0.40000000
v -0.22422901 -0.10810740 0.01262241 0.36862745 0.38823529 0.40000000
v -0.22412439 -0.10865034 0.01257151 0.36862745 0.38823529 0.40000000
v -0.22597009 -0.10864027 0.01111310 0.36862745 0.38823529 0.40000000
v -0.22687182 -0.10863472 0.01037203 0.36862745 0.38823529 0.40000000
v -0.22698401 -0.10809995 0.01040065 0.36862745 0.38823529 0.40000000
v -0.22702856 -0.10782696 0.01039946 0.36862745 0.38823529 0.40000000
v -0.22608154 -0.10810263 0.01115363 0.36862745 0.38823529 0.40000000
v -0.19404125 -0.12035391 0.02782797 0.36862745 0.38823529 0.40000000
v -0.18781520 -0.13044277 0.02131366 0.36862745 0.38823529 0.40000000
v -0.16592556 -0.13946126 -0.00991768 0.36862745 0.38823529 0.40000000
v -0.34429419 -0.13368693 -0.10075722 0.36862745 0.38823529 0.40000000
v -0.35332078 -0.13545385 -0.16534166 0.36862745 0.38823529 0.40000000
v -0.32013798 -0.13042945 -0.07798082 0.36862745 0.38823529 0.40000000
v -0.30413735 -0.13118672 -0.06370939 0.36862745 0.38823529 0.40000000
v -0.22692797 -0.13392659 0.00091137 0.36862745 0.38823529 0.40000000
v -0.22587661 -0.13454390 0.00071866 0.36862745 0.38823529 0.40000000
v -0.22369495 -0.13560422 0.00008202 0.36862745 0.38823529 0.40000000
v -0.17804395 -0.13349570 -0.04800249 0.36862745 0.38823529 0.40000000
v -0.17531720 -0.13389249 -0.04562218 0.36862745 0.38823529 0.40000000
v -0.17538580 -0.13308395 -0.04659355 0.36862745 0.38823529 0.40000000
v -0.17805423 -0.13459386 -0.04650297 0.36862745 0.38823529 0.40000000
v -0.17865685 -0.13712341 -0.04081334 0.36862745 0.38823529 0.40000000
v -0.17539641 -0.13624181 -0.04113972 0.36862745 0.38823529 0.40000000
v -0.17529029 -0.13520278 -0.04345940 0.36862745 0.38823529 0.40000000
v -0.17912994 -0.13784146 -0.03839818 0.36862745 0.38823529 0.40000000
v -0.17974249 -0.13844371 -0.03594287 0.36862745 0.38823529 0.40000000
v -0.18502118 -0.14016861 -0.02369872 0.36862745 0.38823529 0.40000000
v -0.18811636 -0.14042550 -0.01909710 0.36862745 0.38823529 0.40000000
v -0.18050079 -0.13894576 -0.03346488 0.36862745 0.38823529 0.40000000
v -0.29494780 -0.13209137 -0.05595335 0.36862745 0.38823529 0.40000000
v -0.19164580 -0.14048004 -0.01476392 0.36862745 0.38823529 0.40000000
v -0.19541210 -0.14032853 -0.01063080 0.36862745 0.38823529 0.40000000
v -0.19937299 -0.13996446 -0.00671472 0.36862745 0.38823529 0.40000000
v -0.20354238 -0.13933051 -0.00308737 0.36862745 0.38823529 0.40000000
v -0.20790504 -0.13842523 0.00014214 0.36862745 0.38823529 0.40000000
v -0.23528045 -0.13168050 -0.00376509 0.36862745 0.38823529 0.40000000
v -0.23175147 -0.13249081 -0.00134488 0.36862745 0.38823529 0.40000000
v -0.23564109 -0.13125986 -0.00381729 0.36862745 0.38823529 0.40000000
v -0.23489396 -0.13208170 -0.00373597 0.36862745 0.38823529 0.40000000
v -0.22987966 -0.13389653 -0.00150515 0.36862745 0.38823529 0.40000000
v -0.23084514 -0.13322313 -0.00137662 0.36862745 0.38823529 0.40000000
v -0.21819180 -0.13651973 0.00158451 0.36862745 0.38823529 0.40000000
v -0.22479533 -0.13510108 0.00043853 0.36862745 0.38823529 0.40000000
v -0.23052715 -0.13083923 0.00071554 0.36862745 0.38823529 0.40000000
v -0.23596543 -0.13080966 -0.00389212 0.36862745 0.38823529 0.40000000
v -0.22092275 -0.13398026 0.00562293 0.36862745 0.38823529 0.40000000
v -0.22855730 -0.13192284 0.00175901 0.36862745 0.38823529 0.40000000
v -0.34739465 -0.14170110 -0.11687859 0.36862745 0.38823529 0.40000000
v -0.34998140 -0.14125097 -0.11590981 0.36862745 0.38823529 0.40000000
v -0.34774354 -0.13960399 -0.10872056 0.36862745 0.38823529 0.40000000
v -0.34717152 -0.13990968 -0.10896021 0.36862745 0.38823529 0.40000000
v -0.34990007 -0.14021957 -0.11195463 0.36862745 0.38823529 0.40000000
v -0.34829214 -0.13924772 -0.10849337 0.36862745 0.38823529 0.40000000
v -0.34880903 -0.13883525 -0.10828228 0.36862745 0.38823529 0.40000000
v -0.35369956 -0.13838650 -0.11239371 0.36862745 0.38823529 0.40000000
v -0.33829439 -0.13403995 -0.09534395 0.36862745 0.38823529 0.40000000
v -0.33844030 -0.13337208 -0.09526303 0.36862745 0.38823529 0.40000000
v -0.34336582 -0.13747317 -0.10203744 0.36862745 0.38823529 0.40000000
v -0.34376091 -0.13694352 -0.10184406 0.36862745 0.38823529 0.40000000
v -0.34409988 -0.13636304 -0.10168328 0.36862745 0.38823529 0.40000000
v -0.34437716 -0.13573994 -0.10155764 0.36862745 0.38823529 0.40000000
v -0.33809549 -0.13468874 -0.09546125 0.36862745 0.38823529 0.40000000
v -0.31985378 -0.13108456 -0.07782516 0.36862745 0.38823529 0.40000000
v -0.33216903 -0.13175523 -0.08918358 0.36862745 0.38823529 0.40000000
v -0.33207789 -0.13242830 -0.08925357 0.36862745 0.38823529 0.40000000
v -0.31455061 -0.13112344 -0.07302617 0.36862745 0.38823529 0.40000000
v -0.35175353 -0.14233178 -0.15530516 0.36862745 0.38823529 0.40000000
v -0.35201705 -0.14187253 -0.15750283 0.36862745 0.38823529 0.40000000
v -0.18246451 -0.13969207 -0.02852033 0.36862745 0.38823529 0.40000000
v -0.34804770 -0.13393211 -0.16341342 0.36862745 0.38823529 0.40000000
v -0.35043648 -0.14133716 -0.15818557 0.36862745 0.38823529 0.40000000
v -0.35652417 -0.14051633 -0.16274656 0.36862745 0.38823529 0.40000000
v -0.34938669 -0.14022559 -0.16004339 0.36862745 0.38823529 0.40000000
v -0.34929860 -0.14063102 -0.15913816 0.36862745 0.38823529 0.40000000
v -0.34852713 -0.13887250 -0.16145907 0.36862745 0.38823529 0.40000000
v -0.34842369 -0.13911331 -0.16110116 0.36862745 0.38823529 0.40000000
v -0.34833446 -0.13934797 -0.16072439 0.36862745 0.38823529 0.40000000
v -0.35139865 -0.13956709 -0.16227581 0.36862745 0.38823529 0.40000000
v -0.34687668 -0.13499500 -0.16263771 0.36862745 0.38823529 0.40000000
v -0.34743774 -0.13446917 -0.16304938 0.36862745 0.38823529 0.40000000
v -0.34780619 -0.13563485 -0.16305771 0.36862745 0.38823529 0.40000000
v -0.34733352 -0.13618100 -0.16260783 0.36862745 0.38823529 0.40000000
v -0.34953237 -0.13772589 -0.16320515 0.36862745 0.38823529 0.40000000
v -0.34691599 -0.13671477 -0.16210072 0.36862745 0.38823529 0.40000000
v -0.34711760 -0.13644923 -0.16236161 0.36862745 0.38823529 0.40000000
v -0.30030453 -0.13263929 -0.06097640 0.36862745 0.38823529 0.40000000
v -0.30035689 -0.13230105 -0.06081419 0.36862745 0.38823529 0.40000000
v -0.31159899 -0.13193738 -0.07062288 0.36862745 0.38823529 0.40000000
v -0.31739178 -0.13121332 -0.07561225 0.36862745 0.38823529 0.40000000
v -0.31164306 -0.13122064 -0.07042480 0.36862745 0.38823529 0.40000000
v -0.30040091 -0.13195306 -0.06067380 0.36862745 0.38823529 0.40000000
v -0.29628575 -0.13143505 -0.05682305 0.36862745 0.38823529 0.40000000
v -0.29027450 -0.13196863 -0.05180035 0.36862745 0.38823529 0.40000000
v -0.29019785 -0.13231523 -0.05193235 0.36862745 0.38823529 0.40000000
v -0.29010886 -0.13265038 -0.05208489 0.36862745 0.38823529 0.40000000
v -0.37074190 -0.13738772 -0.15553027 0.36862745 0.38823529 0.40000000
v -0.35502455 -0.14288755 -0.13257505 0.36862745 0.38823529 0.40000000
v -0.35844719 -0.14333758 -0.14265202 0.36862745 0.38823529 0.40000000
v -0.35219437 -0.14343500 -0.13957390 0.36862745 0.38823529 0.40000000
v -0.35400897 -0.14329034 -0.13678221 0.36862745 0.38823529 0.40000000
v -0.36223626 -0.14308093 -0.14304352 0.36862745 0.38823529 0.40000000
v -0.35039404 -0.14342636 -0.14247838 0.36862745 0.38823529 0.40000000
v -0.35294369 -0.14347251 -0.14146034 0.36862745 0.38823529 0.40000000
v -0.35113829 -0.14341815 -0.14444633 0.36862745 0.38823529 0.40000000
v -0.35060534 -0.14327037 -0.14697264 0.36862745 0.38823529 0.40000000
v -0.35299683 -0.14318645 -0.15024941 0.36862745 0.38823529 0.40000000
v -0.35426086 -0.14335331 -0.14881438 0.36862745 0.38823529 0.40000000
v -0.36367279 -0.13990936 -0.12748177 0.36862745 0.38823529 0.40000000
v -0.35977897 -0.13523971 -0.11783389 0.36862745 0.38823529 0.40000000
v -0.35343224 -0.13993341 -0.11454176 0.36862745 0.38823529 0.40000000
v -0.35193062 -0.14300346 -0.15118682 0.36862745 0.38823529 0.40000000
v -0.35074997 -0.14281607 -0.15161318 0.36862745 0.38823529 0.40000000
v -0.33893055 -0.13201573 -0.09548728 0.36862745 0.38823529 0.40000000
v -0.33234808 -0.13113576 -0.08926748 0.36862745 0.38823529 0.40000000
v -0.32903889 -0.13091254 -0.08619527 0.36862745 0.38823529 0.40000000
v -0.35431692 -0.13632569 -0.11136058 0.36862745 0.38823529 0.40000000
v -0.22761835 -0.10455008 0.00998895 0.36862745 0.38823529 0.40000000
v -0.14873783 -0.10712413 -0.04546584 0.36862745 0.38823529 0.40000000
v -0.17011952 -0.10455008 -0.06246866 0.36862745 0.38823529 0.40000000
v -0.37917453 -0.13374996 -0.13906483 0.21176471 0.22745098 0.23921569
v -0.37977499 -0.13375038 -0.13650817 0.21176471 0.22745098 0.23921569
v -0.37963894 -0.13374996 -0.13356993 0.21176471 0.22745098 0.23921569
v -0.37931809 -0.13375017 -0.13203165 0.21176471 0.22745098 0.23921569
v -0.37869778 -0.13374996 -0.13037804 0.21176471 0.22745098 0.23921569
v -0.37615722 -0.13374996 -0.12675399 0.21176471 0.22745098 0.23921569
v -0.37423381 -0.12675001 -0.12451357 0.21176471 0.22745098 0.23921569
v -0.37143296 -0.13374996 -0.12390960 0.21176471 0.22745098 0.23921569
v -0.36855689 -0.13374966 -0.12330029 0.21176471 0.22745098 0.23921569
v -0.36593524 -0.13374996 -0.12347923 0.21176471 0.22745098 0.23921569
v -0.36439058 -0.13375066 -0.12381190 0.21176471 0.22745098 0.23921569
v -0.36274919 -0.13374996 -0.12444019 0.21176471 0.22745098 0.23921569
v -0.36176172 -0.13374996 -0.12495238 0.21176471 0.22745098 0.23921569
v -0.37414086 -0.13375698 -0.15308976 0.21176471 0.22745098 0.23921569
v -0.37489364 -0.11974565 -0.15129721 0.21176471 0.22745098 0.23921569
v -0.37110317 -0.13374996 -0.15771377 0.21176471 0.22745098 0.23921569
v -0.24053760 -0.12727681 -0.27502540 0.21176471 0.22745098 0.23921569
v -0.33772069 -0.14077038 -0.17347884 0.21176471 0.22745098 0.23921569
v -0.34084654 -0.14039081 -0.17242207 0.21176471 0.22745098 0.23921569
v -0.34021074 -0.14052391 -0.17263715 0.21176471 0.22745098 0.23921569
v -0.34150714 -0.14022040 -0.17219819 0.21176471 0.22745098 0.23921569
v -0.33897451 -0.14069569 -0.17305495 0.21176471 0.22745098 0.23921569
v -0.33947849 -0.14063907 -0.17288464 0.21176471 0.22745098 0.23921569
v -0.33958995 -0.14062411 -0.17284702 0.21176471 0.22745098 0.23921569
v -0.33835465 -0.14074302 -0.17326437 0.21176471 0.22745098 0.23921569
v -0.33128226 -0.14076817 -0.17354678 0.21176471 0.22745098 0.23921569
v -0.33185625 -0.14074828 -0.17335227 0.21176471 0.22745098 0.23921569
v -0.29108718 -0.14058214 -0.17794213 0.21176471 0.22745098 0.23921569
v -0.29324755 -0.14053567 -0.17672311 0.21176471 0.22745098 0.23921569
v -0.18826894 -0.13572679 -0.24514554 0.21176471 0.22745098 0.23921569
v -0.23974985 -0.13854891 -0.20707008 0.21176471 0.22745098 0.23921569
v -0.24530035 -0.13891411 -0.20371471 0.21176471 0.22745098 0.23921569
v -0.26042888 -0.13969916 -0.19490334 0.21176471 0.22745098 0.23921569
v -0.27571446 -0.14024109 -0.18634936 0.21176471 0.22745098 0.23921569
v -0.19206668 -0.13230997 -0.24093440 0.21176471 0.22745098 0.23921569
v -0.21577203 -0.12864906 -0.21901719 0.21176471 0.22745098 0.23921569
v -0.36176172 -0.11975003 -0.12495238 0.21176471 0.22745098 0.23921569
v -0.36362851 -0.11974952 -0.12404092 0.21176471 0.22745098 0.23921569
v -0.36593524 -0.11975003 -0.12347923 0.21176471 0.22745098 0.23921569
v -0.36886954 -0.11974967 -0.12332471 0.21176471 0.22745098 0.23921569
v -0.37143296 -0.11975003 -0.12390960 0.21176471 0.22745098 0.23921569
v -0.37615722 -0.11975003 -0.12675399 0.21176471 0.22745098 0.23921569
v -0.37815911 -0.12675001 -0.12822014 0.21176471 0.22745098 0.23921569
v -0.37869778 -0.11975003 -0.13037804 0.21176471 0.22745098 0.23921569
v -0.37926310 -0.11974978 -0.13184510 0.21176471 0.22745098 0.23921569
v -0.37963894 -0.11975003 -0.13356993 0.21176471 0.22745098 0.23921569
v -0.37980130 -0.11974888 -0.13619968 0.21176471 0.22745098 0.23921569
v -0.37917453 -0.11975003 -0.13906483 0.21176471 0.22745098 0.23921569
v -0.36988759 -0.11975504 -0.15915973 0.21176471 0.22745098 0.23921569
v -0.37193450 -0.11975003 -0.15657677 0.21176471 0.22745098 0.23921569
v -0.33947849 -0.11286093 -0.17288464 0.21176471 0.22745098 0.23921569
v -0.33958995 -0.11287589 -0.17284702 0.21176471 0.22745098 0.23921569
v -0.33897451 -0.11280431 -0.17305495 0.21176471 0.22745098 0.23921569
v -0.33772069 -0.11272962 -0.17347884 0.21176471 0.22745098 0.23921569
v -0.33835465 -0.11275698 -0.17326437 0.21176471 0.22745098 0.23921569
v -0.34021074 -0.11297609 -0.17263715 0.21176471 0.22745098 0.23921569
v -0.34084654 -0.11310918 -0.17242207 0.21176471 0.22745098 0.23921569
v -0.34150714 -0.11327959 -0.17219819 0.21176471 0.22745098 0.23921569
v -0.33128226 -0.11273183 -0.17354678 0.21176471 0.22745098 0.23921569
v -0.33185625 -0.11275173 -0.17335227 0.21176471 0.22745098 0.23921569
v -0.29108718 -0.11291785 -0.17794213 0.21176471 0.22745098 0.23921569
v -0.29253459 -0.11292095 -0.17714013 0.21176471 0.22745098 0.23921569
v -0.21590720 -0.11706907 -0.22262682 0.21176471 0.22745098 0.23921569
v -0.20886822 -0.11769582 -0.22780751 0.21176471 0.22745098 0.23921569
v -0.27571446 -0.11325891 -0.18634936 0.21176471 0.22745098 0.23921569
v -0.22187778 -0.11665310 -0.21826950 0.21176471 0.22745098 0.23921569
v -0.18158902 -0.11763109 -0.25236022 0.21176471 0.22745098 0.23921569
v -0.22310284 -0.11636014 -0.21767779 0.21176471 0.22745098 0.23921569
v -0.23041843 -0.11567761 -0.21290246 0.21176471 0.22745098 0.23921569
v -0.23974985 -0.11495109 -0.20707008 0.21176471 0.22745098 0.23921569
v -0.24530035 -0.11458589 -0.20371471 0.21176471 0.22745098 0.23921569
v -0.26042888 -0.11380084 -0.19490334 0.21176471 0.22745098 0.23921569
v -0.17904374 -0.10724422 -0.28763032 0.21176471 0.22745098 0.23921569
v -0.19117340 -0.10714088 -0.29189211 0.21176471 0.22745098 0.23921569
v -0.19121192 -0.10844511 -0.29547608 0.21176471 0.22745098 0.23921569
v -0.17655841 -0.11095595 -0.29442906 0.21176471 0.22745098 0.23921569
v -0.19289809 -0.11469074 -0.30116084 0.21176471 0.22745098 0.23921569
v -0.17057239 -0.11472817 -0.29094809 0.21176471 0.22745098 0.23921569
v -0.18338938 -0.10751420 -0.29432425 0.21176471 0.22745098 0.23921569
v -0.16710073 -0.12363178 -0.29007134 0.21176471 0.22745098 0.23921569
v -0.16713196 -0.12206921 -0.29121235 0.21176471 0.22745098 0.23921569
v -0.17568694 -0.12637737 -0.30113220 0.21176471 0.22745098 0.23921569
v -0.18568300 -0.12312944 -0.30466956 0.21176471 0.22745098 0.23921569
v -0.17639033 -0.11312698 -0.29836804 0.21176471 0.22745098 0.23921569
v -0.19599909 -0.11160538 -0.29784110 0.21176471 0.22745098 0.23921569
v -0.19247802 -0.12031560 -0.30411705 0.21176471 0.22745098 0.23921569
v -0.18659900 -0.11285376 -0.30107671 0.21176471 0.22745098 0.23921569
v -0.17723101 -0.11449769 -0.26168075 0.21176471 0.22745098 0.23921569
v -0.17218325 -0.11048960 -0.28346315 0.21176471 0.22745098 0.23921569
v -0.18085025 -0.10778357 -0.28028297 0.21176471 0.22745098 0.23921569
v -0.17860195 -0.11033155 -0.27187762 0.21176471 0.22745098 0.23921569
v -0.17203227 -0.11087390 -0.27820897 0.21176471 0.22745098 0.23921569
v -0.17779823 -0.11191804 -0.26769707 0.21176471 0.22745098 0.23921569
v -0.17906334 -0.11503614 -0.25888735 0.21176471 0.22745098 0.23921569
v -0.17922546 -0.11491973 -0.25894701 0.21176471 0.22745098 0.23921569
v -0.17963704 -0.11467363 -0.25909856 0.21176471 0.22745098 0.23921569
v -0.19711135 -0.10895289 -0.29287666 0.21176471 0.22745098 0.23921569
v -0.19625807 -0.10849972 -0.29256812 0.21176471 0.22745098 0.23921569
v -0.19449027 -0.10776151 -0.29192162 0.21176471 0.22745098 0.23921569
v -0.19358297 -0.10746683 -0.29158601 0.21176471 0.22745098 0.23921569
v -0.19173783 -0.10700781 -0.29089645 0.21176471 0.22745098 0.23921569
v -0.19080630 -0.10683812 -0.29054525 0.21176471 0.22745098 0.23921569
v -0.19162734 -0.10681684 -0.28940234 0.21176471 0.22745098 0.23921569
v -0.18767427 -0.10649599 -0.28792435 0.21176471 0.22745098 0.23921569
v -0.18436790 -0.10652503 -0.28799352 0.21176471 0.22745098 0.23921569
v -0.18568711 -0.10652651 -0.28716066 0.21176471 0.22745098 0.23921569
v -0.18415891 -0.10675032 -0.28501916 0.21176471 0.22745098 0.23921569
v -0.18128525 -0.10806323 -0.27866662 0.21176471 0.22745098 0.23921569
v -0.17728861 -0.10860787 -0.27921572 0.21176471 0.22745098 0.23921569
v -0.18115669 -0.12522857 -0.24990620 0.21176471 0.22745098 0.23921569
v -0.16796130 -0.13105437 -0.27156767 0.21176471 0.22745098 0.23921569
v -0.17335102 -0.12798980 -0.26015887 0.21176471 0.22745098 0.23921569
v -0.17029971 -0.12632228 -0.26618081 0.21176471 0.22745098 0.23921569
v -0.16615774 -0.12080079 -0.28040570 0.21176471 0.22745098 0.23921569
v -0.17083557 -0.11696590 -0.26843476 0.21176471 0.22745098 0.23921569
v -0.17659974 -0.14478759 -0.29031101 0.21176471 0.22745098 0.23921569
v -0.17969608 -0.14642261 -0.29113099 0.21176471 0.22745098 0.23921569
v -0.18802437 -0.14508560 -0.29639834 0.21176471 0.22745098 0.23921569
v -0.18802071 -0.14696251 -0.29016486 0.21176471 0.22745098 0.23921569
v -0.18789896 -0.14100677 -0.30097607 0.21176471 0.22745098 0.23921569
v -0.19246869 -0.14501582 -0.29495540 0.21176471 0.22745098 0.23921569
v -0.19899067 -0.13294883 -0.30169708 0.21176471 0.22745098 0.23921569
v -0.19661239 -0.14327250 -0.29554525 0.21176471 0.22745098 0.23921569
v -0.16968122 -0.13900223 -0.28739578 0.21176471 0.22745098 0.23921569
v -0.16619854 -0.12984718 -0.28830031 0.21176471 0.22745098 0.23921569
v -0.19658847 -0.13836388 -0.30021337 0.21176471 0.22745098 0.23921569
v -0.16987720 -0.13288315 -0.29514766 0.21176471 0.22745098 0.23921569
v -0.17657503 -0.13823263 -0.29821268 0.21176471 0.22745098 0.23921569
v -0.17381065 -0.13994753 -0.29462343 0.21176471 0.22745098 0.23921569
v -0.18622233 -0.13165019 -0.30497271 0.21176471 0.22745098 0.23921569
v -0.19784084 -0.12614609 -0.30354822 0.21176471 0.22745098 0.23921569
v -0.17034255 -0.14088129 -0.28295264 0.21176471 0.22745098 0.23921569
v -0.17479031 -0.13884754 -0.26438975 0.21176471 0.22745098 0.23921569
v -0.17860195 -0.14316845 -0.27187762 0.21176471 0.22745098 0.23921569
v -0.21039023 -0.13649917 -0.22586946 0.21176471 0.22745098 0.23921569
v -0.18568711 -0.14697349 -0.28716066 0.21176471 0.22745098 0.23921569
v -0.18622112 -0.14689797 -0.28582206 0.21176471 0.22745098 0.23921569
v -0.17266935 -0.14287637 -0.27748826 0.21176471 0.22745098 0.23921569
v -0.17212363 -0.14280780 -0.28256780 0.21176471 0.22745098 0.23921569
v -0.18085025 -0.14571643 -0.28028297 0.21176471 0.22745098 0.23921569
v -0.18128525 -0.14543676 -0.27866662 0.21176471 0.22745098 0.23921569
v -0.19711135 -0.14454710 -0.29287666 0.21176471 0.22745098 0.23921569
v -0.19625807 -0.14500028 -0.29256812 0.21176471 0.22745098 0.23921569
v -0.19449027 -0.14573850 -0.29192162 0.21176471 0.22745098 0.23921569
v -0.19313225 -0.14630032 -0.29069629 0.21176471 0.22745098 0.23921569
v -0.19261110 -0.14651000 -0.28976092 0.21176471 0.22745098 0.23921569
v -0.19121960 -0.14668417 -0.28999099 0.21176471 0.22745098 0.23921569
v -0.18767427 -0.14700401 -0.28792435 0.21176471 0.22745098 0.23921569
v -0.17884263 -0.14501622 -0.27825153 0.21176471 0.22745098 0.23921569
v -0.16598399 -0.12526056 -0.27809861 0.21176471 0.22745098 0.23921569
v -0.17925212 -0.13545042 -0.25521106 0.21176471 0.22745098 0.23921569
v -0.16638911 -0.13389429 -0.27819559 0.21176471 0.22745098 0.23921569
v -0.13754073 0.01199914 -0.01691964 0.82352941 0.46666667 0.18823529
v -0.13873538 0.01249975 -0.01383684 0.82352941 0.46666667 0.18823529
v -0.13873026 0.01247137 -0.01392178 0.82352941 0.46666667 0.18823529
v -0.13890806 0.01246195 -0.01401562 0.82352941 0.46666667 0.18823529
v -0.13873538 0.01249975 -0.02155147 0.82352941 0.46666667 0.18823529
v -0.13873026 0.01247137 -0.02146653 0.82352941 0.46666667 0.18823529
v -0.13891962 0.01248121 -0.02144799 0.82352941 0.46666667 0.18823529
v -0.13879272 0.01245172 -0.02138017 0.82352941 0.46666667 0.18823529
v -0.19771741 0.05872969 0.02922784 0.82352941 0.46666667 0.18823529
v -0.19764014 0.05869745 0.02924337 0.82352941 0.46666667 0.18823529
v -0.19766624 0.05878697 0.02922376 0.82352941 0.46666667 0.18823529
v -0.19767500 0.05881690 0.02921536 0.82352941 0.46666667 0.18823529
v -0.19764931 0.05830856 0.02928799 0.82352941 0.46666667 0.18823529
v -0.20035599 0.05759179 0.02901553 0.82352941 0.46666667 0.18823529
v -0.19766618 0.05043339 0.02986683 0.82352941 0.46666667 0.18823529
v -0.19766618 0.04768761 0.02992578 0.82352941 0.46666667 0.18823529
v -0.19766618 0.04220556 0.02988209 0.82352941 0.46666667 0.18823529
v -0.19762243 0.04789685 0.02992769 0.82352941 0.46666667 0.18823529
v -0.19762243 0.04768764 0.02992972 0.82352941 0.46666667 0.18823529
v -0.19762243 0.04220551 0.02988597 0.82352941 0.46666667 0.18823529
v -0.20121494 0.03151209 0.02933223 0.82352941 0.46666667 0.18823529
v -0.20137943 0.03152686 0.02932074 0.82352941 0.46666667 0.18823529
v -0.20184462 0.03127077 0.02918740 0.82352941 0.46666667 0.18823529
v -0.19764020 0.05869769 -0.06463161 0.82352941 0.46666667 0.18823529
v -0.19762243 0.05863659 -0.06464043 0.82352941 0.46666667 0.18823529
v -0.19771703 0.05878953 -0.06460712 0.82352941 0.46666667 0.18823529
v -0.20119298 0.03153741 -0.06475472 0.82352941 0.46666667 0.18823529
v -0.19771077 0.04768734 -0.06530610 0.82352941 0.46666667 0.18823529
v -0.19766618 0.04768741 -0.06531408 0.82352941 0.46666667 0.18823529
v -0.19771077 0.05043297 -0.06524716 0.82352941 0.46666667 0.18823529
v -0.19766618 0.05043321 -0.06525514 0.82352941 0.46666667 0.18823529
v -0.19686441 0.05361311 -0.06519441 0.82352941 0.46666667 0.18823529
v -0.19762243 0.05652397 -0.06484815 0.82352941 0.46666667 0.18823529
v -0.19763641 0.05088640 -0.06524407 0.82352941 0.46666667 0.18823529
v -0.17450669 0.04543584 -0.06622015 0.82352941 0.46666667 0.18823529
v -0.20155211 0.03152525 -0.06467685 0.82352941 0.46666667 0.18823529
v -0.20193574 0.03129102 -0.06453124 0.82352941 0.46666667 0.18823529
v -0.20146592 0.03152281 -0.06469598 0.82352941 0.46666667 0.18823529
v -0.13160005 0.06418620 -0.03827575 0.82352941 0.46666667 0.18823529
v -0.13188294 0.06457977 -0.03865454 0.82352941 0.46666667 0.18823529
v -0.13160002 0.06414570 -0.03881555 0.82352941 0.46666667 0.18823529
v -0.13187262 0.06455581 -0.03883454 0.82352941 0.46666667 0.18823529
v -0.13185979 0.06451278 -0.03905818 0.82352941 0.46666667 0.18823529
v -0.13159946 0.06374042 -0.03997610 0.82352941 0.46666667 0.18823529
v -0.13184580 0.06444840 -0.03930172 0.82352941 0.46666667 0.18823529
v -0.13182560 0.06432025 -0.03965417 0.82352941 0.46666667 0.18823529
v -0.13181713 0.06425332 -0.03980121 0.82352941 0.46666667 0.18823529
v -0.13179202 0.06399946 -0.04023793 0.82352941 0.46666667 0.18823529
v -0.13179383 0.06402038 -0.04020713 0.82352941 0.46666667 0.18823529
v -0.13180400 0.06413178 -0.04002944 0.82352941 0.46666667 0.18823529
v -0.13181461 0.06423162 -0.03984520 0.82352941 0.46666667 0.18823529
v -0.13178417 0.06389956 -0.04037520 0.82352941 0.46666667 0.18823529
v -0.13177505 0.06376891 -0.04053424 0.82352941 0.46666667 0.18823529
v -0.13176653 0.06362997 -0.04068276 0.82352941 0.46666667 0.18823529
v -0.13176981 0.06368600 -0.04062513 0.82352941 0.46666667 0.18823529
v -0.13175145 0.06333153 -0.04094533 0.82352941 0.46666667 0.18823529
v -0.13167563 0.06285380 -0.04118741 0.82352941 0.46666667 0.18823529
v -0.13175865 0.06348436 -0.04081950 0.82352941 0.46666667 0.18823529
v -0.13168357 0.05336278 0.01000718 0.82352941 0.46666667 0.18823529
v -0.13174982 0.06224679 -0.04168461 0.82352941 0.46666667 0.18823529
v -0.13166414 0.06071260 -0.04248645 0.82352941 0.46666667 0.18823529
v -0.13175693 0.05932431 -0.04333697 0.82352941 0.46666667 0.18823529
v -0.13167742 0.05826715 -0.04372039 0.82352941 0.46666667 0.18823529
v -0.13176031 0.05666732 -0.04447667 0.82352941 0.46666667 0.18823529
v -0.13167897 0.05237113 -0.04561007 0.82352941 0.46666667 0.18823529
v -0.13176271 0.05391329 -0.04534069 0.82352941 0.46666667 0.18823529
v -0.13176174 0.05507677 -0.04501268 0.82352941 0.46666667 0.18823529
v -0.13167793 0.05586290 -0.04465331 0.82352941 0.46666667 0.18823529
v -0.13209708 0.04700603 -0.04745985 0.82352941 0.46666667 0.18823529
v -0.13167566 0.03847926 -0.04495668 0.82352941 0.46666667 0.18823529
v -0.13168336 0.03472029 -0.04354589 0.82352941 0.46666667 0.18823529
v -0.13173452 0.03600883 -0.04415802 0.82352941 0.46666667 0.18823529
v -0.13164598 0.03274098 -0.04242325 0.82352941 0.46666667 0.18823529
v -0.13175175 0.03222346 -0.04228422 0.82352941 0.46666667 0.18823529
v -0.13173345 0.03369277 -0.04309532 0.82352941 0.46666667 0.18823529
v -0.13177183 0.03081554 -0.04139337 0.82352941 0.46666667 0.18823529
v -0.13179269 0.02946925 -0.04042533 0.82352941 0.46666667 0.18823529
v -0.13170771 0.02911509 -0.04004635 0.82352941 0.46666667 0.18823529
v -0.13182005 0.02782929 -0.03906915 0.82352941 0.46666667 0.18823529
v -0.13183531 0.02696448 -0.03826329 0.82352941 0.46666667 0.18823529
v -0.13165762 0.02577604 -0.03676670 0.82352941 0.46666667 0.18823529
v -0.13238369 0.01372412 -0.02287289 0.82352941 0.46666667 0.18823529
v -0.13258529 0.01214216 -0.01818773 0.82352941 0.46666667 0.18823529
v -0.13213143 0.01368932 -0.01526318 0.82352941 0.46666667 0.18823529
v -0.13164720 0.02556925 0.00105815 0.82352941 0.46666667 0.18823529
v -0.13188925 0.02408921 -0.00039224 0.82352941 0.46666667 0.18823529
v -0.13193713 0.02392088 -0.00050020 0.82352941 0.46666667 0.18823529
v -0.13168287 0.02702995 0.00273992 0.82352941 0.46666667 0.18823529
v -0.13221663 0.02449339 0.00083307 0.82352941 0.46666667 0.18823529
v -0.13182005 0.02782780 0.00367953 0.82352941 0.46666667 0.18823529
v -0.13182941 0.02729576 0.00319185 0.82352941 0.46666667 0.18823529
v -0.13170542 0.02991322 0.00528491 0.82352941 0.46666667 0.18823529
v -0.13168220 0.04122917 0.01101818 0.82352941 0.46666667 0.18823529
v -0.13176218 0.05456775 0.00977441 0.82352941 0.46666667 0.18823529
v -0.13164614 0.05827329 0.00826407 0.82352941 0.46666667 0.18823529
v -0.13176081 0.05617147 0.00926664 0.82352941 0.46666667 0.18823529
v -0.13175920 0.05773608 0.00866797 0.82352941 0.46666667 0.18823529
v -0.13165592 0.06078398 0.00706411 0.82352941 0.46666667 0.18823529
v -0.13175747 0.05899064 0.00810953 0.82352941 0.46666667 0.18823529
v -0.13175091 0.06193487 0.00649490 0.82352941 0.46666667 0.18823529
v -0.13168557 0.06277085 0.00588692 0.82352941 0.46666667 0.18823529
v -0.13175151 0.06333236 0.00555642 0.82352941 0.46666667 0.18823529
v -0.13160005 0.06349145 0.00486573 0.82352941 0.46666667 0.18823529
v -0.13176653 0.06362997 0.00529440 0.82352941 0.46666667 0.18823529
v -0.13176335 0.06357335 0.00534972 0.82352941 0.46666667 0.18823529
v -0.13179389 0.06402074 0.00481834 0.82352941 0.46666667 0.18823529
v -0.13178614 0.06392519 0.00495305 0.82352941 0.46666667 0.18823529
v -0.13160002 0.06379902 0.00442359 0.82352941 0.46666667 0.18823529
v -0.13178417 0.06389915 0.00498738 0.82352941 0.46666667 0.18823529
v -0.13177505 0.06376921 0.00514563 0.82352941 0.46666667 0.18823529
v -0.13181195 0.06420796 0.00450309 0.82352941 0.46666667 0.18823529
v -0.13181461 0.06423156 0.00445702 0.82352941 0.46666667 0.18823529
v -0.13182560 0.06432025 0.00426587 0.82352941 0.46666667 0.18823529
v -0.13160002 0.06406923 0.00377026 0.82352941 0.46666667 0.18823529
v -0.13183770 0.06440221 0.00405463 0.82352941 0.46666667 0.18823529
v -0.13187347 0.06456307 0.00344236 0.82352941 0.46666667 0.18823529
v -0.13160005 0.06416659 0.00324353 0.82352941 0.46666667 0.18823529
v -0.13160005 0.06418620 0.00288745 0.82352941 0.46666667 0.18823529
v -0.13330004 0.01260429 -0.01363502 0.82352941 0.46666667 0.18823529
v -0.13280001 0.01301884 -0.01391462 0.82352941 0.46666667 0.18823529
v -0.13330004 0.01252460 -0.01377688 0.82352941 0.46666667 0.18823529
v -0.13330004 0.01246893 -0.01392982 0.82352941 0.46666667 0.18823529
v -0.13330004 0.01246893 -0.02145848 0.82352941 0.46666667 0.18823529
v -0.19616623 0.02885684 0.02876259 0.82352941 0.46666667 0.18823529
v -0.19838144 0.02974746 0.02915937 0.82352941 0.46666667 0.18823529
v -0.19807418 0.02994996 0.02926781 0.82352941 0.46666667 0.18823529
v -0.19876082 0.03029614 0.02933707 0.82352941 0.46666667 0.18823529
v -0.19907339 0.03046614 0.02935465 0.82352941 0.46666667 0.18823529
v -0.19936873 0.03068900 0.02936633 0.82352941 0.46666667 0.18823529
v -0.19830544 0.03008252 0.02930196 0.82352941 0.46666667 0.18823529
v -0.19873400 0.03032529 0.02934518 0.82352941 0.46666667 0.18823529
v -0.19808383 0.02995431 0.02926894 0.82352941 0.46666667 0.18823529
v -0.19812824 0.02997988 0.02927609 0.82352941 0.46666667 0.18823529
v -0.19813813 0.02995430 0.02926605 0.82352941 0.46666667 0.18823529
v -0.19994901 0.03059914 0.02931128 0.82352941 0.46666667 0.18823529
v -0.19267227 0.06210457 0.02911176 0.82352941 0.46666667 0.18823529
v -0.19533928 0.06041347 0.02916726 0.82352941 0.46666667 0.18823529
v -0.19659694 0.05965285 0.02917018 0.82352941 0.46666667 0.18823529
v -0.19451635 0.06119369 0.02909533 0.82352941 0.46666667 0.18823529
v -0.19766437 0.05899088 0.02916663 0.82352941 0.46666667 0.18823529
v -0.19539060 0.06048416 0.02914538 0.82352941 0.46666667 0.18823529
v -0.19412757 0.06123410 0.02913966 0.82352941 0.46666667 0.18823529
v -0.19682452 0.02939457 -0.06450161 0.82352941 0.46666667 0.18823529
v -0.19688554 0.02954560 -0.06456379 0.82352941 0.46666667 0.18823529
v -0.20028359 0.03060145 -0.06466118 0.82352941 0.46666667 0.18823529
v -0.19748260 0.02974027 -0.06460705 0.82352941 0.46666667 0.18823529
v -0.19808371 0.02995431 -0.06465724 0.82352941 0.46666667 0.18823529
v -0.19940062 0.03070682 -0.06475434 0.82352941 0.46666667 0.18823529
v -0.19888365 0.03015587 -0.06467444 0.82352941 0.46666667 0.18823529
v -0.19812649 0.02992730 -0.06464440 0.82352941 0.46666667 0.18823529
v -0.19866736 0.03028798 -0.06472842 0.82352941 0.46666667 0.18823529
v -0.19905879 0.03050822 -0.06475040 0.82352941 0.46666667 0.18823529
v -0.19978404 0.03005435 -0.06441721 0.82352941 0.46666667 0.18823529
v -0.19668776 0.02918158 -0.06439816 0.82352941 0.46666667 0.18823529
v -0.19288728 0.06218042 -0.06447435 0.82352941 0.46666667 0.18823529
v -0.19299136 0.06259628 -0.06432894 0.82352941 0.46666667 0.18823529
v -0.19273497 0.06198496 -0.06452013 0.82352941 0.46666667 0.18823529
v -0.19412757 0.06123404 -0.06452797 0.82352941 0.46666667 0.18823529
v -0.19350816 0.06162416 -0.06451777 0.82352941 0.46666667 0.18823529
v -0.19261420 0.02986674 -0.06488718 0.82352941 0.46666667 0.18823529
v -0.19263007 0.02986508 -0.06488588 0.82352941 0.46666667 0.18823529
v -0.19328763 0.02971571 -0.06479917 0.82352941 0.46666667 0.18823529
v -0.19293322 0.02959429 -0.06476326 0.82352941 0.46666667 0.18823529
v -0.19273975 0.02971242 -0.06482293 0.82352941 0.46666667 0.18823529
v -0.19690536 0.02950709 -0.06454781 0.82352941 0.46666667 0.18823529
v -0.19523402 0.02885437 -0.06418177 0.82352941 0.46666667 0.18823529
v -0.19431521 0.02903509 -0.06437013 0.82352941 0.46666667 0.18823529
v -0.19345541 0.02925831 -0.06455752 0.82352941 0.46666667 0.18823529
v -0.19335593 0.02942065 -0.06466168 0.82352941 0.46666667 0.18823529
v -0.19281311 0.02953446 -0.06473599 0.82352941 0.46666667 0.18823529
v -0.19409968 0.02950243 -0.06467544 0.82352941 0.46666667 0.18823529
v -0.19257279 0.02986663 -0.06488834 0.82352941 0.46666667 0.18823529
v -0.19257644 0.02985328 -0.06488355 0.82352941 0.46666667 0.18823529
v -0.19259472 0.02976310 -0.06484733 0.82352941 0.46666667 0.18823529
v -0.19259997 0.03093155 -0.06507371 0.82352941 0.46666667 0.18823529
v -0.19257285 0.03031617 -0.06501357 0.82352941 0.46666667 0.18823529
v -0.19262989 0.03045457 -0.06503490 0.82352941 0.46666667 0.18823529
v -0.19257285 0.03045427 -0.06503662 0.82352941 0.46666667 0.18823529
v -0.19262989 0.03065943 -0.06505653 0.82352941 0.46666667 0.18823529
v -0.19257291 0.03065943 -0.06505826 0.82352941 0.46666667 0.18823529
v -0.19257291 0.03092420 -0.06507389 0.82352941 0.46666667 0.18823529
v -0.19262995 0.03006279 -0.06495091 0.82352941 0.46666667 0.18823529
v -0.19262995 0.03025770 -0.06499998 0.82352941 0.46666667 0.18823529
v -0.19572671 0.02871375 -0.06401469 0.82352941 0.46666667 0.18823529
v -0.19609617 0.02880492 -0.06409802 0.82352941 0.46666667 0.18823529
v -0.19652973 0.02898216 -0.06424772 0.82352941 0.46666667 0.18823529
v -0.19560732 0.02874505 -0.06405404 0.82352941 0.46666667 0.18823529
v -0.19558555 0.02846722 -0.06366508 0.82352941 0.46666667 0.18823529
v -0.19537972 0.02824037 -0.06318937 0.82352941 0.46666667 0.18823529
v -0.19538458 0.02851975 -0.06376275 0.82352941 0.46666667 0.18823529
v -0.19520779 0.02834487 -0.06346480 0.82352941 0.46666667 0.18823529
v -0.19525459 0.02831236 -0.06339455 0.82352941 0.46666667 0.18823529
v -0.19606018 0.02847888 -0.06361192 0.82352941 0.46666667 0.18823529
v -0.19261242 0.06201504 -0.06451675 0.82352941 0.46666667 0.18823529
v -0.19265325 0.06208031 -0.06450495 0.82352941 0.46666667 0.18823529
v -0.19519992 0.02823877 -0.06321803 0.82352941 0.46666667 0.18823529
v -0.19514842 0.02828347 -0.06333479 0.82352941 0.46666667 0.18823529
v -0.19510432 0.02823919 -0.06322823 0.82352941 0.46666667 0.18823529
v -0.19508894 0.02814841 -0.06294438 0.82352941 0.46666667 0.18823529
v -0.19215323 0.06367968 -0.06357005 0.82352941 0.46666667 0.18823529
v -0.19219394 0.06356238 -0.06370237 0.82352941 0.46666667 0.18823529
v -0.19223525 0.06344239 -0.06382152 0.82352941 0.46666667 0.18823529
v -0.19226344 0.06335972 -0.06389543 0.82352941 0.46666667 0.18823529
v -0.19230033 0.06325077 -0.06398425 0.82352941 0.46666667 0.18823529
v -0.19234957 0.06310372 -0.06409022 0.82352941 0.46666667 0.18823529
v -0.19261371 0.06369264 -0.06357563 0.82352941 0.46666667 0.18823529
v -0.19253094 0.06254886 -0.06437591 0.82352941 0.46666667 0.18823529
v -0.19260217 0.06232630 -0.06444851 0.82352941 0.46666667 0.18823529
v -0.19239230 0.06297468 -0.06417176 0.82352941 0.46666667 0.18823529
v -0.19248968 0.06292813 -0.06419612 0.82352941 0.46666667 0.18823529
v -0.19244178 0.06282376 -0.06425480 0.82352941 0.46666667 0.18823529
v -0.19213511 0.06396793 -0.06314234 0.82352941 0.46666667 0.18823529
v -0.19206621 0.06392615 -0.06322107 0.82352941 0.46666667 0.18823529
v -0.19211860 0.06377851 -0.06344364 0.82352941 0.46666667 0.18823529
v -0.19199826 0.06411420 -0.06284317 0.82352941 0.46666667 0.18823529
v -0.19195993 0.06421845 -0.06253669 0.82352941 0.46666667 0.18823529
v -0.19195153 0.06424122 -0.06244853 0.82352941 0.46666667 0.18823529
v -0.19214506 0.06424375 -0.06239425 0.82352941 0.46666667 0.18823529
v -0.19193204 0.06429367 -0.06216994 0.82352941 0.46666667 0.18823529
v -0.19244541 0.06418978 -0.06235656 0.82352941 0.46666667 0.18823529
v -0.19263554 0.06186099 0.02914807 0.82352941 0.46666667 0.18823529
v -0.19260217 0.06199388 0.02913191 0.82352941 0.46666667 0.18823529
v -0.19282909 0.06203653 0.02911935 0.82352941 0.46666667 0.18823529
v -0.19257279 0.03005987 0.02956357 0.82352941 0.46666667 0.18823529
v -0.19262995 0.03006035 0.02956190 0.82352941 0.46666667 0.18823529
v -0.19262995 0.02986753 0.02949848 0.82352941 0.46666667 0.18823529
v -0.19257279 0.03025984 0.02961387 0.82352941 0.46666667 0.18823529
v -0.19262995 0.03026020 0.02961220 0.82352941 0.46666667 0.18823529
v -0.19257279 0.03031390 0.02962490 0.82352941 0.46666667 0.18823529
v -0.19262989 0.03046077 0.02964749 0.82352941 0.46666667 0.18823529
v -0.19257279 0.03046053 0.02964922 0.82352941 0.46666667 0.18823529
v -0.19257285 0.03074306 0.02967503 0.82352941 0.46666667 0.18823529
v -0.19259493 0.03077052 0.02967682 0.82352941 0.46666667 0.18823529
v -0.19666097 0.05367840 0.02981864 0.82352941 0.46666667 0.18823529
v -0.19262971 0.04789918 0.03015222 0.82352941 0.46666667 0.18823529
v -0.19286081 0.06231362 0.02905270 0.82352941 0.46666667 0.18823529
v -0.19264337 0.06344982 0.02838580 0.82352941 0.46666667 0.18823529
v -0.19263285 0.06385870 0.02787103 0.82352941 0.46666667 0.18823529
v -0.19196035 0.06421845 0.02714839 0.82352941 0.46666667 0.18823529
v -0.19193514 0.06428592 0.02683570 0.82352941 0.46666667 0.18823529
v -0.19200392 0.06410001 0.02748915 0.82352941 0.46666667 0.18823529
v -0.19237356 0.06397348 0.02771009 0.82352941 0.46666667 0.18823529
v -0.19197382 0.06418221 0.02726873 0.82352941 0.46666667 0.18823529
v -0.19220062 0.06379853 0.02802207 0.82352941 0.46666667 0.18823529
v -0.19211914 0.06377719 0.02805676 0.82352941 0.46666667 0.18823529
v -0.19219424 0.06356208 0.02831396 0.82352941 0.46666667 0.18823529
v -0.19227029 0.06333993 0.02852382 0.82352941 0.46666667 0.18823529
v -0.19234098 0.06312905 0.02868476 0.82352941 0.46666667 0.18823529
v -0.19243194 0.06285410 0.02885081 0.82352941 0.46666667 0.18823529
v -0.19258012 0.06239419 0.02904030 0.82352941 0.46666667 0.18823529
v -0.19251628 0.06259362 0.02897038 0.82352941 0.46666667 0.18823529
v -0.19244231 0.06282286 0.02886697 0.82352941 0.46666667 0.18823529
v -0.19244553 0.06418978 0.02696838 0.82352941 0.46666667 0.18823529
v -0.19244692 0.06370575 0.02812563 0.82352941 0.46666667 0.18823529
v -0.19215414 0.06421908 0.02713457 0.82352941 0.46666667 0.18823529
v -0.19205888 0.06394665 0.02779784 0.82352941 0.46666667 0.18823529
v -0.19384588 0.06153630 0.02911181 0.82352941 0.46666667 0.18823529
v -0.19297642 0.06266634 0.02890361 0.82352941 0.46666667 0.18823529
v -0.19283432 0.06308563 0.02867036 0.82352941 0.46666667 0.18823529
v -0.19613945 0.02900831 0.02890907 0.82352941 0.46666667 0.18823529
v -0.19415487 0.02907037 0.02901479 0.82352941 0.46666667 0.18823529
v -0.19514705 0.02886933 0.02881064 0.82352941 0.46666667 0.18823529
v -0.19263007 0.02986508 0.02949758 0.82352941 0.46666667 0.18823529
v -0.19259617 0.02986193 0.02949790 0.82352941 0.46666667 0.18823529
v -0.19747834 0.02936892 0.02905435 0.82352941 0.46666667 0.18823529
v -0.19672275 0.02949548 0.02916482 0.82352941 0.46666667 0.18823529
v -0.19289741 0.02966803 0.02941044 0.82352941 0.46666667 0.18823529
v -0.19269244 0.02975543 0.02945337 0.82352941 0.46666667 0.18823529
v -0.19261177 0.02972877 0.02944418 0.82352941 0.46666667 0.18823529
v -0.19271220 0.02960968 0.02938767 0.82352941 0.46666667 0.18823529
v -0.19281013 0.02953612 0.02934863 0.82352941 0.46666667 0.18823529
v -0.19359280 0.02921629 0.02913727 0.82352941 0.46666667 0.18823529
v -0.19345233 0.02939032 0.02925329 0.82352941 0.46666667 0.18823529
v -0.19441691 0.02916660 0.02908195 0.82352941 0.46666667 0.18823529
v -0.19538046 0.02851569 0.02836843 0.82352941 0.46666667 0.18823529
v -0.19548573 0.02861994 0.02851381 0.82352941 0.46666667 0.18823529
v -0.19553237 0.02855357 0.02841864 0.82352941 0.46666667 0.18823529
v -0.19609976 0.02855284 0.02834252 0.82352941 0.46666667 0.18823529
v -0.19518752 0.02832377 0.02803369 0.82352941 0.46666667 0.18823529
v -0.19581626 0.02813479 0.02731752 0.82352941 0.46666667 0.18823529
v -0.21385480 0.03176728 0.02349344 0.82352941 0.46666667 0.18823529
v -0.19542198 0.02828246 0.02791477 0.82352941 0.46666667 0.18823529
v -0.19514389 0.02819222 0.02770056 0.82352941 0.46666667 0.18823529
v -0.19521125 0.02817320 0.02761896 0.82352941 0.46666667 0.18823529
v -0.19507916 0.02821534 0.02777656 0.82352941 0.46666667 0.18823529
v -0.17513146 0.02789176 0.02784804 0.82352941 0.46666667 0.18823529
v -0.17513473 0.02798324 0.02808293 0.82352941 0.46666667 0.18823529
v -0.17499427 0.02941244 0.02960482 0.82352941 0.46666667 0.18823529
v -0.17501730 0.02892859 0.02930782 0.82352941 0.46666667 0.18823529
v -0.17507423 0.02824273 0.02858906 0.82352941 0.46666667 0.18823529
v -0.17513701 0.02812594 0.02836861 0.82352941 0.46666667 0.18823529
v -0.17514279 0.02976781 0.02976765 0.82352941 0.46666667 0.18823529
v -0.17513886 0.02829504 0.02863516 0.82352941 0.46666667 0.18823529
v -0.17514041 0.02849024 0.02888437 0.82352941 0.46666667 0.18823529
v -0.17514160 0.02870982 0.02911272 0.82352941 0.46666667 0.18823529
v -0.17514250 0.02895099 0.02931698 0.82352941 0.46666667 0.18823529
v -0.17514303 0.02948767 0.02964809 0.82352941 0.46666667 0.18823529
v -0.17514303 0.02947574 0.02964224 0.82352941 0.46666667 0.18823529
v -0.17514297 0.02921080 0.02949574 0.82352941 0.46666667 0.18823529
v -0.17514172 0.03021395 0.02989604 0.82352941 0.46666667 0.18823529
v -0.17513981 0.03066724 0.02995720 0.82352941 0.46666667 0.18823529
v -0.16932224 0.03381991 0.03017658 0.82352941 0.46666667 0.18823529
v -0.17513908 0.03095507 0.02997406 0.82352941 0.46666667 0.18823529
v -0.17498517 0.06260681 0.02928879 0.82352941 0.46666667 0.18823529
v -0.17514732 0.06189250 0.02943118 0.82352941 0.46666667 0.18823529
v -0.17502996 0.06391433 0.02833724 0.82352941 0.46666667 0.18823529
v -0.17512704 0.06424068 0.02784487 0.82352941 0.46666667 0.18823529
v -0.17512871 0.06416635 0.02797701 0.82352941 0.46666667 0.18823529
v -0.17503774 0.06353607 0.02872574 0.82352941 0.46666667 0.18823529
v -0.17513946 0.06342070 0.02882036 0.82352941 0.46666667 0.18823529
v -0.17514142 0.06320690 0.02897181 0.82352941 0.46666667 0.18823529
v -0.17514333 0.06295239 0.02911868 0.82352941 0.46666667 0.18823529
v -0.17514405 0.06283318 0.02917643 0.82352941 0.46666667 0.18823529
v -0.17514476 0.06270962 0.02922960 0.82352941 0.46666667 0.18823529
v -0.17514619 0.06237201 0.02934315 0.82352941 0.46666667 0.18823529
v -0.17514677 0.06217115 0.02939000 0.82352941 0.46666667 0.18823529
v -0.17502873 0.06329995 0.02890644 0.82352941 0.46666667 0.18823529
v -0.17506443 0.06455871 0.02691036 0.82352941 0.46666667 0.18823529
v -0.17511550 0.06455080 0.02694966 0.82352941 0.46666667 0.18823529
v -0.17512108 0.06444012 0.02738037 0.82352941 0.46666667 0.18823529
v -0.17512235 0.06440519 0.02747895 0.82352941 0.46666667 0.18823529
v -0.17513163 0.06401472 0.02820720 0.82352941 0.46666667 0.18823529
v -0.17513445 0.06384127 0.02842446 0.82352941 0.46666667 0.18823529
v -0.17513707 0.06364440 0.02862879 0.82352941 0.46666667 0.18823529
v -0.17513362 0.02792936 -0.06333987 0.82352941 0.46666667 0.18823529
v -0.17513588 0.02804887 -0.06361166 0.82352941 0.46666667 0.18823529
v -0.17235380 0.02909431 -0.06463713 0.82352941 0.46666667 0.18823529
v -0.17514303 0.02950394 -0.06504425 0.82352941 0.46666667 0.18823529
v -0.17514279 0.02976781 -0.06515595 0.82352941 0.46666667 0.18823529
v -0.17514297 0.02924156 -0.06490275 0.82352941 0.46666667 0.18823529
v -0.17514262 0.02899605 -0.06473915 0.82352941 0.46666667 0.18823529
v -0.17514190 0.02876687 -0.06455324 0.82352941 0.46666667 0.18823529
v -0.17514081 0.02855396 -0.06434366 0.82352941 0.46666667 0.18823529
v -0.17513946 0.02836215 -0.06411503 0.82352941 0.46666667 0.18823529
v -0.17513777 0.02819424 -0.06387171 0.82352941 0.46666667 0.18823529
v -0.17514172 0.03021389 -0.06528434 0.82352941 0.46666667 0.18823529
v -0.17514250 0.02989858 -0.06520107 0.82352941 0.46666667 0.18823529
v -0.17513981 0.03066736 -0.06534550 0.82352941 0.46666667 0.18823529
v -0.17513981 0.03066986 -0.06534567 0.82352941 0.46666667 0.18823529
v -0.17505392 0.03067016 -0.06534342 0.82352941 0.46666667 0.18823529
v -0.16866042 0.03050601 -0.06464927 0.82352941 0.46666667 0.18823529
v -0.17505907 0.03204465 -0.06542270 0.82352941 0.46666667 0.18823529
v -0.17513902 0.03097647 -0.06536356 0.82352941 0.46666667 0.18823529
v -0.17506707 0.03093318 -0.06535991 0.82352941 0.46666667 0.18823529
v -0.17500354 0.03065347 -0.06533794 0.82352941 0.46666667 0.18823529
v -0.17514732 0.06189244 -0.06481948 0.82352941 0.46666667 0.18823529
v -0.17512748 0.06422316 -0.06326571 0.82352941 0.46666667 0.18823529
v -0.17512561 0.06429671 -0.06312230 0.82352941 0.46666667 0.18823529
v -0.17506698 0.06440150 -0.06287555 0.82352941 0.46666667 0.18823529
v -0.17500429 0.06340337 -0.06421541 0.82352941 0.46666667 0.18823529
v -0.17513934 0.06343512 -0.06419746 0.82352941 0.46666667 0.18823529
v -0.17513946 0.06342439 -0.06420586 0.82352941 0.46666667 0.18823529
v -0.17502579 0.06275677 -0.06461335 0.82352941 0.46666667 0.18823529
v -0.17514142 0.06320547 -0.06436101 0.82352941 0.46666667 0.18823529
v -0.17514321 0.06296496 -0.06450049 0.82352941 0.46666667 0.18823529
v -0.17514446 0.06276344 -0.06459556 0.82352941 0.46666667 0.18823529
v -0.17514589 0.06244360 -0.06471106 0.82352941 0.46666667 0.18823529
v -0.17514643 0.06229501 -0.06475113 0.82352941 0.46666667 0.18823529
v -0.17504425 0.06217013 -0.06477484 0.82352941 0.46666667 0.18823529
v -0.17513290 0.06394290 -0.06369039 0.82352941 0.46666667 0.18823529
v -0.17506155 0.06383942 -0.06381258 0.82352941 0.46666667 0.18823529
v -0.17513701 0.06364708 -0.06401452 0.82352941 0.46666667 0.18823529
v -0.17513753 0.06360255 -0.06405590 0.82352941 0.46666667 0.18823529
v -0.17511488 0.06455706 -0.06230268 0.82352941 0.46666667 0.18823529
v -0.17512146 0.06443040 -0.06279717 0.82352941 0.46666667 0.18823529
v -0.17511889 0.06449019 -0.06260481 0.82352941 0.46666667 0.18823529
v -0.17449401 0.06454527 -0.06235938 0.82352941 0.46666667 0.18823529
v -0.17506684 0.06456290 -0.06226370 0.82352941 0.46666667 0.18823529
v -0.17448841 0.06356101 -0.06404049 0.82352941 0.46666667 0.18823529
v -0.17513163 0.06401472 -0.06359544 0.82352941 0.46666667 0.18823529
v -0.15706012 0.06335645 -0.05702773 0.82352941 0.46666667 0.18823529
v -0.15697965 0.06313799 -0.05714682 0.82352941 0.46666667 0.18823529
v -0.17337185 0.06403852 -0.06333674 0.82352941 0.46666667 0.18823529
v -0.17337720 0.05943815 -0.06497534 0.82352941 0.46666667 0.18823529
v -0.16239902 0.06202045 -0.06082788 0.82352941 0.46666667 0.18823529
v -0.15960869 0.06220310 -0.05923024 0.82352941 0.46666667 0.18823529
v -0.15963478 0.06241594 -0.05918542 0.82352941 0.46666667 0.18823529
v -0.15816195 0.06456380 -0.05539611 0.82352941 0.46666667 0.18823529
v -0.16386144 0.06468881 -0.05844291 0.82352941 0.46666667 0.18823529
v -0.15736702 0.06393479 -0.05657324 0.82352941 0.46666667 0.18823529
v -0.16781530 0.06383788 -0.06238515 0.82352941 0.46666667 0.18823529
v -0.15725467 0.06375758 -0.05673960 0.82352941 0.46666667 0.18823529
v -0.15967378 0.06265245 -0.05911830 0.82352941 0.46666667 0.18823529
v -0.16013093 0.06296589 -0.05924031 0.82352941 0.46666667 0.18823529
v -0.16161437 0.06394567 -0.05933316 0.82352941 0.46666667 0.18823529
v -0.15715203 0.06356393 -0.05689159 0.82352941 0.46666667 0.18823529
v -0.15788487 0.06444262 -0.05580643 0.82352941 0.46666667 0.18823529
v -0.15774831 0.06434839 -0.05600861 0.82352941 0.46666667 0.18823529
v -0.15761539 0.06423174 -0.05620542 0.82352941 0.46666667 0.18823529
v -0.15748772 0.06409346 -0.05639449 0.82352941 0.46666667 0.18823529
v -0.15748772 0.06409340 0.02100625 0.82352941 0.46666667 0.18823529
v -0.15736696 0.06393473 0.02118500 0.82352941 0.46666667 0.18823529
v -0.15960869 0.06220310 0.02384194 0.82352941 0.46666667 0.18823529
v -0.15942079 0.06442344 0.02189120 0.82352941 0.46666667 0.18823529
v -0.17402026 0.06424516 0.02775121 0.82352941 0.46666667 0.18823529
v -0.16930641 0.06399409 0.02715433 0.82352941 0.46666667 0.18823529
v -0.16800985 0.06532102 0.02096196 0.82352941 0.46666667 0.18823529
v -0.15761533 0.06423168 0.02081724 0.82352941 0.46666667 0.18823529
v -0.15774825 0.06434833 0.02062037 0.82352941 0.46666667 0.18823529
v -0.15788481 0.06444256 0.02041825 0.82352941 0.46666667 0.18823529
v -0.15967378 0.06265240 0.02373006 0.82352941 0.46666667 0.18823529
v -0.16037789 0.06261915 0.02415759 0.82352941 0.46666667 0.18823529
v -0.16008915 0.06295609 0.02383200 0.82352941 0.46666667 0.18823529
v -0.16702200 0.06266157 0.02760044 0.82352941 0.46666667 0.18823529
v -0.15706006 0.06335639 0.02163943 0.82352941 0.46666667 0.18823529
v -0.15697965 0.06313793 0.02175858 0.82352941 0.46666667 0.18823529
v -0.15725467 0.06375752 0.02135130 0.82352941 0.46666667 0.18823529
v -0.15715203 0.06356387 0.02150329 0.82352941 0.46666667 0.18823529
v -0.13160005 0.06459998 -0.02117381 0.82352941 0.46666667 0.18823529
v -0.13160011 0.06459998 -0.01421443 0.82352941 0.46666667 0.18823529
v -0.15797016 0.03019869 -0.05850980 0.82352941 0.46666667 0.18823529
v -0.15797016 0.03042811 -0.05872133 0.82352941 0.46666667 0.18823529
v -0.17128725 0.02839011 0.02761563 0.82352941 0.46666667 0.18823529
v -0.17313744 0.03077535 0.02984777 0.82352941 0.46666667 0.18823529
v -0.16153003 0.05520455 -0.06184752 0.82352941 0.46666667 0.18823529
v -0.15797016 0.03067743 -0.05891165 0.82352941 0.46666667 0.18823529
v -0.15797016 0.03094327 -0.05907878 0.82352941 0.46666667 0.18823529
v -0.15797016 0.03122192 -0.05922064 0.82352941 0.46666667 0.18823529
v -0.16094455 0.02984470 -0.06011441 0.82352941 0.46666667 0.18823529
v -0.16130526 0.03083327 -0.06112042 0.82352941 0.46666667 0.18823529
v -0.16093247 0.03033918 0.02516112 0.82352941 0.46666667 0.18823529
v -0.15801573 0.03055395 0.02346769 0.82352941 0.46666667 0.18823529
v -0.15797016 0.03019869 0.02312150 0.82352941 0.46666667 0.18823529
v -0.16094455 0.02984470 0.02472611 0.82352941 0.46666667 0.18823529
v -0.16729523 0.02978702 0.02801545 0.82352941 0.46666667 0.18823529
v -0.13160005 0.06458818 -0.01406149 0.82352941 0.46666667 0.18823529
v -0.20184769 0.05774997 -0.06394413 0.82352941 0.46666667 0.18823529
v -0.20651008 0.05774997 0.02690550 0.82352941 0.46666667 0.18823529
v -0.21461585 0.05773702 0.02281155 0.82352941 0.46666667 0.18823529
v -0.24827033 0.04448198 -0.02135821 0.82352941 0.46666667 0.18823529
v -0.21069996 0.05779086 -0.06047298 0.82352941 0.46666667 0.18823529
v -0.19973327 0.02475005 -0.04642854 0.82352941 0.46666667 0.18823529
v -0.20966615 0.02475005 -0.03996298 0.82352941 0.46666667 0.18823529
v -0.21104862 0.02475005 0.00314715 0.82352941 0.46666667 0.18823529
v -0.22790331 0.03059308 0.01031435 0.82352941 0.46666667 0.18823529
v -0.22134396 0.03079754 -0.05307604 0.82352941 0.46666667 0.18823529
v -0.20357206 0.06604982 0.00475187 0.82352941 0.46666667 0.18823529
v -0.19850893 0.06604998 0.00743534 0.82352941 0.46666667 0.18823529
v -0.18069197 0.06604734 -0.04410370 0.82352941 0.46666667 0.18823529
v -0.20967920 0.06604998 -0.03425243 0.82352941 0.46666667 0.18823529
v -0.20733328 0.06604998 -0.03692744 0.82352941 0.46666667 0.18823529
v -0.19087844 0.06605095 -0.04514520 0.82352941 0.46666667 0.18823529
v -0.19850893 0.06604998 -0.04282364 0.82352941 0.46666667 0.18823529
v -0.20357206 0.06604982 -0.04014017 0.82352941 0.46666667 0.18823529
v -0.21417376 0.06605031 -0.00901238 0.82352941 0.46666667 0.18823529
v -0.20967920 0.06604998 -0.00113587 0.82352941 0.46666667 0.18823529
v -0.20733328 0.06604998 0.00153913 0.82352941 0.46666667 0.18823529
v -0.13372618 0.06530268 -0.01616447 0.82352941 0.46666667 0.18823529
v -0.22761835 0.10455008 0.00998895 0.36862745 0.38823529 0.40000000
v -0.15322033 0.06972603 0.02555343 0.36862745 0.38823529 0.40000000
v -0.13605548 0.07840285 -0.03521488 0.36862745 0.38823529 0.40000000
v -0.15507028 0.13319321 -0.01680599 0.36862745 0.38823529 0.40000000
v -0.14982861 0.10767539 -0.04635910 0.36862745 0.38823529 0.40000000
v -0.15082973 0.10824461 -0.04691919 0.36862745 0.38823529 0.40000000
v -0.14988749 0.10801567 -0.04630303 0.36862745 0.38823529 0.40000000
v -0.14986023 0.10789926 -0.04632903 0.36862745 0.38823529 0.40000000
v -0.14984034 0.10778285 -0.04634786 0.36862745 0.38823529 0.40000000
v -0.14843720 0.10810000 -0.04505604 0.36862745 0.38823529 0.40000000
v -0.15243267 0.10767306 -0.04842579 0.36862745 0.38823529 0.40000000
v -0.15936023 0.10773875 -0.05391082 0.36862745 0.38823529 0.40000000
v -0.15936397 0.10777105 -0.05390611 0.36862745 0.38823529 0.40000000
v -0.15939631 0.10796840 -0.05386535 0.36862745 0.38823529 0.40000000
v -0.35235006 0.11093952 -0.16246438 0.36862745 0.38823529 0.40000000
v -0.35999978 0.10848923 -0.15674420 0.36862745 0.38823529 0.40000000
v -0.35980475 0.10821463 -0.15562353 0.36862745 0.38823529 0.40000000
v -0.36010650 0.10818650 -0.15511020 0.36862745 0.38823529 0.40000000
v -0.36175078 0.10841979 -0.15421507 0.36862745 0.38823529 0.40000000
v -0.35780102 0.10861851 -0.15840736 0.36862745 0.38823529 0.40000000
v -0.35796198 0.10896553 -0.15938115 0.36862745 0.38823529 0.40000000
v -0.35612875 0.11050121 -0.16254039 0.36862745 0.38823529 0.40000000
v -0.35346937 0.11042537 -0.16210595 0.36862745 0.38823529 0.40000000
v -0.35567200 0.10942043 -0.16071300 0.36862745 0.38823529 0.40000000
v -0.35584643 0.10986013 -0.16152231 0.36862745 0.38823529 0.40000000
v -0.35551441 0.10902931 -0.15982185 0.36862745 0.38823529 0.40000000
v -0.35697973 0.11209238 -0.16409928 0.36862745 0.38823529 0.40000000
v -0.35259956 0.11147471 -0.16308787 0.36862745 0.38823529 0.40000000
v -0.35449925 0.11295924 -0.16463768 0.36862745 0.38823529 0.40000000
v -0.35055438 0.11276169 -0.16342719 0.36862745 0.38823529 0.40000000
v -0.35807368 0.13470121 -0.16717531 0.36862745 0.38823529 0.40000000
v -0.36699536 0.11209302 -0.15950929 0.36862745 0.38823529 0.40000000
v -0.20728770 0.10755010 0.02612237 0.36862745 0.38823529 0.40000000
v -0.22641113 0.10755010 0.01094694 0.36862745 0.38823529 0.40000000
v -0.22706185 0.10755010 0.01038331 0.36862745 0.38823529 0.40000000
v -0.21684523 0.10774936 0.01852938 0.36862745 0.38823529 0.40000000
v -0.16777116 0.12717372 0.02458034 0.36862745 0.38823529 0.40000000
v -0.21683010 0.10799195 0.01851033 0.36862745 0.38823529 0.40000000
v -0.20961094 0.10800530 0.02423264 0.36862745 0.38823529 0.40000000
v -0.21681744 0.10812850 0.01849436 0.36862745 0.38823529 0.40000000
v -0.20781143 0.10777558 0.02569450 0.36862745 0.38823529 0.40000000
v -0.20780058 0.10801013 0.02566712 0.36862745 0.38823529 0.40000000
v -0.20778289 0.10825284 0.02562250 0.36862745 0.38823529 0.40000000
v -0.20581141 0.10853609 0.02707442 0.36862745 0.38823529 0.40000000
v -0.20684551 0.10850699 0.02626646 0.36862745 0.38823529 0.40000000
v -0.20686765 0.10795328 0.02641424 0.36862745 0.38823529 0.40000000
v -0.21678865 0.10837133 0.01845808 0.36862745 0.38823529 0.40000000
v -0.16843487 0.10771866 -0.06111507 0.36862745 0.38823529 0.40000000
v -0.17011358 0.10788293 -0.06227478 0.36862745 0.38823529 0.40000000
v -0.17012195 0.10804350 -0.06221705 0.36862745 0.38823529 0.40000000
v -0.17011704 0.10771771 -0.06231740 0.36862745 0.38823529 0.40000000
v -0.16953424 0.10782298 -0.06192957 0.36862745 0.38823529 0.40000000
v -0.16954200 0.10804428 -0.06184797 0.36862745 0.38823529 0.40000000
v -0.16956188 0.10819889 -0.06177526 0.36862745 0.38823529 0.40000000
v -0.16846757 0.10820094 -0.06092948 0.36862745 0.38823529 0.40000000
v -0.16844764 0.10804631 -0.06100636 0.36862745 0.38823529 0.40000000
v -0.16843522 0.10788502 -0.06106824 0.36862745 0.38823529 0.40000000
v -0.16953096 0.10758863 -0.06197267 0.36862745 0.38823529 0.40000000
v -0.15973853 0.10371427 -0.05477550 0.36862745 0.38823529 0.40000000
v -0.36939469 0.11214216 -0.14800537 0.36862745 0.38823529 0.40000000
v -0.36754295 0.11279525 -0.13483098 0.36862745 0.38823529 0.40000000
v -0.36562228 0.11028106 -0.13921234 0.36862745 0.38823529 0.40000000
v -0.36485049 0.11031808 -0.13670671 0.36862745 0.38823529 0.40000000
v -0.37048876 0.13268368 -0.12956722 0.36862745 0.38823529 0.40000000
v -0.36293218 0.11110236 -0.12894873 0.36862745 0.38823529 0.40000000
v -0.36233094 0.10820485 -0.15069573 0.36862745 0.38823529 0.40000000
v -0.36340129 0.10850508 -0.15002692 0.36862745 0.38823529 0.40000000
v -0.36282739 0.10830678 -0.14722961 0.36862745 0.38823529 0.40000000
v -0.36432478 0.10908957 -0.14316991 0.36862745 0.38823529 0.40000000
v -0.36719313 0.11027884 -0.14904687 0.36862745 0.38823529 0.40000000
v -0.36122426 0.10796554 -0.15131833 0.36862745 0.38823529 0.40000000
v -0.36391014 0.10868419 -0.14655663 0.36862745 0.38823529 0.40000000
v -0.22608154 0.10810263 0.01115363 0.36862745 0.38823529 0.40000000
v -0.22422901 0.10810740 0.01262241 0.36862745 0.38823529 0.40000000
v -0.22412439 0.10865034 0.01257151 0.36862745 0.38823529 0.40000000
v -0.22702856 0.10782696 0.01039946 0.36862745 0.38823529 0.40000000
v -0.22687182 0.10863472 0.01037203 0.36862745 0.38823529 0.40000000
v -0.22698401 0.10809995 0.01040065 0.36862745 0.38823529 0.40000000
v -0.22597009 0.10864027 0.01111310 0.36862745 0.38823529 0.40000000
v -0.16752148 0.13874470 -0.00986199 0.36862745 0.38823529 0.40000000
v -0.16123104 0.13406545 -0.03066255 0.36862745 0.38823529 0.40000000
v -0.33223882 0.13039374 -0.08913457 0.36862745 0.38823529 0.40000000
v -0.33585876 0.13089533 -0.09255071 0.36862745 0.38823529 0.40000000
v -0.35224131 0.13775533 -0.16458412 0.36862745 0.38823529 0.40000000
v -0.36752346 0.14031659 -0.15544914 0.36862745 0.38823529 0.40000000
v -0.31447271 0.13179584 -0.07316652 0.36862745 0.38823529 0.40000000
v -0.30405572 0.13188572 -0.06389396 0.36862745 0.38823529 0.40000000
v -0.33207789 0.13242830 -0.08925357 0.36862745 0.38823529 0.40000000
v -0.33216903 0.13175523 -0.08918358 0.36862745 0.38823529 0.40000000
v -0.32596904 0.13117784 -0.08342712 0.36862745 0.38823529 0.40000000
v -0.34880903 0.13883525 -0.10828228 0.36862745 0.38823529 0.40000000
v -0.34928408 0.13836449 -0.10809161 0.36862745 0.38823529 0.40000000
v -0.34336582 0.13747317 -0.10203744 0.36862745 0.38823529 0.40000000
v -0.23489396 0.13208170 -0.00373597 0.36862745 0.38823529 0.40000000
v -0.23528045 0.13168050 -0.00376509 0.36862745 0.38823529 0.40000000
v -0.16317493 0.12329868 -0.04521980 0.36862745 0.38823529 0.40000000
v -0.17531720 0.13389249 -0.04562218 0.36862745 0.38823529 0.40000000
v -0.17804395 0.13349570 -0.04800249 0.36862745 0.38823529 0.40000000
v -0.17538580 0.13308395 -0.04659355 0.36862745 0.38823529 0.40000000
v -0.17805423 0.13459386 -0.04650297 0.36862745 0.38823529 0.40000000
v -0.17529029 0.13520278 -0.04345940 0.36862745 0.38823529 0.40000000
v -0.17539641 0.13624181 -0.04113972 0.36862745 0.38823529 0.40000000
v -0.17865685 0.13712341 -0.04081334 0.36862745 0.38823529 0.40000000
v -0.17912994 0.13784146 -0.03839818 0.36862745 0.38823529 0.40000000
v -0.17316887 0.13801740 -0.03265397 0.36862745 0.38823529 0.40000000
v -0.18811636 0.14042550 -0.01909710 0.36862745 0.38823529 0.40000000
v -0.29398629 0.13269734 -0.05551019 0.36862745 0.38823529 0.40000000
v -0.28435478 0.13249189 -0.04698915 0.36862745 0.38823529 0.40000000
v -0.22369495 0.13560422 0.00008202 0.36862745 0.38823529 0.40000000
v -0.20790504 0.13842523 0.00014214 0.36862745 0.38823529 0.40000000
v -0.19937299 0.13996446 -0.00671472 0.36862745 0.38823529 0.40000000
v -0.19541210 0.14032853 -0.01063080 0.36862745 0.38823529 0.40000000
v -0.19164580 0.14048004 -0.01476392 0.36862745 0.38823529 0.40000000
v -0.22692797 0.13392659 0.00091137 0.36862745 0.38823529 0.40000000
v -0.22587661 0.13454390 0.00071866 0.36862745 0.38823529 0.40000000
v -0.22479533 0.13510108 0.00043853 0.36862745 0.38823529 0.40000000
v -0.21139583 0.13636149 0.00699960 0.36862745 0.38823529 0.40000000
v -0.21819180 0.13651973 0.00158451 0.36862745 0.38823529 0.40000000
v -0.23564109 0.13125986 -0.00381729 0.36862745 0.38823529 0.40000000
v -0.22900355 0.13168676 0.00154465 0.36862745 0.38823529 0.40000000
v -0.23596543 0.13080966 -0.00389212 0.36862745 0.38823529 0.40000000
v -0.23052715 0.13083923 0.00071554 0.36862745 0.38823529 0.40000000
v -0.22987966 0.13389653 -0.00150515 0.36862745 0.38823529 0.40000000
v -0.23084514 0.13322313 -0.00137662 0.36862745 0.38823529 0.40000000
v -0.23175147 0.13249081 -0.00134488 0.36862745 0.38823529 0.40000000
v -0.22481243 0.13263950 0.00402503 0.36862745 0.38823529 0.40000000
v -0.35497701 0.14052303 -0.11726671 0.36862745 0.38823529 0.40000000
v -0.34990007 0.14021957 -0.11195463 0.36862745 0.38823529 0.40000000
v -0.34774354 0.13960399 -0.10872056 0.36862745 0.38823529 0.40000000
v -0.34829214 0.13924772 -0.10849337 0.36862745 0.38823529 0.40000000
v -0.34376091 0.13694352 -0.10184406 0.36862745 0.38823529 0.40000000
v -0.34409988 0.13636304 -0.10168328 0.36862745 0.38823529 0.40000000
v -0.35252565 0.13787265 -0.11064250 0.36862745 0.38823529 0.40000000
v -0.34437716 0.13573994 -0.10155764 0.36862745 0.38823529 0.40000000
v -0.34862307 0.13405964 -0.10495888 0.36862745 0.38823529 0.40000000
v -0.33844030 0.13337208 -0.09526303 0.36862745 0.38823529 0.40000000
v -0.33829439 0.13403995 -0.09534395 0.36862745 0.38823529 0.40000000
v -0.32009360 0.13110501 -0.07804771 0.36862745 0.38823529 0.40000000
v -0.32013798 0.13042945 -0.07798082 0.36862745 0.38823529 0.40000000
v -0.30399698 0.13222416 -0.06401353 0.36862745 0.38823529 0.40000000
v -0.29407638 0.13235813 -0.05535097 0.36862745 0.38823529 0.40000000
v -0.29415208 0.13200611 -0.05521167 0.36862745 0.38823529 0.40000000
v -0.28446215 0.13212754 -0.04683968 0.36862745 0.38823529 0.40000000
v -0.28455180 0.13174981 -0.04671291 0.36862745 0.38823529 0.40000000
v -0.29441804 0.13125321 -0.05512889 0.36862745 0.38823529 0.40000000
v -0.30413735 0.13118672 -0.06370939 0.36862745 0.38823529 0.40000000
v -0.33809549 0.13468874 -0.09546125 0.36862745 0.38823529 0.40000000
v -0.31455061 0.13112344 -0.07302617 0.36862745 0.38823529 0.40000000
v -0.29421303 0.13164343 -0.05509287 0.36862745 0.38823529 0.40000000
v -0.35201705 0.14187253 -0.15750283 0.36862745 0.38823529 0.40000000
v -0.35175353 0.14233178 -0.15530516 0.36862745 0.38823529 0.40000000
v -0.35367149 0.14287241 -0.15265563 0.36862745 0.38823529 0.40000000
v -0.35630506 0.14298677 -0.15189718 0.36862745 0.38823529 0.40000000
v -0.35489774 0.14295226 -0.14767091 0.36862745 0.38823529 0.40000000
v -0.34998140 0.14125097 -0.11590981 0.36862745 0.38823529 0.40000000
v -0.34739465 0.14170110 -0.11687859 0.36862745 0.38823529 0.40000000
v -0.34478992 0.14194357 -0.11786511 0.36862745 0.38823529 0.40000000
v -0.34717152 0.13990968 -0.10896021 0.36862745 0.38823529 0.40000000
v -0.36008099 0.14182302 -0.15982962 0.36862745 0.38823529 0.40000000
v -0.35043648 0.14133716 -0.15818557 0.36862745 0.38823529 0.40000000
v -0.35027510 0.13980027 -0.16134213 0.36862745 0.38823529 0.40000000
v -0.35202467 0.14090988 -0.16034921 0.36862745 0.38823529 0.40000000
v -0.34833446 0.13934797 -0.16072439 0.36862745 0.38823529 0.40000000
v -0.34943718 0.13920955 -0.16163385 0.36862745 0.38823529 0.40000000
v -0.34938669 0.14022559 -0.16004339 0.36862745 0.38823529 0.40000000
v -0.34929860 0.14063102 -0.15913816 0.36862745 0.38823529 0.40000000
v -0.34743774 0.13446917 -0.16304938 0.36862745 0.38823529 0.40000000
v -0.34687668 0.13499500 -0.16263771 0.36862745 0.38823529 0.40000000
v -0.34780619 0.13563485 -0.16305771 0.36862745 0.38823529 0.40000000
v -0.34852713 0.13887250 -0.16145907 0.36862745 0.38823529 0.40000000
v -0.34691599 0.13671477 -0.16210072 0.36862745 0.38823529 0.40000000
v -0.34733352 0.13618100 -0.16260783 0.36862745 0.38823529 0.40000000
v -0.34711760 0.13644923 -0.16236161 0.36862745 0.38823529 0.40000000
v -0.21441892 0.06505008 -0.05813390 0.36862745 0.38823529 0.40000000
v -0.21154535 0.06505008 -0.05986482 0.36862745 0.38823529 0.40000000
v -0.20757885 0.06858875 0.03169931 0.36862745 0.38823529 0.40000000
v -0.23145242 0.06505008 0.00348668 0.36862745 0.38823529 0.40000000
v -0.23311378 0.06505008 -0.00032141 0.36862745 0.38823529 0.40000000
v -0.14398612 0.06505008 0.00185111 0.36862745 0.38823529 0.40000000
v -0.23568879 0.06505009 -0.02659102 0.36862745 0.38823529 0.40000000
v -0.23386514 0.06505008 -0.03297827 0.36862745 0.38823529 0.40000000
v -0.23268874 0.06505008 -0.03613063 0.36862745 0.38823529 0.40000000
v -0.17604250 0.06505008 -0.06441326 0.36862745 0.38823529 0.40000000
v -0.17331673 0.06505008 -0.06362353 0.36862745 0.38823529 0.40000000
v -0.18953726 0.06505008 -0.06667297 0.36862745 0.38823529 0.40000000
v -0.19232933 0.06505008 -0.06651115 0.36862745 0.38823529 0.40000000
v -0.21455441 0.06505008 -0.05802798 0.36862745 0.38823529 0.40000000
v -0.20194690 0.06505017 -0.06427127 0.36862745 0.38823529 0.40000000
v -0.19512241 0.06505008 -0.06613637 0.36862745 0.38823529 0.40000000
v -0.21466987 0.06505008 -0.05790053 0.36862745 0.38823529 0.40000000
v -0.23251085 0.06505008 -0.03641404 0.36862745 0.38823529 0.40000000
v -0.23691699 0.06505008 -0.01346482 0.36862745 0.38823529 0.40000000
v -0.23707882 0.06505008 -0.01625690 0.36862745 0.38823529 0.40000000
v -0.23702912 0.06505008 -0.01907447 0.36862745 0.38823529 0.40000000
v -0.23261173 0.06505008 -0.03627982 0.36862745 0.38823529 0.40000000
v -0.23671514 0.06505008 -0.02187500 0.36862745 0.38823529 0.40000000
v -0.23501693 0.06505008 -0.00525242 0.36862745 0.38823529 0.40000000
v -0.23590697 0.06505008 -0.00792623 0.36862745 0.38823529 0.40000000
v -0.23654221 0.06505008 -0.01067175 0.36862745 0.38823529 0.40000000
v -0.17055318 0.06505008 -0.06250028 0.36862745 0.38823529 0.40000000
v -0.18671969 0.06505008 -0.06662328 0.36862745 0.38823529 0.40000000
v -0.18391916 0.06505008 -0.06630930 0.36862745 0.38823529 0.40000000
v -0.18116048 0.06505008 -0.06573413 0.36862745 0.38823529 0.40000000
v -0.37917453 0.11975003 -0.13906483 0.21176471 0.22745098 0.23921569
v -0.37977499 0.11974962 -0.13650817 0.21176471 0.22745098 0.23921569
v -0.37963894 0.11975003 -0.13356993 0.21176471 0.22745098 0.23921569
v -0.37931809 0.11974984 -0.13203165 0.21176471 0.22745098 0.23921569
v -0.37869778 0.11975003 -0.13037804 0.21176471 0.22745098 0.23921569
v -0.37615722 0.11975003 -0.12675399 0.21176471 0.22745098 0.23921569
v -0.37423381 0.12675001 -0.12451357 0.21176471 0.22745098 0.23921569
v -0.37143296 0.11975003 -0.12390960 0.21176471 0.22745098 0.23921569
v -0.36855689 0.11975034 -0.12330029 0.21176471 0.22745098 0.23921569
v -0.36593524 0.11975003 -0.12347923 0.21176471 0.22745098 0.23921569
v -0.36439058 0.11974933 -0.12381190 0.21176471 0.22745098 0.23921569
v -0.36274919 0.11975003 -0.12444019 0.21176471 0.22745098 0.23921569
v -0.36176172 0.11975003 -0.12495238 0.21176471 0.22745098 0.23921569
v -0.37414086 0.11974301 -0.15308976 0.21176471 0.22745098 0.23921569
v -0.37489364 0.13375436 -0.15129721 0.21176471 0.22745098 0.23921569
v -0.37110317 0.11975003 -0.15771377 0.21176471 0.22745098 0.23921569
v -0.24053760 0.12622319 -0.27502540 0.21176471 0.22745098 0.23921569
v -0.33772069 0.11272962 -0.17347884 0.21176471 0.22745098 0.23921569
v -0.34084654 0.11310918 -0.17242207 0.21176471 0.22745098 0.23921569
v -0.34021074 0.11297609 -0.17263715 0.21176471 0.22745098 0.23921569
v -0.34150714 0.11327959 -0.17219819 0.21176471 0.22745098 0.23921569
v -0.33897451 0.11280431 -0.17305495 0.21176471 0.22745098 0.23921569
v -0.33947849 0.11286093 -0.17288464 0.21176471 0.22745098 0.23921569
v -0.33958995 0.11287589 -0.17284702 0.21176471 0.22745098 0.23921569
v -0.33835465 0.11275698 -0.17326437 0.21176471 0.22745098 0.23921569
v -0.33128226 0.11273183 -0.17354678 0.21176471 0.22745098 0.23921569
v -0.33185625 0.11275173 -0.17335227 0.21176471 0.22745098 0.23921569
v -0.29108718 0.11291785 -0.17794213 0.21176471 0.22745098 0.23921569
v -0.29324755 0.11296434 -0.17672311 0.21176471 0.22745098 0.23921569
v -0.18826894 0.11777320 -0.24514554 0.21176471 0.22745098 0.23921569
v -0.23974985 0.11495109 -0.20707008 0.21176471 0.22745098 0.23921569
v -0.24530035 0.11458589 -0.20371471 0.21176471 0.22745098 0.23921569
v -0.26042888 0.11380084 -0.19490334 0.21176471 0.22745098 0.23921569
v -0.27571446 0.11325891 -0.18634936 0.21176471 0.22745098 0.23921569
v -0.19206668 0.12119002 -0.24093440 0.21176471 0.22745098 0.23921569
v -0.21577203 0.12485094 -0.21901719 0.21176471 0.22745098 0.23921569
v -0.36176172 0.13374996 -0.12495238 0.21176471 0.22745098 0.23921569
v -0.36362851 0.13375048 -0.12404092 0.21176471 0.22745098 0.23921569
v -0.36593524 0.13374996 -0.12347923 0.21176471 0.22745098 0.23921569
v -0.36886954 0.13375033 -0.12332471 0.21176471 0.22745098 0.23921569
v -0.37143296 0.13374996 -0.12390960 0.21176471 0.22745098 0.23921569
v -0.37615722 0.13374996 -0.12675399 0.21176471 0.22745098 0.23921569
v -0.37815911 0.12675001 -0.12822014 0.21176471 0.22745098 0.23921569
v -0.37869778 0.13374996 -0.13037804 0.21176471 0.22745098 0.23921569
v -0.37926310 0.13375023 -0.13184510 0.21176471 0.22745098 0.23921569
v -0.37963894 0.13374996 -0.13356993 0.21176471 0.22745098 0.23921569
v -0.37980130 0.13375111 -0.13619968 0.21176471 0.22745098 0.23921569
v -0.37917453 0.13374996 -0.13906483 0.21176471 0.22745098 0.23921569
v -0.36988759 0.13374497 -0.15915973 0.21176471 0.22745098 0.23921569
v -0.37193450 0.13374996 -0.15657677 0.21176471 0.22745098 0.23921569
v -0.33947849 0.14063907 -0.17288464 0.21176471 0.22745098 0.23921569
v -0.33958995 0.14062411 -0.17284702 0.21176471 0.22745098 0.23921569
v -0.33897451 0.14069569 -0.17305495 0.21176471 0.22745098 0.23921569
v -0.33772069 0.14077038 -0.17347884 0.21176471 0.22745098 0.23921569
v -0.33835465 0.14074302 -0.17326437 0.21176471 0.22745098 0.23921569
v -0.34021074 0.14052391 -0.17263715 0.21176471 0.22745098 0.23921569
v -0.34084654 0.14039081 -0.17242207 0.21176471 0.22745098 0.23921569
v -0.34150714 0.14022040 -0.17219819 0.21176471 0.22745098 0.23921569
v -0.33128226 0.14076817 -0.17354678 0.21176471 0.22745098 0.23921569
v -0.33185625 0.14074828 -0.17335227 0.21176471 0.22745098 0.23921569
v -0.29108718 0.14058214 -0.17794213 0.21176471 0.22745098 0.23921569
v -0.29253459 0.14057904 -0.17714013 0.21176471 0.22745098 0.23921569
v -0.21590720 0.13643092 -0.22262682 0.21176471 0.22745098 0.23921569
v -0.20886822 0.13580418 -0.22780751 0.21176471 0.22745098 0.23921569
v -0.27571446 0.14024109 -0.18634936 0.21176471 0.22745098 0.23921569
v -0.22187778 0.13684690 -0.21826950 0.21176471 0.22745098 0.23921569
v -0.18158902 0.13586892 -0.25236022 0.21176471 0.22745098 0.23921569
v -0.22310284 0.13713986 -0.21767779 0.21176471 0.22745098 0.23921569
v -0.23041843 0.13782239 -0.21290246 0.21176471 0.22745098 0.23921569
v -0.23974985 0.13854891 -0.20707008 0.21176471 0.22745098 0.23921569
v -0.24530035 0.13891411 -0.20371471 0.21176471 0.22745098 0.23921569
v -0.26042888 0.13969916 -0.19490334 0.21176471 0.22745098 0.23921569
v -0.17904374 0.14625578 -0.28763032 0.21176471 0.22745098 0.23921569
v -0.19117340 0.14635913 -0.29189211 0.21176471 0.22745098 0.23921569
v -0.19121192 0.14505489 -0.29547608 0.21176471 0.22745098 0.23921569
v -0.17655841 0.14254405 -0.29442906 0.21176471 0.22745098 0.23921569
v -0.19289809 0.13880926 -0.30116084 0.21176471 0.22745098 0.23921569
v -0.17057239 0.13877183 -0.29094809 0.21176471 0.22745098 0.23921569
v -0.18338938 0.14598581 -0.29432425 0.21176471 0.22745098 0.23921569
v -0.16710073 0.12986821 -0.29007134 0.21176471 0.22745098 0.23921569
v -0.16713196 0.13143079 -0.29121235 0.21176471 0.22745098 0.23921569
v -0.17568694 0.12712263 -0.30113220 0.21176471 0.22745098 0.23921569
v -0.18568300 0.13037056 -0.30466956 0.21176471 0.22745098 0.23921569
v -0.17639033 0.14037302 -0.29836804 0.21176471 0.22745098 0.23921569
v -0.19599909 0.14189462 -0.29784110 0.21176471 0.22745098 0.23921569
v -0.19247802 0.13318440 -0.30411705 0.21176471 0.22745098 0.23921569
v -0.18659900 0.14064625 -0.30107671 0.21176471 0.22745098 0.23921569
v -0.17723101 0.13900231 -0.26168075 0.21176471 0.22745098 0.23921569
v -0.17218325 0.14301039 -0.28346315 0.21176471 0.22745098 0.23921569
v -0.18085025 0.14571643 -0.28028297 0.21176471 0.22745098 0.23921569
v -0.17860195 0.14316845 -0.27187762 0.21176471 0.22745098 0.23921569
v -0.17203227 0.14262611 -0.27820897 0.21176471 0.22745098 0.23921569
v -0.17779823 0.14158197 -0.26769707 0.21176471 0.22745098 0.23921569
v -0.17906334 0.13846385 -0.25888735 0.21176471 0.22745098 0.23921569
v -0.17922546 0.13858028 -0.25894701 0.21176471 0.22745098 0.23921569
v -0.17963704 0.13882637 -0.25909856 0.21176471 0.22745098 0.23921569
v -0.19711135 0.14454710 -0.29287666 0.21176471 0.22745098 0.23921569
v -0.19625807 0.14500028 -0.29256812 0.21176471 0.22745098 0.23921569
v -0.19449027 0.14573850 -0.29192162 0.21176471 0.22745098 0.23921569
v -0.19358297 0.14603317 -0.29158601 0.21176471 0.22745098 0.23921569
v -0.19173783 0.14649220 -0.29089645 0.21176471 0.22745098 0.23921569
v -0.19080630 0.14666188 -0.29054525 0.21176471 0.22745098 0.23921569
v -0.19162734 0.14668316 -0.28940234 0.21176471 0.22745098 0.23921569
v -0.18767427 0.14700401 -0.28792435 0.21176471 0.22745098 0.23921569
v -0.18436790 0.14697497 -0.28799352 0.21176471 0.22745098 0.23921569
v -0.18568711 0.14697349 -0.28716066 0.21176471 0.22745098 0.23921569
v -0.18415891 0.14674968 -0.28501916 0.21176471 0.22745098 0.23921569
v -0.18128525 0.14543676 -0.27866662 0.21176471 0.22745098 0.23921569
v -0.17728861 0.14489213 -0.27921572 0.21176471 0.22745098 0.23921569
v -0.18115669 0.12827143 -0.24990620 0.21176471 0.22745098 0.23921569
v -0.16796130 0.12244563 -0.27156767 0.21176471 0.22745098 0.23921569
v -0.17335102 0.12551020 -0.26015887 0.21176471 0.22745098 0.23921569
v -0.17029971 0.12717772 -0.26618081 0.21176471 0.22745098 0.23921569
v -0.16615774 0.13269921 -0.28040570 0.21176471 0.22745098 0.23921569
v -0.17083557 0.13653409 -0.26843476 0.21176471 0.22745098 0.23921569
v -0.17659974 0.10871240 -0.29031101 0.21176471 0.22745098 0.23921569
v -0.17969608 0.10707739 -0.29113099 0.21176471 0.22745098 0.23921569
v -0.18802437 0.10841440 -0.29639834 0.21176471 0.22745098 0.23921569
v -0.18802071 0.10653748 -0.29016486 0.21176471 0.22745098 0.23921569
v -0.18789896 0.11249322 -0.30097607 0.21176471 0.22745098 0.23921569
v -0.19246869 0.10848417 -0.29495540 0.21176471 0.22745098 0.23921569
v -0.19899067 0.12055118 -0.30169708 0.21176471 0.22745098 0.23921569
v -0.19661239 0.11022750 -0.29554525 0.21176471 0.22745098 0.23921569
v -0.16968122 0.11449777 -0.28739578 0.21176471 0.22745098 0.23921569
v -0.16619854 0.12365282 -0.28830031 0.21176471 0.22745098 0.23921569
v -0.19658847 0.11513612 -0.30021337 0.21176471 0.22745098 0.23921569
v -0.16987720 0.12061685 -0.29514766 0.21176471 0.22745098 0.23921569
v -0.17657503 0.11526737 -0.29821268 0.21176471 0.22745098 0.23921569
v -0.17381065 0.11355246 -0.29462343 0.21176471 0.22745098 0.23921569
v -0.18622233 0.12184981 -0.30497271 0.21176471 0.22745098 0.23921569
v -0.19784084 0.12735391 -0.30354822 0.21176471 0.22745098 0.23921569
v -0.17034255 0.11261871 -0.28295264 0.21176471 0.22745098 0.23921569
v -0.17479031 0.11465246 -0.26438975 0.21176471 0.22745098 0.23921569
v -0.17860195 0.11033155 -0.27187762 0.21176471 0.22745098 0.23921569
v -0.21039023 0.11700083 -0.22586946 0.21176471 0.22745098 0.23921569
v -0.18568711 0.10652651 -0.28716066 0.21176471 0.22745098 0.23921569
v -0.18622112 0.10660203 -0.28582206 0.21176471 0.22745098 0.23921569
v -0.17266935 0.11062362 -0.27748826 0.21176471 0.22745098 0.23921569
v -0.17212363 0.11069220 -0.28256780 0.21176471 0.22745098 0.23921569
v -0.18085025 0.10778357 -0.28028297 0.21176471 0.22745098 0.23921569
v -0.18128525 0.10806323 -0.27866662 0.21176471 0.22745098 0.23921569
v -0.19711135 0.10895289 -0.29287666 0.21176471 0.22745098 0.23921569
v -0.19625807 0.10849972 -0.29256812 0.21176471 0.22745098 0.23921569
v -0.19449027 0.10776151 -0.29192162 0.21176471 0.22745098 0.23921569
v -0.19313225 0.10719968 -0.29069629 0.21176471 0.22745098 0.23921569
v -0.19261110 0.10698999 -0.28976092 0.21176471 0.22745098 0.23921569
v -0.19121960 0.10681583 -0.28999099 0.21176471 0.22745098 0.23921569
v -0.18767427 0.10649599 -0.28792435 0.21176471 0.22745098 0.23921569
v -0.17884263 0.10848378 -0.27825153 0.21176471 0.22745098 0.23921569
v -0.16598399 0.12823944 -0.27809861 0.21176471 0.22745098 0.23921569
v -0.17925212 0.11804958 -0.25521106 0.21176471 0.22745098 0.23921569
v -0.16638911 0.11960571 -0.27819559 0.21176471 0.22745098 0.23921569
v 0.18221760 -0.11143828 -0.28991276 0.08627451 0.08627451 0.08627451
v 0.19398239 -0.11143828 -0.27508724 0.08627451 0.08627451 0.08627451
v 0.18221760 -0.14206171 -0.28991276 0.08627451 0.08627451 0.08627451
v 0.19398239 -0.14206171 -0.27508724 0.08627451 0.08627451 0.08627451
v 0.17610592 -0.13621315 -0.27298209 0.08627451 0.08627451 0.08627451
v 0.17610592 -0.11728684 -0.27298209 0.08627451 0.08627451 0.08627451
v 0.20009407 -0.13621315 -0.29201791 0.08627451 0.08627451 0.08627451
v 0.20009407 -0.11728684 -0.29201791 0.08627451 0.08627451 0.08627451
v 0.20503066 -0.12675001 -0.27638832 0.08627451 0.08627451 0.08627451
v 0.19020517 -0.12675001 -0.26462352 0.08627451 0.08627451 0.08627451
v 0.18599483 -0.12675001 -0.30037647 0.08627451 0.08627451 0.08627451
v 0.17116934 -0.12675001 -0.28861168 0.08627451 0.08627451 0.08627451
v 0.18810000 -0.10875000 -0.28250000 0.08627451 0.08627451 0.08627451
v 0.18810000 -0.14475000 -0.28250000 0.08627451 0.08627451 0.08627451
v 0.17759247 -0.14131230 -0.28126261 0.08627451 0.08627451 0.08627451
v 0.18450764 -0.14131230 -0.27254841 0.08627451 0.08627451 0.08627451
v 0.17759247 -0.11218769 -0.28126261 0.08627451 0.08627451 0.08627451
v 0.18450764 -0.11218769 -0.27254841 0.08627451 0.08627451 0.08627451
v 0.17400011 -0.12675001 -0.27131101 0.08627451 0.08627451 0.08627451
v 0.19169235 -0.14131230 -0.29245159 0.08627451 0.08627451 0.08627451
v 0.19860753 -0.14131230 -0.28373739 0.08627451 0.08627451 0.08627451
v 0.19169235 -0.11218769 -0.29245159 0.08627451 0.08627451 0.08627451
v 0.19860753 -0.11218769 -0.28373739 0.08627451 0.08627451 0.08627451
v 0.20219989 -0.12675001 -0.29368898 0.08627451 0.08627451 0.08627451
v 0.20150918 -0.11775000 -0.27455053 0.08627451 0.08627451 0.08627451
v 0.20150918 -0.13575000 -0.27455053 0.08627451 0.08627451 0.08627451
v 0.20510153 -0.13231231 -0.28450212 0.08627451 0.08627451 0.08627451
v 0.20510153 -0.12118769 -0.28450212 0.08627451 0.08627451 0.08627451
v 0.19279496 -0.11775000 -0.26763538 0.08627451 0.08627451 0.08627451
v 0.19279496 -0.13575000 -0.26763538 0.08627451 0.08627451 0.08627451
v 0.18228744 -0.13231231 -0.26639798 0.08627451 0.08627451 0.08627451
v 0.18228744 -0.12118769 -0.26639798 0.08627451 0.08627451 0.08627451
v 0.19928898 -0.12675001 -0.26840010 0.08627451 0.08627451 0.08627451
v 0.18340503 -0.11775000 -0.29736462 0.08627451 0.08627451 0.08627451
v 0.18340503 -0.13575000 -0.29736462 0.08627451 0.08627451 0.08627451
v 0.19391255 -0.13231231 -0.29860201 0.08627451 0.08627451 0.08627451
v 0.19391255 -0.12118769 -0.29860201 0.08627451 0.08627451 0.08627451
v 0.17469083 -0.11775000 -0.29044947 0.08627451 0.08627451 0.08627451
v 0.17469083 -0.13575000 -0.29044947 0.08627451 0.08627451 0.08627451
v 0.17109847 -0.13231231 -0.28049788 0.08627451 0.08627451 0.08627451
v 0.17109847 -0.12118769 -0.28049788 0.08627451 0.08627451 0.08627451
v 0.17691103 -0.12675001 -0.29659989 0.08627451 0.08627451 0.08627451
v 0.18221760 0.14206171 -0.28991276 0.08627451 0.08627451 0.08627451
v 0.19398239 0.14206171 -0.27508724 0.08627451 0.08627451 0.08627451
v 0.18221760 0.11143828 -0.28991276 0.08627451 0.08627451 0.08627451
v 0.19398239 0.11143828 -0.27508724 0.08627451 0.08627451 0.08627451
v 0.17610592 0.11728684 -0.27298209 0.08627451 0.08627451 0.08627451
v 0.17610592 0.13621315 -0.27298209 0.08627451 0.08627451 0.08627451
v 0.20009407 0.11728684 -0.29201791 0.08627451 0.08627451 0.08627451
v 0.20009407 0.13621315 -0.29201791 0.08627451 0.08627451 0.08627451
v 0.20503066 0.12675001 -0.27638832 0.08627451 0.08627451 0.08627451
v 0.19020517 0.12675001 -0.26462352 0.08627451 0.08627451 0.08627451
v 0.18599483 0.12675001 -0.30037647 0.08627451 0.08627451 0.08627451
v 0.17116934 0.12675001 -0.28861168 0.08627451 0.08627451 0.08627451
v 0.18810000 0.14475000 -0.28250000 0.08627451 0.08627451 0.08627451
v 0.18810000 0.10875000 -0.28250000 0.08627451 0.08627451 0.08627451
v 0.17759247 0.11218769 -0.28126261 0.08627451 0.08627451 0.08627451
v 0.18450764 0.11218769 -0.27254841 0.08627451 0.08627451 0.08627451
v 0.17759247 0.14131230 -0.28126261 0.08627451 0.08627451 0.08627451
v 0.18450764 0.14131230 -0.27254841 0.08627451 0.08627451 0.08627451
v 0.17400011 0.12675001 -0.27131101 0.08627451 0.08627451 0.08627451
v 0.19169235 0.11218769 -0.29245159 0.08627451 0.08627451 0.08627451
v 0.19860753 0.11218769 -0.28373739 0.08627451 0.08627451 0.08627451
v 0.19169235 0.14131230 -0.29245159 0.08627451 0.08627451 0.08627451
v 0.19860753 0.14131230 -0.28373739 0.08627451 0.08627451 0.08627451
v 0.20219989 0.12675001 -0.29368898 0.08627451 0.08627451 0.08627451
v 0.20150918 0.13575000 -0.27455053 0.08627451 0.08627451 0.08627451
v 0.20150918 0.11775000 -0.27455053 0.08627451 0.08627451 0.08627451
v 0.20510153 0.12118769 -0.28450212 0.08627451 0.08627451 0.08627451
v 0.20510153 0.13231231 -0.28450212 0.08627451 0.08627451 0.08627451
v 0.19279496 0.13575000 -0.26763538 0.08627451 0.08627451 0.08627451
v 0.19279496 0.11775000 -0.26763538 0.08627451 0.08627451 0.08627451
v 0.18228744 0.12118769 -0.26639798 0.08627451 0.08627451 0.08627451
v 0.18228744 0.13231231 -0.26639798 0.08627451 0.08627451 0.08627451
v 0.19928898 0.12675001 -0.26840010 0.08627451 0.08627451 0.08627451
v 0.18340503 0.13575000 -0.29736462 0.08627451 0.08627451 0.08627451
v 0.18340503 0.11775000 -0.29736462 0.08627451 0.08627451 0.08627451
v 0.19391255 0.12118769 -0.29860201 0.08627451 0.08627451 0.08627451
v 0.19391255 0.13231231 -0.29860201 0.08627451 0.08627451 0.08627451
v 0.17469083 0.13575000 -0.29044947 0.08627451 0.08627451 0.08627451
v 0.17469083 0.11775000 -0.29044947 0.08627451 0.08627451 0.08627451
v 0.17109847 0.12118769 -0.28049788 0.08627451 0.08627451 0.08627451
v 0.17109847 0.13231231 -0.28049788 0.08627451 0.08627451 0.08627451
v 0.17691103 0.12675001 -0.29659989 0.08627451 0.08627451 0.08627451
v -0.19398239 -0.11143828 -0.28991276 0.08627451 0.08627451 0.08627451
v -0.18221760 -0.11143828 -0.27508724 0.08627451 0.08627451 0.08627451
v -0.19398239 -0.14206171 -0.28991276 0.08627451 0.08627451 0.08627451
v -0.18221760 -0.14206171 -0.27508724 0.08627451 0.08627451 0.08627451
v -0.20009407 -0.13621315 -0.27298209 0.08627451 0.08627451 0.08627451
v -0.20009407 -0.11728684 -0.27298209 0.08627451 0.08627451 0.08627451
v -0.17610592 -0.13621315 -0.29201791 0.08627451 0.08627451 0.08627451
v -0.17610592 -0.11728684 -0.29201791 0.08627451 0.08627451 0.08627451
v -0.17116934 -0.12675001 -0.27638832 0.08627451 0.08627451 0.08627451
v -0.18599483 -0.12675001 -0.26462352 0.08627451 0.08627451 0.08627451
v -0.19020517 -0.12675001 -0.30037647 0.08627451 0.08627451 0.08627451
v -0.20503066 -0.12675001 -0.28861168 0.08627451 0.08627451 0.08627451
v -0.18810000 -0.10875000 -0.28250000 0.08627451 0.08627451 0.08627451
v -0.18810000 -0.14475000 -0.28250000 0.08627451 0.08627451 0.08627451
v -0.19860753 -0.14131230 -0.28126261 0.08627451 0.08627451 0.08627451
v -0.19169235 -0.14131230 -0.27254841 0.08627451 0.08627451 0.08627451
v -0.19860753 -0.11218769 -0.28126261 0.08627451 0.08627451 0.08627451
v -0.19169235 -0.11218769 -0.27254841 0.08627451 0.08627451 0.08627451
v -0.20219989 -0.12675001 -0.27131101 0.08627451 0.08627451 0.08627451
v -0.18450764 -0.14131230 -0.29245159 0.08627451 0.08627451 0.08627451
v -0.17759247 -0.14131230 -0.28373739 0.08627451 0.08627451 0.08627451
v -0.18450764 -0.11218769 -0.29245159 0.08627451 0.08627451 0.08627451
v -0.17759247 -0.11218769 -0.28373739 0.08627451 0.08627451 0.08627451
v -0.17400011 -0.12675001 -0.29368898 0.08627451 0.08627451 0.08627451
v -0.17469083 -0.11775000 -0.27455053 0.08627451 0.08627451 0.08627451
v -0.17469083 -0.13575000 -0.27455053 0.08627451 0.08627451 0.08627451
v -0.17109847 -0.13231231 -0.28450212 0.08627451 0.08627451 0.08627451
v -0.17109847 -0.12118769 -0.28450212 0.08627451 0.08627451 0.08627451
v -0.18340503 -0.11775000 -0.26763538 0.08627451 0.08627451 0.08627451
v -0.18340503 -0.13575000 -0.26763538 0.08627451 0.08627451 0.08627451
v -0.19391255 -0.13231231 -0.26639798 0.08627451 0.08627451 0.08627451
v -0.19391255 -0.12118769 -0.26639798 0.08627451 0.08627451 0.08627451
v -0.17691103 -0.12675001 -0.26840010 0.08627451 0.08627451 0.08627451
v -0.19279496 -0.11775000 -0.29736462 0.08627451 0.08627451 0.08627451
v -0.19279496 -0.13575000 -0.29736462 0.08627451 0.08627451 0.08627451
v -0.18228744 -0.13231231 -0.29860201 0.08627451 0.08627451 0.08627451
v -0.18228744 -0.12118769 -0.29860201 0.08627451 0.08627451 0.08627451
v -0.20150918 -0.11775000 -0.29044947 0.08627451 0.08627451 0.08627451
v -0.20150918 -0.13575000 -0.29044947 0.08627451 0.08627451 0.08627451
v -0.20510153 -0.13231231 -0.28049788 0.08627451 0.08627451 0.08627451
v -0.20510153 -0.12118769 -0.28049788 0.08627451 0.08627451 0.08627451
v -0.19928898 -0.12675001 -0.29659989 0.08627451 0.08627451 0.08627451
v -0.19398239 0.14206171 -0.28991276 0.08627451 0.08627451 0.08627451
v -0.18221760 0.14206171 -0.27508724 0.08627451 0.08627451 0.08627451
v -0.19398239 0.11143828 -0.28991276 0.08627451 0.08627451 0.08627451
v -0.18221760 0.11143828 -0.27508724 0.08627451 0.08627451 0.08627451
v -0.20009407 0.11728684 -0.27298209 0.08627451 0.08627451 0.08627451
v -0.20009407 0.13621315 -0.27298209 0.08627451 0.08627451 0.08627451
v -0.17610592 0.11728684 -0.29201791 0.08627451 0.08627451 0.08627451
v -0.17610592 0.13621315 -0.29201791 0.08627451 0.08627451 0.08627451
v -0.17116934 0.12675001 -0.27638832 0.08627451 0.08627451 0.08627451
v -0.18599483 0.12675001 -0.26462352 0.08627451 0.08627451 0.08627451
v -0.19020517 0.12675001 -0.30037647 0.08627451 0.08627451 0.08627451
v -0.20503066 0.12675001 -0.28861168 0.08627451 0.08627451 0.08627451
v -0.18810000 0.14475000 -0.28250000 0.08627451 0.08627451 0.08627451
v -0.18810000 0.10875000 -0.28250000 0.08627451 0.08627451 0.08627451
v -0.19860753 0.11218769 -0.28126261 0.08627451 0.08627451 0.08627451
v -0.19169235 0.11218769 -0.27254841 0.08627451 0.08627451 0.08627451
v -0.19860753 0.14131230 -0.28126261 0.08627451 0.08627451 0.08627451
v -0.19169235 0.14131230 -0.27254841 0.08627451 0.08627451 0.08627451
v -0.20219989 0.12675001 -0.27131101 0.08627451 0.08627451 0.08627451
v -0.18450764 0.11218769 -0.29245159 0.08627451 0.08627451 0.08627451
v -0.17759247 0.11218769 -0.28373739 0.08627451 0.08627451 0.08627451
v -0.18450764 0.14131230 -0.29245159 0.08627451 0.08627451 0.08627451
v -0.17759247 0.14131230 -0.28373739 0.08627451 0.08627451 0.08627451
v -0.17400011 0.12675001 -0.29368898 0.08627451 0.08627451 0.08627451
v -0.17469083 0.13575000 -0.27455053 0.08627451 0.08627451 0.08627451
v -0.17469083 0.11775000 -0.27455053 0.08627451 0.08627451 0.08627451
v -0.17109847 0.12118769 -0.28450212 0.08627451 0.08627451 0.08627451
v -0.17109847 0.13231231 -0.28450212 0.08627451 0.08627451 0.08627451
v -0.18340503 0.13575000 -0.26763538 0.08627451 0.08627451 0.08627451
v -0.18340503 0.11775000 -0.26763538 0.08627451 0.08627451 0.08627451
v -0.19391255 0.12118769 -0.26639798 0.08627451 0.08627451 0.08627451
v -0.19391255 0.13231231 -0.26639798 0.08627451 0.08627451 0.08627451
v -0.17691103 0.12675001 -0.26840010 0.08627451 0.08627451 0.08627451
v -0.19279496 0.13575000 -0.29736462 0.08627451 0.08627451 0.08627451
v -0.19279496 0.11775000 -0.29736462 0.08627451 0.08627451 0.08627451
v -0.18228744 0.12118769 -0.29860201 0.08627451 0.08627451 0.08627451
v -0.18228744 0.13231231 -0.29860201 0.08627451 0.08627451 0.08627451
v -0.20150918 0.13575000 -0.29044947 0.08627451 0.08627451 0.08627451
v -0.20150918 0.11775000 -0.29044947 0.08627451 0.08627451 0.08627451
v -0.20510153 0.12118769 -0.28049788 0.08627451 0.08627451 0.08627451
v -0.20510153 0.13231231 -0.28049788 0.08627451 0.08627451 0.08627451
v -0.19928898 0.12675001 -0.29659989 0.08627451 0.08627451 0.08627451
f 500 236 173
f 236 504 289
f 344 342 497
f 497 343 498
f 497 342 343
f 288 504 287
f 288 289 504
f 232 233 238
f 479 427 495
f 425 427 479
f 498 343 397
f 306 305 513
f 485 479 495
f 170 278 276
f 326 369 362
f 179 60 64
f 185 68 186
f 12 180 183
f 295 294 296
f 238 231 237
f 469 471 470
f 472 471 483
f 418 431 495
f 495 427 418
f 480 400 401
f 360 375 361
f 362 375 360
f 371 366 362
f 362 366 367
f 332 267 331
f 331 267 387
f 498 397 398
f 208 237 258
f 651 648 652
f 557 324 568
f 315 512 316
f 512 508 316
f 316 508 317
f 316 192 194
f 316 317 192
f 562 509 191
f 191 192 507
f 507 317 506
f 192 317 507
f 509 188 187
f 509 562 555
f 555 188 509
f 500 188 555
f 500 173 172
f 172 188 500
f 282 283 299
f 299 300 282
f 555 504 236
f 555 236 500
f 474 484 475
f 472 484 474
f 475 473 474
f 474 473 472
f 469 470 467
f 170 276 171
f 346 345 487
f 344 497 487
f 487 345 344
f 487 497 498
f 346 488 348
f 348 349 346
f 348 584 350
f 351 348 350
f 349 348 351
f 369 326 370
f 387 267 266
f 182 4 3
f 71 179 75
f 182 181 21
f 302 523 524
f 161 277 278
f 278 277 524
f 524 277 273
f 273 302 524
f 303 296 275
f 524 295 303
f 295 296 303
f 303 276 278
f 278 524 303
f 275 274 152
f 457 290 291
f 299 283 284
f 518 300 299
f 298 286 503
f 503 286 287
f 230 237 231
f 477 476 493
f 475 484 493
f 493 476 475
f 472 473 471
f 482 483 486
f 472 483 482
f 499 480 481
f 400 480 499
f 499 385 400
f 399 385 499
f 368 371 362
f 376 375 362
f 362 367 376
f 372 367 366
f 362 369 365
f 7 178 177
f 346 349 347
f 347 345 346
f 344 345 347
f 359 357 356
f 357 355 356
f 557 556 566
f 568 324 569
f 569 324 323
f 196 197 315
f 196 316 194
f 315 316 196
f 314 315 199
f 315 197 199
f 552 508 512
f 314 199 201
f 191 509 189
f 509 187 189
f 243 244 256
f 256 242 243
f 188 172 256
f 242 256 241
f 241 256 172
f 517 306 513
f 517 523 306
f 281 282 300
f 643 648 633
f 652 648 643
f 466 467 465
f 465 461 466
f 144 159 275
f 599 598 597
f 481 488 346
f 481 489 488
f 584 348 583
f 583 348 488
f 488 489 583
f 340 364 595
f 341 326 362
f 177 178 255
f 260 15 183
f 178 15 260
f 264 252 265
f 182 3 5
f 203 179 311
f 179 309 311
f 311 321 322
f 311 309 321
f 311 322 323
f 180 8 28
f 90 186 52
f 65 186 68
f 65 66 186
f 26 181 180
f 54 89 90
f 185 179 73
f 1 4 182
f 273 279 302
f 302 306 523
f 302 301 306
f 302 279 280
f 280 301 302
f 273 277 164
f 164 167 273
f 97 223 222
f 169 278 170
f 169 160 278
f 278 160 138
f 170 171 139
f 275 152 143
f 112 218 221
f 221 122 109
f 292 296 294
f 292 274 275
f 275 296 292
f 300 518 519
f 287 504 505
f 401 400 385
f 428 443 432
f 404 290 457
f 429 430 442
f 442 428 429
f 428 442 441
f 428 441 443
f 429 477 494
f 477 493 494
f 494 430 429
f 482 484 472
f 496 499 481
f 496 481 498
f 498 398 496
f 496 398 399
f 399 499 496
f 418 427 425
f 401 385 386
f 266 337 387
f 389 337 266
f 338 337 389
f 336 329 335
f 336 335 387
f 387 337 336
f 336 337 339
f 387 335 334
f 334 333 387
f 387 333 330
f 375 376 374
f 327 331 387
f 175 318 310
f 318 319 310
f 37 7 177
f 361 359 360
f 364 340 360
f 364 360 363
f 175 591 620
f 620 318 175
f 350 584 585
f 352 351 350
f 353 351 352
f 350 585 352
f 352 355 353
f 217 235 234
f 236 235 217
f 217 173 236
f 216 217 215
f 605 557 566
f 568 556 557
f 573 556 568
f 568 569 573
f 566 556 573
f 323 322 570
f 251 182 204
f 324 557 553
f 553 313 324
f 314 313 553
f 508 552 506
f 317 508 506
f 191 507 562
f 552 507 506
f 323 324 313
f 314 201 313
f 312 313 201
f 203 311 312
f 188 256 190
f 190 256 261
f 259 261 256
f 305 306 301
f 301 281 300
f 280 281 301
f 634 623 622
f 628 623 634
f 632 643 633
f 469 467 537
f 463 461 462
f 468 465 467
f 468 467 470
f 461 465 460
f 462 461 460
f 542 482 486
f 486 551 542
f 346 487 481
f 481 491 489
f 481 487 498
f 341 360 340
f 341 340 325
f 362 360 341
f 578 579 325
f 578 340 595
f 325 340 578
f 16 15 178
f 15 57 18
f 183 15 18
f 252 264 263
f 254 255 260
f 260 255 178
f 260 253 254
f 25 20 182
f 182 5 25
f 49 179 64
f 49 47 179
f 71 75 48
f 67 52 186
f 11 45 8
f 12 45 11
f 180 12 11
f 11 8 180
f 27 26 180
f 65 26 27
f 9 44 12
f 9 12 183
f 10 9 183
f 44 9 10
f 74 179 71
f 74 73 179
f 185 73 72
f 72 63 185
f 4 1 30
f 70 62 68
f 70 69 62
f 70 68 185
f 185 69 70
f 251 181 182
f 180 181 251
f 105 223 102
f 105 104 223
f 103 104 130
f 167 166 273
f 101 222 99
f 99 225 100
f 222 225 99
f 167 164 128
f 160 169 140
f 140 169 170
f 275 143 149
f 108 221 114
f 112 221 108
f 108 116 112
f 457 405 407
f 297 285 286
f 297 286 298
f 515 510 297
f 297 510 299
f 284 285 297
f 299 284 297
f 304 519 305
f 300 519 304
f 305 301 304
f 304 301 300
f 513 305 522
f 298 503 501
f 505 503 287
f 504 555 505
f 555 515 505
f 402 441 423
f 399 398 397
f 397 385 399
f 408 405 457
f 457 409 408
f 290 404 410
f 411 404 457
f 430 494 492
f 495 431 492
f 431 430 492
f 482 493 484
f 482 494 493
f 482 492 494
f 426 418 425
f 417 419 418
f 388 389 266
f 266 262 388
f 373 376 367
f 333 334 328
f 328 334 335
f 86 175 184
f 175 310 184
f 89 53 184
f 90 89 184
f 184 186 90
f 184 310 186
f 325 579 307
f 307 591 175
f 307 579 591
f 81 51 80
f 82 51 81
f 80 176 81
f 81 176 82
f 359 356 358
f 358 360 359
f 358 363 360
f 364 363 590
f 394 396 395
f 394 397 396
f 586 352 585
f 356 587 588
f 589 358 588
f 588 358 356
f 354 356 355
f 354 587 356
f 354 586 587
f 355 352 354
f 352 586 354
f 232 217 234
f 232 234 233
f 215 217 232
f 215 232 240
f 240 232 238
f 256 246 247
f 245 246 256
f 245 256 244
f 249 250 257
f 257 250 258
f 209 210 208
f 652 625 653
f 653 651 652
f 649 651 653
f 563 605 566
f 563 564 567
f 557 605 616
f 605 563 616
f 654 653 625
f 320 572 321
f 310 319 320
f 565 569 323
f 323 570 565
f 565 573 569
f 552 562 507
f 91 200 259
f 312 311 323
f 323 313 312
f 251 204 202
f 647 628 621
f 538 471 469
f 469 537 538
f 538 483 471
f 486 483 538
f 536 467 466
f 536 537 467
f 580 619 598
f 593 583 489
f 489 582 593
f 600 581 599
f 600 491 581
f 600 593 582
f 489 491 600
f 600 582 489
f 599 597 600
f 183 180 260
f 180 251 260
f 179 47 78
f 181 23 29
f 26 23 181
f 73 74 46
f 46 74 71
f 22 24 31
f 22 31 21
f 181 24 22
f 22 21 181
f 61 72 73
f 2 32 1
f 21 32 2
f 182 21 2
f 2 1 182
f 227 225 226
f 239 222 223
f 226 225 239
f 239 225 222
f 123 105 102
f 104 105 123
f 273 165 135
f 101 99 125
f 137 99 100
f 162 161 278
f 115 218 112
f 274 150 151
f 151 152 274
f 151 147 152
f 151 150 147
f 103 131 224
f 224 104 103
f 107 106 224
f 223 104 224
f 457 407 403
f 219 221 218
f 220 221 219
f 298 501 502
f 502 297 298
f 515 297 502
f 510 515 520
f 305 519 521
f 521 522 305
f 521 519 518
f 515 502 501
f 607 515 555
f 505 515 503
f 441 442 423
f 412 409 457
f 416 418 415
f 418 426 415
f 431 418 442
f 442 430 431
f 383 382 384
f 384 385 383
f 383 385 397
f 265 252 266
f 266 252 262
f 86 57 85
f 86 184 88
f 84 59 174
f 86 85 174
f 82 176 174
f 174 83 82
f 174 175 86
f 308 307 175
f 175 174 308
f 308 174 176
f 7 38 39
f 39 36 7
f 595 364 594
f 364 590 594
f 393 392 394
f 619 585 584
f 619 597 598
f 619 586 585
f 256 247 248
f 213 214 215
f 238 208 240
f 256 248 257
f 564 558 559
f 617 564 626
f 617 558 564
f 649 653 655
f 654 577 618
f 309 179 185
f 310 320 309
f 309 320 321
f 309 186 310
f 185 186 309
f 560 320 319
f 572 320 560
f 566 573 565
f 565 563 566
f 630 623 628
f 251 202 91
f 258 256 257
f 259 195 193
f 193 261 259
f 632 633 621
f 634 631 621
f 622 645 641
f 645 631 641
f 641 634 622
f 641 631 634
f 626 625 555
f 555 625 607
f 639 623 638
f 637 623 639
f 646 633 648
f 646 651 649
f 648 651 646
f 540 551 486
f 544 545 526
f 466 461 534
f 534 536 466
f 529 478 456
f 456 511 529
f 541 545 544
f 610 606 611
f 610 602 606
f 606 602 624
f 639 640 637
f 576 598 599
f 576 580 598
f 599 581 576
f 618 581 490
f 619 580 618
f 618 580 581
f 592 619 584
f 584 583 592
f 583 593 592
f 597 619 592
f 592 600 597
f 593 600 592
f 19 40 178
f 183 13 42
f 183 18 17
f 17 13 183
f 55 184 87
f 55 88 184
f 35 3 4
f 113 225 93
f 134 165 273
f 273 166 134
f 94 128 100
f 100 225 94
f 95 127 94
f 94 225 95
f 98 222 101
f 101 125 98
f 163 164 277
f 163 137 164
f 277 161 168
f 161 97 168
f 161 162 97
f 223 97 124
f 220 239 223
f 223 224 220
f 406 408 409
f 448 446 444
f 438 272 440
f 444 446 440
f 520 521 518
f 520 518 299
f 299 510 520
f 513 522 525
f 522 514 525
f 525 517 513
f 515 501 503
f 421 423 422
f 442 419 422
f 422 423 442
f 421 422 420
f 420 422 419
f 397 441 402
f 378 402 377
f 441 433 443
f 457 414 413
f 413 412 457
f 455 453 454
f 438 440 455
f 418 419 442
f 391 390 262
f 391 262 392
f 15 16 41
f 86 88 58
f 83 174 79
f 379 402 378
f 378 380 379
f 587 586 619
f 91 259 258
f 212 213 240
f 240 213 215
f 211 212 240
f 237 208 238
f 626 564 577
f 615 563 567
f 653 654 627
f 627 655 653
f 654 625 626
f 572 560 554
f 321 572 571
f 572 554 571
f 322 321 571
f 571 570 322
f 571 565 570
f 554 565 571
f 561 553 557
f 314 553 561
f 561 315 314
f 552 512 315
f 315 561 552
f 563 565 564
f 630 628 636
f 629 638 623
f 623 630 629
f 258 259 256
f 200 198 259
f 644 652 643
f 642 621 631
f 642 631 645
f 632 621 642
f 650 646 649
f 649 655 650
f 655 627 650
f 551 540 548
f 461 463 533
f 459 463 462
f 462 464 459
f 459 456 478
f 459 291 456
f 295 524 547
f 529 511 550
f 511 456 550
f 490 542 636
f 551 545 541
f 541 542 551
f 624 636 542
f 610 611 609
f 609 611 613
f 635 608 640
f 640 639 635
f 639 638 635
f 638 629 635
f 635 629 608
f 637 608 636
f 640 608 637
f 637 547 523
f 491 490 581
f 580 576 581
f 619 578 595
f 579 578 619
f 13 17 43
f 43 17 18
f 260 251 252
f 95 225 126
f 166 167 133
f 136 163 277
f 129 97 222
f 122 221 110
f 154 303 275
f 276 303 154
f 154 157 276
f 276 157 156
f 156 155 276
f 276 155 146
f 220 106 221
f 220 224 106
f 439 455 454
f 438 455 439
f 446 449 447
f 450 455 447
f 447 440 446
f 447 455 440
f 220 219 205
f 445 440 272
f 445 272 451
f 452 440 445
f 237 230 229
f 495 492 485
f 595 594 619
f 84 174 56
f 56 174 85
f 178 7 6
f 7 36 6
f 402 379 397
f 380 381 383
f 383 379 380
f 383 397 379
f 240 208 210
f 626 555 562
f 614 615 567
f 563 615 616
f 647 650 618
f 618 650 627
f 620 577 318
f 554 577 565
f 577 564 565
f 577 554 574
f 552 561 557
f 608 630 636
f 608 629 630
f 628 647 636
f 523 607 625
f 625 652 644
f 621 633 647
f 634 621 628
f 644 642 645
f 645 625 644
f 643 632 644
f 632 642 644
f 646 650 647
f 647 633 646
f 622 623 637
f 485 490 481
f 486 538 539
f 538 548 539
f 539 540 486
f 539 548 540
f 549 538 537
f 549 548 538
f 613 624 612
f 624 543 612
f 535 534 461
f 461 533 535
f 463 459 528
f 528 459 478
f 528 478 529
f 457 291 458
f 291 459 458
f 458 459 464
f 458 464 414
f 458 414 457
f 637 636 547
f 524 523 547
f 636 624 602
f 602 547 636
f 293 550 456
f 456 291 293
f 294 550 293
f 601 550 532
f 532 550 294
f 532 294 295
f 637 645 622
f 637 625 645
f 579 619 620
f 579 620 591
f 76 75 179
f 76 48 75
f 4 33 34
f 34 35 4
f 148 132 273
f 273 135 148
f 225 113 96
f 96 126 225
f 275 159 145
f 145 158 275
f 221 106 92
f 92 110 221
f 117 106 107
f 155 156 142
f 107 224 111
f 438 437 441
f 438 439 437
f 441 435 434
f 207 268 239
f 521 607 523
f 482 485 492
f 491 481 490
f 619 618 577
f 577 620 619
f 178 40 14
f 14 16 178
f 14 41 16
f 50 79 174
f 589 588 596
f 596 619 594
f 596 594 590
f 596 590 363
f 596 358 589
f 363 358 596
f 577 654 626
f 567 559 604
f 564 559 567
f 562 557 626
f 574 554 560
f 551 548 527
f 527 545 551
f 527 526 545
f 530 533 463
f 463 528 530
f 547 532 295
f 541 543 624
f 624 611 606
f 613 611 624
f 179 78 77
f 77 76 179
f 110 92 121
f 121 92 106
f 153 141 154
f 158 141 153
f 275 158 153
f 153 154 275
f 120 117 107
f 107 111 118
f 437 436 435
f 424 441 239
f 441 424 438
f 207 220 206
f 516 521 523
f 523 517 516
f 517 525 516
f 516 525 514
f 514 521 516
f 521 514 522
f 226 237 228
f 229 228 237
f 485 542 490
f 482 542 485
f 636 647 618
f 392 262 397
f 619 596 588
f 619 588 587
f 604 617 614
f 616 626 557
f 562 552 557
f 654 618 627
f 607 520 515
f 530 535 533
f 547 602 601
f 601 532 547
f 542 541 624
f 601 609 613
f 610 609 601
f 613 612 531
f 531 601 613
f 544 526 549
f 119 120 107
f 271 438 424
f 207 239 220
f 607 521 520
f 490 636 618
f 567 604 614
f 603 617 604
f 558 617 603
f 603 559 558
f 603 604 559
f 617 616 614
f 626 616 617
f 615 614 616
f 575 577 574
f 575 318 577
f 319 318 575
f 574 560 319
f 637 523 625
f 537 536 549
f 601 602 610
f 535 612 543
f 535 531 612
f 424 239 268
f 270 271 424
f 424 269 270
f 424 268 269
f 435 441 437
f 601 528 529
f 601 530 528
f 549 527 548
f 526 527 549
f 529 550 601
f 543 541 546
f 546 541 544
f 544 549 546
f 319 575 574
f 536 534 535
f 535 549 536
f 601 531 535
f 543 546 535
f 549 535 546
f 601 535 530
f 289 288 235
f 236 289 235
f 287 234 235
f 235 288 287
f 286 234 287
f 233 234 286
f 476 477 429
f 429 428 476
f 480 485 481
f 479 485 480
f 401 425 480
f 425 479 480
f 389 388 359
f 389 359 361
f 396 342 344
f 344 395 396
f 343 342 396
f 396 397 343
f 359 388 357
f 357 388 262
f 191 261 193
f 193 192 191
f 349 351 393
f 393 351 392
f 326 267 370
f 370 267 332
f 370 331 369
f 332 331 370
f 60 179 20
f 20 179 182
f 230 284 283
f 231 284 230
f 329 367 372
f 335 329 372
f 349 393 347
f 347 393 394
f 347 395 344
f 347 394 395
f 241 172 173
f 173 217 241
f 159 144 122
f 122 144 109
f 255 267 177
f 255 266 267
f 255 254 265
f 265 266 255
f 265 254 264
f 254 253 264
f 45 52 8
f 90 52 45
f 90 45 54
f 54 45 12
f 12 44 54
f 54 44 89
f 280 279 227
f 226 280 227
f 138 223 278
f 102 223 138
f 103 139 131
f 131 139 171
f 109 144 221
f 221 144 275
f 292 290 274
f 292 291 290
f 233 286 285
f 285 238 233
f 285 284 231
f 231 238 285
f 432 443 473
f 432 473 475
f 432 476 428
f 475 476 432
f 470 471 433
f 441 470 433
f 473 443 433
f 433 471 473
f 338 389 361
f 361 375 338
f 330 368 362
f 330 362 387
f 371 368 330
f 330 333 371
f 374 338 375
f 337 338 374
f 339 337 374
f 374 376 339
f 387 362 327
f 362 365 327
f 369 331 327
f 327 365 369
f 7 37 51
f 51 37 80
f 216 241 217
f 242 241 216
f 243 242 216
f 216 215 243
f 243 215 214
f 214 244 243
f 208 258 250
f 250 209 208
f 249 209 250
f 182 179 204
f 204 179 203
f 91 201 200
f 200 201 199
f 190 189 187
f 190 187 188
f 190 261 191
f 191 189 190
f 259 196 195
f 195 196 194
f 192 193 195
f 194 192 195
f 263 264 253
f 263 253 260
f 60 20 25
f 64 60 25
f 64 25 49
f 49 25 5
f 49 5 3
f 3 47 49
f 180 28 67
f 67 186 180
f 8 52 67
f 67 28 8
f 180 186 27
f 186 66 27
f 66 65 27
f 23 26 68
f 68 62 23
f 68 26 65
f 89 44 10
f 10 53 89
f 185 63 24
f 24 181 185
f 72 24 63
f 31 24 72
f 30 48 4
f 71 48 30
f 130 139 103
f 170 139 130
f 225 227 279
f 225 279 273
f 170 130 140
f 140 130 104
f 149 221 275
f 114 221 149
f 152 147 116
f 116 147 112
f 114 149 108
f 108 149 143
f 152 116 108
f 108 143 152
f 426 425 401
f 401 386 426
f 382 417 418
f 383 417 382
f 382 416 384
f 382 418 416
f 373 367 329
f 329 336 373
f 339 376 373
f 373 336 339
f 371 333 328
f 366 371 328
f 335 372 328
f 328 372 366
f 53 10 184
f 184 10 183
f 80 37 176
f 176 37 177
f 176 267 326
f 177 267 176
f 7 51 38
f 38 51 82
f 212 247 246
f 211 247 212
f 210 209 249
f 210 249 257
f 202 204 203
f 203 312 202
f 202 201 91
f 202 312 201
f 185 181 29
f 29 69 185
f 29 23 62
f 62 69 29
f 1 32 46
f 46 32 73
f 71 30 46
f 46 30 1
f 73 32 61
f 61 32 21
f 31 72 61
f 21 31 61
f 102 138 123
f 123 138 160
f 123 140 104
f 160 140 123
f 137 128 164
f 100 128 137
f 112 147 115
f 147 150 115
f 274 218 115
f 115 150 274
f 224 131 171
f 224 171 276
f 272 218 274
f 274 290 272
f 438 219 272
f 272 219 218
f 290 410 272
f 272 410 451
f 384 416 415
f 415 385 384
f 415 426 386
f 386 385 415
f 390 357 262
f 390 355 357
f 308 176 326
f 326 341 308
f 308 341 325
f 325 307 308
f 39 38 82
f 82 83 39
f 397 262 91
f 91 258 237
f 262 251 91
f 239 441 91
f 237 239 91
f 441 397 91
f 248 247 211
f 211 240 248
f 248 210 257
f 240 210 248
f 244 214 213
f 213 245 244
f 213 212 246
f 246 245 213
f 198 196 259
f 197 196 198
f 198 200 199
f 198 199 197
f 19 174 59
f 178 174 19
f 19 59 84
f 84 40 19
f 42 184 183
f 87 184 42
f 87 42 55
f 55 42 13
f 35 47 3
f 35 78 47
f 132 225 273
f 93 225 132
f 166 127 134
f 134 127 95
f 99 137 163
f 163 125 99
f 278 223 124
f 124 162 278
f 124 97 162
f 434 470 441
f 434 468 470
f 448 403 407
f 444 403 448
f 448 407 405
f 405 446 448
f 449 446 405
f 405 408 449
f 452 411 440
f 440 411 457
f 440 403 444
f 457 403 440
f 381 417 383
f 419 417 381
f 420 380 378
f 420 378 421
f 419 381 420
f 420 381 380
f 402 423 377
f 421 378 377
f 377 423 421
f 454 453 413
f 414 454 413
f 455 450 409
f 409 412 455
f 455 413 453
f 412 413 455
f 355 390 391
f 353 355 391
f 392 351 391
f 391 351 353
f 41 57 15
f 41 85 57
f 58 57 86
f 58 18 57
f 79 39 83
f 36 39 79
f 43 55 13
f 88 55 43
f 18 58 43
f 43 58 88
f 252 263 260
f 252 251 262
f 126 134 95
f 165 134 126
f 167 128 133
f 128 94 133
f 133 127 166
f 133 94 127
f 222 98 136
f 277 222 136
f 125 163 136
f 136 98 125
f 129 222 277
f 277 168 129
f 129 168 97
f 468 434 435
f 465 468 435
f 439 454 414
f 414 464 439
f 462 437 439
f 439 464 462
f 409 450 447
f 447 406 409
f 447 449 408
f 408 406 447
f 451 410 445
f 445 410 404
f 445 411 452
f 404 411 445
f 229 230 283
f 283 282 229
f 237 226 239
f 291 292 293
f 293 292 294
f 4 48 76
f 76 33 4
f 93 132 148
f 148 113 93
f 113 148 96
f 96 148 135
f 165 126 96
f 96 135 165
f 159 122 145
f 122 110 145
f 154 141 117
f 117 141 106
f 111 224 276
f 276 146 111
f 436 437 462
f 462 460 436
f 465 435 436
f 436 460 465
f 397 394 392
f 14 40 84
f 84 56 14
f 85 41 14
f 14 56 85
f 50 174 178
f 178 6 50
f 36 79 50
f 50 6 36
f 78 35 77
f 35 34 77
f 33 76 77
f 77 34 33
f 121 145 110
f 158 145 121
f 106 141 121
f 121 141 158
f 154 117 120
f 157 154 120
f 155 142 118
f 118 142 107
f 118 111 146
f 118 146 155
f 228 280 226
f 228 281 280
f 228 229 282
f 282 281 228
f 107 142 119
f 119 142 156
f 157 120 119
f 119 156 157
f 271 219 438
f 271 205 219
f 207 206 268
f 206 269 268
f 205 271 270
f 220 205 270
f 270 269 206
f 270 206 220
f 1091 1088 1085
f 1065 1064 1103
f 1103 1064 695
f 725 1075 724
f 1090 1085 1089
f 957 674 675
f 675 674 672
f 672 674 671
f 668 889 876
f 1064 1065 1081
f 694 695 1064
f 725 727 1075
f 731 1071 729
f 886 956 887
f 1090 935 936
f 656 1089 1085
f 770 768 769
f 771 1065 1103
f 1103 1052 771
f 1055 1052 1049
f 1055 770 771
f 1053 1049 1046
f 933 936 935
f 1083 1084 678
f 673 671 674
f 889 960 876
f 960 959 971
f 971 959 970
f 938 939 658
f 658 939 659
f 659 939 935
f 687 688 812
f 681 688 1082
f 689 1082 687
f 1082 688 687
f 722 720 721
f 1099 1098 873
f 873 1096 1099
f 1010 1009 1008
f 773 1081 1065
f 1065 771 773
f 745 743 747
f 741 774 775
f 775 774 739
f 658 656 777
f 729 1071 1072
f 1072 728 729
f 890 674 957
f 890 673 674
f 922 926 925
f 937 938 940
f 659 1090 1089
f 1089 656 659
f 659 935 1090
f 1054 1053 768
f 768 770 1054
f 770 1055 1054
f 1054 1055 1049
f 970 959 969
f 748 1059 957
f 678 669 1083
f 963 977 1050
f 1085 1101 1100
f 960 889 1059
f 960 971 877
f 889 669 670
f 670 673 889
f 671 673 670
f 671 670 669
f 889 668 669
f 680 812 688
f 1075 1072 1071
f 724 1075 996
f 1094 1023 1097
f 1037 1035 707
f 1027 712 715
f 712 716 715
f 1008 1012 1011
f 720 722 723
f 1091 692 808
f 1091 808 848
f 1095 1096 875
f 875 861 1095
f 861 1085 1095
f 1022 1023 1094
f 1009 1010 864
f 864 860 1009
f 771 770 769
f 696 698 697
f 697 694 696
f 695 694 697
f 1042 1043 1040
f 1044 1043 701
f 704 1035 1045
f 1045 705 704
f 727 725 726
f 742 774 741
f 740 744 742
f 743 745 746
f 740 775 739
f 740 742 741
f 741 775 740
f 1080 1068 774
f 658 777 657
f 657 941 940
f 657 938 658
f 940 938 657
f 656 1085 1088
f 733 736 734
f 736 735 734
f 734 735 1066
f 734 1067 733
f 1066 1067 734
f 1071 731 732
f 732 1067 1071
f 728 1072 730
f 1073 1072 1075
f 726 730 1073
f 1073 730 1072
f 1075 727 1073
f 727 726 1073
f 953 926 954
f 953 925 926
f 953 954 944
f 939 938 937
f 956 886 955
f 955 1069 956
f 947 1069 955
f 955 879 947
f 957 1069 1080
f 658 659 656
f 738 777 656
f 1053 1054 1049
f 1052 1055 771
f 714 1059 748
f 1060 760 1063
f 1056 754 1058
f 974 975 973
f 975 1050 973
f 1052 973 1050
f 1051 1052 1050
f 668 878 665
f 665 878 797
f 899 977 963
f 957 1059 889
f 960 1059 959
f 878 877 971
f 669 668 664
f 837 991 992
f 1086 1082 692
f 681 680 688
f 681 679 680
f 1103 695 1034
f 1040 1037 1041
f 696 699 701
f 699 704 705
f 1011 1010 1008
f 1008 1013 1012
f 1014 1013 1008
f 717 716 718
f 718 723 719
f 1031 722 721
f 1003 1028 1002
f 1002 867 1003
f 867 870 1003
f 861 870 867
f 1020 870 871
f 871 1021 1020
f 872 1021 871
f 870 861 871
f 861 875 873
f 873 875 1096
f 771 769 772
f 772 773 771
f 706 705 1045
f 1045 1044 706
f 706 699 705
f 1043 1044 1040
f 707 1035 703
f 1035 704 703
f 703 699 707
f 704 699 703
f 728 731 729
f 728 732 731
f 733 732 728
f 941 657 776
f 776 657 777
f 739 774 776
f 774 1068 776
f 1068 945 776
f 1091 1087 663
f 1088 1091 663
f 663 656 1088
f 1067 732 733
f 728 730 726
f 673 890 889
f 890 957 889
f 925 953 952
f 937 935 939
f 885 790 783
f 879 955 882
f 1077 745 747
f 959 968 969
f 959 1059 1051
f 1046 761 766
f 1053 1046 766
f 766 761 763
f 766 763 769
f 1057 1059 1048
f 1048 1059 714
f 1049 1060 1063
f 1049 1051 1059
f 912 797 878
f 668 665 664
f 792 912 796
f 792 665 797
f 797 912 792
f 668 876 878
f 914 1084 1083
f 977 899 900
f 900 899 909
f 687 812 1029
f 984 992 982
f 982 992 991
f 838 991 837
f 834 832 807
f 825 985 824
f 823 985 986
f 809 823 986
f 986 822 809
f 996 737 982
f 982 737 980
f 980 981 982
f 980 852 981
f 737 738 778
f 982 989 988
f 988 989 842
f 811 681 1082
f 1034 1042 1040
f 1026 1040 1041
f 700 696 701
f 698 696 700
f 700 1042 698
f 701 1043 700
f 1043 1042 700
f 707 699 708
f 708 1037 707
f 709 699 713
f 1041 709 713
f 713 1026 1041
f 1036 1024 1028
f 1008 1009 1007
f 1007 1005 1008
f 1009 860 1007
f 716 717 1039
f 866 1010 1011
f 1011 811 866
f 680 679 814
f 1011 1012 862
f 874 1097 1023
f 874 872 873
f 874 873 1098
f 1098 1097 874
f 1004 870 1020
f 1004 1003 870
f 1022 1021 872
f 1020 1021 1022
f 872 871 873
f 1036 1028 1022
f 811 1082 1086
f 702 1044 701
f 702 706 1044
f 701 699 702
f 699 706 702
f 1040 1044 1045
f 739 776 777
f 739 777 738
f 1079 743 746
f 1079 740 743
f 1080 744 1079
f 744 740 1079
f 1076 1080 1079
f 662 663 1087
f 662 661 663
f 888 957 676
f 671 669 678
f 957 675 676
f 951 944 954
f 947 879 919
f 924 952 947
f 886 885 884
f 884 955 886
f 884 882 955
f 884 885 783
f 742 744 774
f 774 744 1080
f 1077 748 957
f 1077 747 748
f 1077 957 1076
f 1078 746 745
f 745 1077 1078
f 1078 1077 1076
f 1078 1079 746
f 1076 1079 1078
f 958 888 887
f 765 1062 1063
f 768 1053 767
f 1053 766 767
f 769 768 767
f 767 766 769
f 1049 1062 1047
f 1047 761 1046
f 1046 1049 1047
f 749 751 1057
f 1057 1048 749
f 714 751 749
f 752 1056 1057
f 1057 751 752
f 757 1060 1061
f 1061 756 757
f 760 1060 757
f 753 1058 754
f 755 756 1061
f 1061 1058 755
f 1058 753 755
f 1063 1062 1049
f 1049 1058 1061
f 1061 1060 1049
f 1049 1059 1058
f 1049 1052 1051
f 1058 1059 1057
f 1056 1058 1057
f 961 1050 977
f 794 793 796
f 665 792 666
f 666 664 665
f 666 792 796
f 669 795 913
f 795 794 913
f 893 1085 1084
f 963 1050 962
f 911 899 963
f 963 962 911
f 911 962 897
f 976 1050 975
f 974 973 895
f 973 1052 895
f 1052 1093 895
f 1001 1029 812
f 1014 1029 1001
f 690 687 1029
f 991 993 1000
f 1000 982 991
f 683 693 691
f 1082 691 692
f 803 834 800
f 807 832 831
f 991 838 831
f 999 994 836
f 832 834 833
f 833 993 991
f 991 831 833
f 833 831 832
f 982 986 985
f 839 842 989
f 695 697 1033
f 1033 1034 695
f 1033 697 698
f 698 1042 1033
f 1042 1034 1033
f 710 699 709
f 710 708 699
f 710 709 1041
f 710 1041 1037
f 1037 708 710
f 711 699 712
f 711 713 699
f 1026 713 711
f 711 712 1027
f 1027 1026 711
f 1008 1005 1024
f 1039 715 716
f 1027 715 1039
f 1040 1026 1027
f 1038 717 718
f 1038 1039 717
f 718 719 1038
f 823 809 824
f 824 985 823
f 820 799 817
f 837 992 827
f 827 992 984
f 806 838 837
f 807 831 806
f 806 831 838
f 860 864 865
f 680 814 812
f 1011 862 811
f 868 867 1002
f 1028 1003 1004
f 1022 1028 1004
f 1020 1022 1004
f 861 873 871
f 1019 874 1023
f 1023 1022 1019
f 872 874 1019
f 1019 1022 872
f 1094 1036 1022
f 1036 1094 1034
f 721 720 1070
f 1028 868 1002
f 1025 868 1028
f 1024 1015 1025
f 1025 1028 1024
f 1025 1015 869
f 869 868 1025
f 861 868 869
f 1036 1034 1040
f 1035 1037 1040
f 949 948 945
f 946 948 930
f 933 934 946
f 942 776 945
f 942 941 776
f 940 941 942
f 942 937 940
f 942 934 937
f 945 946 942
f 942 946 934
f 663 661 778
f 660 980 737
f 737 778 660
f 778 661 660
f 663 778 738
f 663 738 656
f 790 676 678
f 672 671 677
f 671 678 677
f 677 675 672
f 677 676 675
f 678 676 677
f 947 952 1069
f 925 952 922
f 952 924 922
f 882 884 883
f 879 882 883
f 888 958 957
f 887 956 1069
f 1069 958 887
f 957 958 1069
f 764 765 763
f 1062 765 764
f 764 1047 1062
f 1063 760 759
f 759 765 1063
f 714 749 1048
f 750 754 1056
f 1056 752 750
f 750 751 714
f 750 752 751
f 756 755 753
f 937 934 933
f 933 946 930
f 944 951 950
f 931 948 949
f 879 883 880
f 977 900 961
f 900 978 961
f 1051 1050 964
f 793 794 795
f 912 794 796
f 796 793 667
f 667 666 796
f 664 666 667
f 913 912 891
f 893 1101 1085
f 996 997 690
f 983 985 825
f 984 982 983
f 1000 997 996
f 996 982 1000
f 994 999 995
f 993 994 995
f 995 1000 993
f 685 1082 689
f 685 691 1082
f 685 683 691
f 682 693 684
f 693 683 684
f 834 803 830
f 830 836 834
f 682 830 803
f 690 830 682
f 835 836 994
f 834 836 835
f 835 994 993
f 993 833 835
f 835 833 834
f 999 836 998
f 691 693 692
f 1075 1067 1066
f 736 737 1074
f 1074 735 736
f 996 1075 1074
f 1066 735 1074
f 1074 1075 1066
f 990 982 981
f 989 982 990
f 996 1074 737
f 846 990 981
f 988 842 840
f 840 821 988
f 845 839 989
f 989 990 845
f 845 990 843
f 690 1029 1070
f 859 1007 860
f 857 861 856
f 1007 859 1006
f 1006 859 858
f 1005 1007 1006
f 1014 1008 1029
f 1027 1039 1040
f 719 723 1032
f 1032 1038 719
f 722 1031 1032
f 1032 723 722
f 809 822 841
f 841 848 808
f 829 828 984
f 984 983 829
f 829 983 819
f 837 815 802
f 865 864 1010
f 1010 866 865
f 1014 1001 849
f 720 724 1070
f 861 869 855
f 855 869 1015
f 1086 861 811
f 1086 1085 861
f 1045 1035 1040
f 945 950 949
f 944 950 945
f 948 946 945
f 790 784 676
f 885 784 790
f 944 945 1080
f 944 1080 943
f 1080 1069 943
f 947 919 923
f 923 924 947
f 957 1080 1076
f 761 1047 762
f 1047 764 762
f 762 763 761
f 762 764 763
f 760 757 756
f 933 935 937
f 928 926 922
f 954 926 928
f 927 951 954
f 954 928 927
f 917 779 949
f 949 950 917
f 779 931 949
f 930 948 932
f 948 931 932
f 961 964 1050
f 912 913 794
f 795 667 793
f 664 667 795
f 669 664 795
f 877 878 876
f 960 877 876
f 1083 669 913
f 972 966 959
f 959 1051 972
f 909 978 900
f 909 901 978
f 978 901 979
f 979 961 978
f 964 961 979
f 908 1102 1101
f 899 911 909
f 828 829 819
f 985 983 982
f 1000 995 999
f 997 1000 999
f 999 998 997
f 687 690 689
f 684 689 690
f 682 684 690
f 800 834 807
f 800 682 803
f 997 998 830
f 830 998 836
f 830 690 997
f 682 692 693
f 807 806 800
f 1071 1067 1075
f 987 821 841
f 988 821 987
f 841 822 987
f 987 982 988
f 822 986 987
f 986 982 987
f 848 1087 1091
f 848 662 1087
f 990 846 843
f 981 852 847
f 841 821 840
f 858 857 1018
f 1018 1006 858
f 1018 1024 1005
f 1005 1006 1018
f 1008 1036 1029
f 1030 1032 1031
f 1030 1031 721
f 721 1070 1030
f 1036 1039 1030
f 1038 1032 1030
f 1030 1039 1038
f 841 840 848
f 839 840 842
f 839 845 843
f 837 827 828
f 828 815 837
f 837 802 804
f 861 859 860
f 861 857 858
f 858 859 861
f 813 814 679
f 679 681 813
f 813 810 814
f 813 681 811
f 811 810 813
f 812 849 1001
f 867 868 861
f 861 855 856
f 1068 1080 945
f 920 678 936
f 888 676 784
f 888 784 885
f 888 886 887
f 888 885 886
f 943 953 944
f 943 952 953
f 943 1069 952
f 923 922 924
f 879 880 919
f 750 753 754
f 758 759 760
f 760 756 758
f 763 765 758
f 765 759 758
f 920 928 922
f 916 950 951
f 929 928 920
f 929 927 928
f 932 933 930
f 779 932 931
f 786 884 783
f 786 883 884
f 891 912 878
f 891 878 791
f 878 971 791
f 791 971 970
f 970 969 905
f 967 968 959
f 959 966 967
f 966 904 967
f 907 913 968
f 968 967 907
f 907 967 904
f 966 972 903
f 964 972 1051
f 914 893 1084
f 914 892 893
f 893 908 1101
f 909 897 893
f 897 909 911
f 826 820 817
f 817 819 826
f 826 819 818
f 824 818 825
f 818 983 825
f 819 983 818
f 686 685 689
f 686 689 684
f 683 685 686
f 686 684 683
f 843 846 847
f 843 847 848
f 848 847 844
f 851 660 661
f 851 847 852
f 844 847 851
f 661 662 854
f 854 844 661
f 662 848 854
f 848 844 854
f 848 840 843
f 1029 1036 1070
f 996 1070 724
f 690 1070 996
f 1024 1018 1017
f 1017 857 856
f 1017 1018 857
f 1008 1024 1036
f 1040 1039 1036
f 840 839 843
f 828 819 815
f 828 827 984
f 816 802 815
f 817 799 816
f 816 819 817
f 819 816 815
f 809 841 808
f 799 820 801
f 801 816 799
f 802 816 805
f 816 801 805
f 826 809 798
f 798 820 826
f 1015 1024 1016
f 1016 1017 856
f 1024 1017 1016
f 856 855 1016
f 1016 855 1015
f 920 780 678
f 881 919 880
f 918 919 881
f 880 785 881
f 922 923 919
f 789 785 780
f 780 785 790
f 920 921 780
f 951 927 929
f 929 916 951
f 950 916 915
f 783 790 782
f 782 786 783
f 782 785 880
f 790 785 782
f 782 880 883
f 883 786 782
f 891 791 970
f 970 905 891
f 914 904 966
f 966 903 914
f 913 907 914
f 914 907 904
f 965 903 972
f 972 964 965
f 892 979 901
f 901 909 892
f 902 965 964
f 903 965 902
f 964 979 902
f 979 892 902
f 913 914 1083
f 909 893 892
f 898 976 975
f 824 826 818
f 824 809 826
f 844 851 661
f 852 980 853
f 853 851 852
f 980 660 853
f 660 851 853
f 863 862 1012
f 863 811 862
f 810 811 863
f 1012 1013 863
f 804 800 806
f 804 806 837
f 810 863 1013
f 811 865 866
f 860 865 861
f 865 811 861
f 788 785 789
f 788 881 785
f 921 920 922
f 929 920 915
f 929 915 916
f 920 933 779
f 933 932 779
f 915 917 950
f 915 779 917
f 906 891 905
f 906 905 969
f 913 891 906
f 969 968 906
f 968 913 906
f 903 902 914
f 1092 1102 910
f 910 1093 1092
f 910 895 1093
f 1102 908 910
f 908 893 910
f 974 895 894
f 895 910 894
f 894 910 898
f 894 975 974
f 894 898 975
f 808 800 804
f 805 804 802
f 805 801 820
f 805 820 798
f 798 804 805
f 809 804 798
f 808 804 809
f 847 846 981
f 1030 1070 1036
f 850 1013 1014
f 850 810 1013
f 1014 849 850
f 814 810 812
f 781 919 918
f 789 780 781
f 919 781 921
f 921 781 780
f 922 919 921
f 936 933 920
f 914 902 892
f 910 893 897
f 810 850 812
f 812 850 849
f 678 780 790
f 918 881 787
f 787 781 918
f 881 788 787
f 787 788 789
f 1050 976 896
f 976 898 896
f 896 962 1050
f 897 962 896
f 898 910 897
f 897 896 898
f 781 787 789
f 915 920 779
f 682 800 692
f 800 808 692
f 1086 1091 1085
f 1086 692 1091
f 936 678 1084
f 1085 936 1084
f 1090 936 1085
f 1100 1102 1092
f 1100 1094 1097
f 1100 1095 1085
f 1100 1098 1099
f 1100 1096 1095
f 1099 1096 1100
f 1101 1102 1100
f 1100 1093 1052
f 1100 1097 1098
f 1034 1094 1100
f 1100 1052 1103
f 1100 1103 1034
f 1092 1093 1100
f 712 699 758
f 758 737 736
f 769 763 758
f 724 720 758
f 696 694 758
f 758 723 718
f 747 743 758
f 758 714 748
f 1064 1081 758
f 758 694 1064
f 773 772 758
f 758 748 747
f 718 716 758
f 758 716 712
f 1081 773 758
f 758 725 724
f 743 740 758
f 720 723 758
f 758 726 725
f 736 733 758
f 758 739 738
f 758 740 739
f 699 696 758
f 758 772 769
f 733 728 758
f 758 728 726
f 758 750 714
f 738 737 758
f 753 750 758
f 758 756 753
f 1327 1121 1114
f 1288 1327 1171
f 1278 1327 1288
f 1158 1104 1157
f 1316 1305 1256
f 1289 1288 1287
f 1240 1307 1239
f 1205 1129 1196
f 1130 1129 1205
f 1167 1112 1113
f 1124 1120 1163
f 1108 1198 1207
f 1278 1288 1220
f 1220 1288 1289
f 1307 1306 1311
f 1311 1239 1307
f 1250 1316 1257
f 1257 1217 1250
f 1256 1243 1257
f 1261 1224 1223
f 1223 1254 1249
f 1249 1254 1245
f 1258 1224 1261
f 1244 1245 1255
f 1244 1303 1268
f 1139 1325 1172
f 1254 1225 1250
f 1148 1149 1181
f 1171 1327 1114
f 1122 1121 1155
f 1229 1227 1232
f 1320 1237 1319
f 1240 1239 1218
f 1281 1229 1232
f 1129 1206 1196
f 1204 1130 1205
f 1131 1119 1160
f 1160 1119 1158
f 1104 1158 1118
f 1158 1119 1118
f 1157 1104 1105
f 1105 1156 1157
f 1106 1156 1105
f 1200 1134 1133
f 1195 1127 1138
f 1124 1163 1169
f 1165 1120 1112
f 1165 1112 1167
f 1152 1115 1123
f 1117 1156 1106
f 1164 1113 1122
f 1122 1154 1164
f 1193 1192 1127
f 1191 1192 1193
f 1249 1263 1262
f 1261 1223 1262
f 1241 1305 1309
f 1256 1257 1316
f 1253 1252 1212
f 1252 1211 1212
f 1266 1263 1249
f 1249 1245 1266
f 1260 1225 1259
f 1260 1316 1250
f 1250 1225 1260
f 1259 1258 1260
f 1224 1258 1251
f 1225 1254 1251
f 1259 1225 1251
f 1251 1258 1259
f 1247 1244 1268
f 1245 1244 1247
f 1189 1171 1190
f 1114 1326 1190
f 1190 1171 1114
f 1181 1187 1182
f 1289 1287 1185
f 1185 1184 1289
f 1185 1288 1171
f 1185 1287 1288
f 1144 1150 1145
f 1145 1142 1144
f 1122 1155 1154
f 1121 1326 1114
f 1228 1227 1226
f 1234 1237 1320
f 1141 1234 1233
f 1241 1240 1218
f 1141 1233 1230
f 1282 1281 1232
f 1232 1141 1231
f 1231 1282 1232
f 1231 1230 1279
f 1141 1230 1231
f 1241 1218 1242
f 1242 1218 1243
f 1242 1243 1256
f 1242 1305 1241
f 1256 1305 1242
f 1107 1206 1129
f 1107 1208 1206
f 1107 1108 1207
f 1196 1204 1205
f 1170 1158 1157
f 1170 1160 1158
f 1159 1160 1170
f 1200 1133 1110
f 1110 1199 1200
f 1136 1202 1203
f 1201 1135 1134
f 1201 1134 1200
f 1136 1135 1201
f 1201 1202 1136
f 1201 1203 1202
f 1170 1203 1201
f 1124 1169 1162
f 1162 1123 1124
f 1152 1123 1162
f 1167 1113 1166
f 1191 1109 1128
f 1127 1192 1128
f 1128 1192 1191
f 1153 1109 1191
f 1248 1223 1249
f 1249 1262 1248
f 1248 1262 1223
f 1268 1269 1324
f 1306 1307 1240
f 1210 1211 1252
f 1211 1210 1177
f 1252 1180 1177
f 1177 1210 1252
f 1211 1209 1215
f 1213 1212 1215
f 1215 1212 1211
f 1215 1214 1213
f 1172 1214 1215
f 1254 1223 1224
f 1245 1254 1255
f 1267 1324 1263
f 1263 1266 1267
f 1268 1324 1267
f 1267 1266 1245
f 1267 1247 1268
f 1245 1247 1267
f 1261 1262 1318
f 1318 1262 1263
f 1246 1244 1255
f 1246 1252 1253
f 1246 1255 1252
f 1301 1246 1253
f 1252 1255 1180
f 1250 1217 1254
f 1181 1182 1148
f 1147 1182 1189
f 1147 1142 1145
f 1189 1142 1147
f 1148 1182 1146
f 1146 1150 1148
f 1146 1147 1145
f 1182 1147 1146
f 1149 1148 1150
f 1149 1227 1228
f 1186 1187 1181
f 1181 1149 1186
f 1186 1292 1187
f 1188 1183 1184
f 1187 1183 1188
f 1188 1182 1187
f 1189 1182 1188
f 1189 1190 1143
f 1190 1144 1143
f 1143 1142 1189
f 1143 1144 1142
f 1326 1144 1190
f 1232 1227 1141
f 1293 1183 1187
f 1187 1292 1293
f 1277 1319 1237
f 1237 1141 1277
f 1237 1234 1141
f 1281 1282 1280
f 1217 1257 1243
f 1126 1321 1325
f 1274 1298 1213
f 1199 1110 1111
f 1159 1199 1111
f 1136 1203 1137
f 1137 1203 1138
f 1195 1138 1194
f 1138 1203 1194
f 1194 1203 1170
f 1170 1201 1200
f 1151 1116 1115
f 1151 1115 1152
f 1166 1164 1154
f 1113 1164 1166
f 1168 1165 1167
f 1191 1193 1153
f 1275 1234 1320
f 1233 1234 1275
f 1320 1319 1280
f 1280 1275 1320
f 1309 1306 1308
f 1308 1306 1240
f 1241 1309 1308
f 1308 1240 1241
f 1178 1209 1211
f 1211 1177 1178
f 1139 1172 1173
f 1172 1215 1173
f 1173 1180 1139
f 1318 1258 1261
f 1318 1260 1258
f 1298 1296 1222
f 1213 1298 1222
f 1222 1212 1213
f 1222 1300 1212
f 1300 1296 1299
f 1300 1222 1296
f 1299 1269 1295
f 1295 1269 1268
f 1268 1294 1295
f 1300 1301 1253
f 1268 1303 1302
f 1302 1294 1268
f 1303 1244 1302
f 1246 1301 1302
f 1244 1246 1302
f 1150 1146 1145
f 1150 1141 1149
f 1228 1291 1149
f 1292 1186 1291
f 1184 1185 1188
f 1188 1185 1171
f 1188 1171 1189
f 1227 1149 1141
f 1291 1293 1292
f 1184 1183 1290
f 1183 1293 1290
f 1289 1184 1290
f 1290 1293 1291
f 1290 1220 1289
f 1291 1220 1290
f 1236 1218 1239
f 1239 1311 1236
f 1235 1277 1141
f 1141 1236 1235
f 1280 1231 1279
f 1282 1231 1280
f 1216 1126 1139
f 1130 1204 1126
f 1325 1322 1172
f 1172 1322 1214
f 1321 1322 1325
f 1264 1296 1298
f 1157 1156 1170
f 1131 1160 1132
f 1132 1160 1159
f 1159 1111 1132
f 1161 1151 1152
f 1156 1117 1161
f 1117 1116 1161
f 1116 1151 1161
f 1161 1170 1156
f 1168 1169 1163
f 1168 1163 1120
f 1120 1165 1168
f 1193 1127 1195
f 1195 1194 1193
f 1108 1109 1197
f 1109 1153 1197
f 1197 1153 1198
f 1198 1108 1197
f 1170 1153 1193
f 1316 1309 1305
f 1179 1215 1209
f 1179 1173 1215
f 1180 1173 1176
f 1177 1180 1176
f 1176 1178 1177
f 1263 1316 1318
f 1299 1295 1238
f 1238 1300 1299
f 1301 1300 1238
f 1238 1302 1301
f 1253 1212 1300
f 1218 1217 1243
f 1227 1229 1285
f 1285 1284 1227
f 1186 1149 1291
f 1218 1236 1141
f 1315 1306 1309
f 1277 1235 1313
f 1286 1280 1291
f 1216 1139 1180
f 1126 1204 1321
f 1214 1322 1323
f 1324 1196 1317
f 1204 1196 1324
f 1270 1269 1299
f 1270 1264 1269
f 1299 1296 1270
f 1296 1264 1270
f 1200 1199 1170
f 1170 1199 1159
f 1169 1161 1152
f 1152 1162 1169
f 1169 1168 1166
f 1166 1168 1167
f 1208 1107 1207
f 1207 1198 1208
f 1198 1153 1208
f 1324 1316 1263
f 1304 1309 1316
f 1173 1179 1174
f 1174 1176 1173
f 1174 1179 1209
f 1209 1178 1174
f 1178 1176 1174
f 1224 1251 1254
f 1260 1318 1316
f 1238 1295 1294
f 1294 1302 1238
f 1150 1144 1326
f 1229 1281 1286
f 1286 1285 1229
f 1284 1285 1286
f 1208 1196 1206
f 1221 1271 1213
f 1213 1214 1221
f 1214 1323 1221
f 1297 1274 1213
f 1213 1271 1297
f 1298 1274 1297
f 1269 1264 1219
f 1265 1297 1273
f 1265 1219 1264
f 1265 1264 1298
f 1298 1297 1265
f 1161 1169 1170
f 1291 1280 1220
f 1170 1193 1194
f 1304 1220 1280
f 1276 1280 1279
f 1279 1230 1276
f 1276 1230 1233
f 1233 1275 1276
f 1275 1280 1276
f 1304 1280 1309
f 1228 1226 1283
f 1283 1291 1228
f 1283 1226 1227
f 1227 1284 1283
f 1140 1175 1141
f 1141 1175 1217
f 1175 1126 1217
f 1319 1277 1314
f 1277 1313 1314
f 1310 1311 1306
f 1310 1236 1311
f 1315 1314 1313
f 1315 1313 1235
f 1281 1280 1286
f 1153 1304 1196
f 1208 1153 1196
f 1321 1204 1219
f 1269 1219 1324
f 1317 1196 1316
f 1316 1324 1317
f 1254 1180 1255
f 1216 1180 1254
f 1217 1218 1141
f 1314 1280 1319
f 1312 1235 1236
f 1312 1315 1235
f 1236 1310 1312
f 1312 1310 1306
f 1306 1315 1312
f 1216 1217 1126
f 1272 1221 1323
f 1272 1323 1322
f 1322 1321 1272
f 1321 1219 1272
f 1219 1265 1272
f 1272 1265 1273
f 1273 1297 1272
f 1297 1271 1272
f 1309 1280 1315
f 1280 1314 1315
f 1286 1291 1283
f 1286 1283 1284
f 1221 1272 1271
f 1166 1170 1169
f 1216 1254 1217
f 1219 1204 1324
f 1196 1304 1316
f 1155 1121 1327
f 1155 1327 1278
f 1126 1325 1139
f 1150 1121 1140
f 1326 1121 1150
f 1304 1153 1170
f 1304 1170 1166
f 1140 1141 1150
f 1122 1113 1125
f 1115 1116 1125
f 1125 1133 1134
f 1104 1118 1125
f 1125 1121 1122
f 1134 1135 1125
f 1125 1119 1131
f 1125 1120 1124
f 1125 1117 1106
f 1129 1130 1125
f 1125 1107 1129
f 1124 1123 1125
f 1125 1105 1104
f 1125 1138 1127
f 1112 1120 1125
f 1125 1113 1112
f 1131 1132 1125
f 1130 1126 1125
f 1125 1118 1119
f 1106 1105 1125
f 1125 1135 1136
f 1125 1123 1115
f 1125 1126 1175
f 1125 1109 1108
f 1127 1128 1125
f 1140 1121 1125
f 1136 1137 1125
f 1108 1107 1125
f 1125 1110 1133
f 1125 1116 1117
f 1125 1128 1109
f 1125 1111 1110
f 1125 1137 1138
f 1125 1132 1111
f 1140 1125 1175
f 1220 1166 1154
f 1220 1155 1278
f 1220 1154 1155
f 1304 1166 1220
f 1360 1476 1359
f 1475 1345 1352
f 1444 1467 1355
f 1356 1355 1339
f 1364 1389 1365
f 1398 1399 1364
f 1364 1363 1398
f 1398 1363 1397
f 1364 1399 1392
f 1450 1348 1344
f 1346 1341 1343
f 1343 1348 1346
f 1343 1344 1348
f 1351 1347 1471
f 1347 1351 1330
f 1328 1341 1346
f 1346 1347 1328
f 1469 1348 1450
f 1346 1348 1469
f 1337 1353 1356
f 1345 1353 1354
f 1354 1352 1345
f 1353 1337 1354
f 1361 1355 1467
f 1464 1355 1356
f 1356 1353 1464
f 1340 1339 1355
f 1355 1361 1340
f 1340 1361 1360
f 1360 1359 1340
f 1340 1359 1363
f 1445 1351 1471
f 1399 1398 1436
f 1388 1389 1364
f 1364 1392 1388
f 1387 1386 1381
f 1377 1343 1341
f 1370 1369 1378
f 1468 1476 1360
f 1467 1476 1468
f 1360 1361 1468
f 1468 1361 1467
f 1465 1462 1358
f 1363 1359 1358
f 1331 1351 1332
f 1347 1330 1329
f 1331 1330 1351
f 1329 1328 1347
f 1469 1450 1470
f 1470 1347 1346
f 1346 1469 1470
f 1356 1339 1338
f 1352 1354 1336
f 1355 1464 1444
f 1463 1345 1475
f 1463 1353 1345
f 1463 1464 1353
f 1475 1352 1446
f 1351 1445 1472
f 1472 1473 1349
f 1445 1446 1472
f 1349 1352 1335
f 1418 1398 1397
f 1349 1334 1333
f 1344 1343 1376
f 1343 1377 1376
f 1384 1377 1342
f 1342 1377 1341
f 1384 1424 1385
f 1385 1377 1384
f 1385 1376 1377
f 1342 1375 1384
f 1462 1460 1357
f 1357 1363 1462
f 1381 1386 1433
f 1370 1378 1371
f 1370 1332 1350
f 1350 1332 1351
f 1350 1333 1370
f 1349 1333 1350
f 1350 1472 1349
f 1351 1472 1350
f 1471 1347 1448
f 1347 1470 1448
f 1338 1337 1356
f 1336 1354 1337
f 1464 1463 1444
f 1474 1446 1352
f 1474 1352 1349
f 1349 1473 1474
f 1473 1472 1474
f 1474 1472 1446
f 1336 1335 1352
f 1382 1387 1381
f 1349 1335 1334
f 1366 1365 1389
f 1389 1386 1366
f 1386 1387 1366
f 1387 1367 1366
f 1387 1382 1367
f 1363 1358 1462
f 1417 1388 1392
f 1379 1372 1371
f 1371 1378 1379
f 1373 1372 1379
f 1379 1378 1427
f 1369 1334 1380
f 1380 1378 1369
f 1380 1382 1430
f 1380 1334 1368
f 1368 1382 1380
f 1376 1385 1344
f 1425 1424 1384
f 1426 1379 1427
f 1476 1467 1444
f 1461 1358 1359
f 1461 1465 1358
f 1359 1476 1461
f 1476 1465 1461
f 1378 1380 1428
f 1363 1393 1395
f 1395 1396 1363
f 1448 1470 1450
f 1367 1382 1368
f 1363 1390 1393
f 1422 1393 1390
f 1390 1421 1422
f 1422 1395 1393
f 1422 1421 1415
f 1435 1392 1399
f 1435 1417 1392
f 1399 1436 1435
f 1436 1417 1435
f 1389 1388 1434
f 1434 1388 1400
f 1388 1417 1400
f 1400 1417 1436
f 1383 1374 1373
f 1373 1379 1383
f 1383 1375 1374
f 1384 1375 1383
f 1383 1425 1384
f 1402 1425 1383
f 1383 1426 1402
f 1379 1426 1383
f 1412 1385 1424
f 1412 1344 1385
f 1424 1425 1412
f 1402 1426 1427
f 1429 1380 1430
f 1429 1428 1380
f 1378 1428 1401
f 1427 1378 1401
f 1363 1396 1397
f 1390 1363 1391
f 1391 1421 1390
f 1423 1396 1395
f 1395 1422 1423
f 1437 1357 1478
f 1398 1418 1436
f 1397 1396 1420
f 1420 1419 1397
f 1419 1418 1397
f 1419 1436 1418
f 1389 1434 1432
f 1432 1386 1389
f 1432 1433 1386
f 1432 1434 1400
f 1478 1357 1460
f 1381 1433 1431
f 1431 1382 1381
f 1431 1406 1382
f 1406 1429 1430
f 1430 1382 1406
f 1415 1421 1394
f 1465 1476 1444
f 1410 1457 1413
f 1413 1404 1414
f 1453 1344 1449
f 1446 1463 1475
f 1446 1444 1463
f 1363 1437 1394
f 1396 1423 1415
f 1362 1357 1437
f 1362 1437 1363
f 1363 1357 1362
f 1419 1420 1415
f 1415 1420 1396
f 1409 1408 1454
f 1433 1432 1406
f 1406 1431 1433
f 1425 1402 1412
f 1428 1429 1401
f 1427 1401 1402
f 1408 1416 1419
f 1419 1441 1408
f 1400 1406 1432
f 1442 1437 1439
f 1460 1479 1438
f 1457 1458 1413
f 1402 1406 1414
f 1411 1408 1409
f 1471 1448 1445
f 1445 1444 1446
f 1453 1450 1344
f 1391 1363 1394
f 1421 1391 1394
f 1394 1437 1442
f 1415 1423 1422
f 1419 1416 1436
f 1438 1439 1460
f 1439 1438 1440
f 1462 1465 1460
f 1460 1439 1478
f 1477 1479 1441
f 1408 1411 1405
f 1452 1408 1407
f 1442 1438 1477
f 1401 1406 1402
f 1401 1429 1406
f 1439 1440 1442
f 1442 1440 1438
f 1415 1442 1419
f 1460 1465 1479
f 1444 1443 1465
f 1465 1459 1479
f 1413 1458 1344
f 1413 1344 1412
f 1458 1449 1344
f 1454 1451 1456
f 1394 1442 1415
f 1437 1478 1439
f 1407 1408 1441
f 1477 1441 1442
f 1479 1459 1451
f 1442 1441 1419
f 1454 1457 1409
f 1455 1457 1454
f 1455 1447 1457
f 1413 1412 1404
f 1412 1414 1404
f 1414 1412 1402
f 1414 1410 1413
f 1400 1403 1406
f 1403 1414 1406
f 1453 1458 1457
f 1449 1458 1453
f 1447 1453 1457
f 1447 1448 1450
f 1445 1448 1447
f 1447 1450 1453
f 1452 1451 1454
f 1400 1436 1416
f 1452 1454 1408
f 1441 1452 1407
f 1479 1452 1441
f 1416 1408 1405
f 1466 1459 1465
f 1411 1403 1416
f 1411 1414 1403
f 1443 1444 1456
f 1455 1454 1456
f 1438 1479 1477
f 1451 1452 1479
f 1416 1403 1400
f 1455 1456 1447
f 1411 1409 1457
f 1457 1410 1411
f 1456 1444 1447
f 1447 1444 1445
f 1416 1405 1411
f 1414 1411 1410
f 1466 1443 1451
f 1443 1456 1451
f 1459 1466 1451
f 1465 1443 1466
f 1340 1363 1364
f 1364 1365 1340
f 1340 1365 1339
f 1331 1372 1373
f 1373 1330 1331
f 1329 1375 1328
f 1374 1375 1329
f 1365 1338 1339
f 1372 1332 1371
f 1331 1332 1372
f 1333 1334 1369
f 1333 1369 1370
f 1328 1375 1342
f 1341 1328 1342
f 1374 1330 1373
f 1374 1329 1330
f 1371 1332 1370
f 1334 1335 1368
f 1366 1338 1365
f 1337 1338 1366
f 1366 1336 1337
f 1367 1336 1366
f 1368 1335 1367
f 1335 1336 1367
f 1915 1912 1909
f 1889 1888 1927
f 1927 1888 1519
f 1549 1899 1548
f 1914 1909 1913
f 1781 1498 1499
f 1499 1498 1496
f 1496 1498 1495
f 1492 1713 1700
f 1888 1889 1905
f 1518 1519 1888
f 1549 1551 1899
f 1555 1895 1553
f 1710 1780 1711
f 1914 1759 1760
f 1480 1913 1909
f 1594 1592 1593
f 1595 1889 1927
f 1927 1876 1595
f 1879 1876 1873
f 1879 1594 1595
f 1877 1873 1870
f 1757 1760 1759
f 1907 1908 1502
f 1497 1495 1498
f 1713 1784 1700
f 1784 1783 1795
f 1795 1783 1794
f 1762 1763 1482
f 1482 1763 1483
f 1483 1763 1759
f 1511 1512 1636
f 1505 1512 1906
f 1513 1906 1511
f 1906 1512 1511
f 1546 1544 1545
f 1923 1922 1697
f 1697 1920 1923
f 1834 1833 1832
f 1597 1905 1889
f 1889 1595 1597
f 1569 1567 1571
f 1565 1598 1599
f 1599 1598 1563
f 1482 1480 1601
f 1553 1895 1896
f 1896 1552 1553
f 1714 1498 1781
f 1714 1497 1498
f 1746 1750 1749
f 1761 1762 1764
f 1483 1914 1913
f 1913 1480 1483
f 1483 1759 1914
f 1878 1877 1592
f 1592 1594 1878
f 1594 1879 1878
f 1878 1879 1873
f 1794 1783 1793
f 1572 1883 1781
f 1502 1493 1907
f 1787 1801 1874
f 1909 1925 1924
f 1784 1713 1883
f 1784 1795 1701
f 1713 1493 1494
f 1494 1497 1713
f 1495 1497 1494
f 1495 1494 1493
f 1713 1492 1493
f 1504 1636 1512
f 1899 1896 1895
f 1548 1899 1820
f 1918 1847 1921
f 1861 1859 1531
f 1851 1536 1539
f 1536 1540 1539
f 1832 1836 1835
f 1544 1546 1547
f 1915 1516 1632
f 1915 1632 1672
f 1919 1920 1699
f 1699 1685 1919
f 1685 1909 1919
f 1846 1847 1918
f 1833 1834 1688
f 1688 1684 1833
f 1595 1594 1593
f 1520 1522 1521
f 1521 1518 1520
f 1519 1518 1521
f 1866 1867 1864
f 1868 1867 1525
f 1528 1859 1869
f 1869 1529 1528
f 1551 1549 1550
f 1566 1598 1565
f 1564 1568 1566
f 1567 1569 1570
f 1564 1599 1563
f 1564 1566 1565
f 1565 1599 1564
f 1904 1892 1598
f 1482 1601 1481
f 1481 1765 1764
f 1481 1762 1482
f 1764 1762 1481
f 1480 1909 1912
f 1557 1560 1558
f 1560 1559 1558
f 1558 1559 1890
f 1558 1891 1557
f 1890 1891 1558
f 1895 1555 1556
f 1556 1891 1895
f 1552 1896 1554
f 1897 1896 1899
f 1550 1554 1897
f 1897 1554 1896
f 1899 1551 1897
f 1551 1550 1897
f 1777 1750 1778
f 1777 1749 1750
f 1777 1778 1768
f 1763 1762 1761
f 1780 1710 1779
f 1779 1893 1780
f 1771 1893 1779
f 1779 1703 1771
f 1781 1893 1904
f 1482 1483 1480
f 1562 1601 1480
f 1877 1878 1873
f 1876 1879 1595
f 1538 1883 1572
f 1884 1584 1887
f 1880 1578 1882
f 1798 1799 1797
f 1799 1874 1797
f 1876 1797 1874
f 1875 1876 1874
f 1492 1702 1489
f 1489 1702 1621
f 1723 1801 1787
f 1781 1883 1713
f 1784 1883 1783
f 1702 1701 1795
f 1493 1492 1488
f 1661 1815 1816
f 1910 1906 1516
f 1505 1504 1512
f 1505 1503 1504
f 1927 1519 1858
f 1864 1861 1865
f 1520 1523 1525
f 1523 1528 1529
f 1835 1834 1832
f 1832 1837 1836
f 1838 1837 1832
f 1541 1540 1542
f 1542 1547 1543
f 1855 1546 1545
f 1827 1852 1826
f 1826 1691 1827
f 1691 1694 1827
f 1685 1694 1691
f 1844 1694 1695
f 1695 1845 1844
f 1696 1845 1695
f 1694 1685 1695
f 1685 1699 1697
f 1697 1699 1920
f 1595 1593 1596
f 1596 1597 1595
f 1530 1529 1869
f 1869 1868 1530
f 1530 1523 1529
f 1867 1868 1864
f 1531 1859 1527
f 1859 1528 1527
f 1527 1523 1531
f 1528 1523 1527
f 1552 1555 1553
f 1552 1556 1555
f 1557 1556 1552
f 1765 1481 1600
f 1600 1481 1601
f 1563 1598 1600
f 1598 1892 1600
f 1892 1769 1600
f 1915 1911 1487
f 1912 1915 1487
f 1487 1480 1912
f 1891 1556 1557
f 1552 1554 1550
f 1497 1714 1713
f 1714 1781 1713
f 1749 1777 1776
f 1761 1759 1763
f 1709 1614 1607
f 1703 1779 1706
f 1901 1569 1571
f 1783 1792 1793
f 1783 1883 1875
f 1870 1585 1590
f 1877 1870 1590
f 1590 1585 1587
f 1590 1587 1593
f 1881 1883 1872
f 1872 1883 1538
f 1873 1884 1887
f 1873 1875 1883
f 1736 1621 1702
f 1492 1489 1488
f 1616 1736 1620
f 1616 1489 1621
f 1621 1736 1616
f 1492 1700 1702
f 1738 1908 1907
f 1801 1723 1724
f 1724 1723 1733
f 1511 1636 1853
f 1808 1816 1806
f 1806 1816 1815
f 1662 1815 1661
f 1658 1656 1631
f 1649 1809 1648
f 1647 1809 1810
f 1633 1647 1810
f 1810 1646 1633
f 1820 1561 1806
f 1806 1561 1804
f 1804 1805 1806
f 1804 1676 1805
f 1561 1562 1602
f 1806 1813 1812
f 1812 1813 1666
f 1635 1505 1906
f 1858 1866 1864
f 1850 1864 1865
f 1524 1520 1525
f 1522 1520 1524
f 1524 1866 1522
f 1525 1867 1524
f 1867 1866 1524
f 1531 1523 1532
f 1532 1861 1531
f 1533 1523 1537
f 1865 1533 1537
f 1537 1850 1865
f 1860 1848 1852
f 1832 1833 1831
f 1831 1829 1832
f 1833 1684 1831
f 1540 1541 1863
f 1690 1834 1835
f 1835 1635 1690
f 1504 1503 1638
f 1835 1836 1686
f 1698 1921 1847
f 1698 1696 1697
f 1698 1697 1922
f 1922 1921 1698
f 1828 1694 1844
f 1828 1827 1694
f 1846 1845 1696
f 1844 1845 1846
f 1696 1695 1697
f 1860 1852 1846
f 1635 1906 1910
f 1526 1868 1525
f 1526 1530 1868
f 1525 1523 1526
f 1523 1530 1526
f 1864 1868 1869
f 1563 1600 1601
f 1563 1601 1562
f 1903 1567 1570
f 1903 1564 1567
f 1904 1568 1903
f 1568 1564 1903
f 1900 1904 1903
f 1486 1487 1911
f 1486 1485 1487
f 1712 1781 1500
f 1495 1493 1502
f 1781 1499 1500
f 1775 1768 1778
f 1771 1703 1743
f 1748 1776 1771
f 1710 1709 1708
f 1708 1779 1710
f 1708 1706 1779
f 1708 1709 1607
f 1566 1568 1598
f 1598 1568 1904
f 1901 1572 1781
f 1901 1571 1572
f 1901 1781 1900
f 1902 1570 1569
f 1569 1901 1902
f 1902 1901 1900
f 1902 1903 1570
f 1900 1903 1902
f 1782 1712 1711
f 1589 1886 1887
f 1592 1877 1591
f 1877 1590 1591
f 1593 1592 1591
f 1591 1590 1593
f 1873 1886 1871
f 1871 1585 1870
f 1870 1873 1871
f 1573 1575 1881
f 1881 1872 1573
f 1538 1575 1573
f 1576 1880 1881
f 1881 1575 1576
f 1581 1884 1885
f 1885 1580 1581
f 1584 1884 1581
f 1577 1882 1578
f 1579 1580 1885
f 1885 1882 1579
f 1882 1577 1579
f 1887 1886 1873
f 1873 1882 1885
f 1885 1884 1873
f 1873 1883 1882
f 1873 1876 1875
f 1882 1883 1881
f 1880 1882 1881
f 1785 1874 1801
f 1618 1617 1620
f 1489 1616 1490
f 1490 1488 1489
f 1490 1616 1620
f 1493 1619 1737
f 1619 1618 1737
f 1717 1909 1908
f 1787 1874 1786
f 1735 1723 1787
f 1787 1786 1735
f 1735 1786 1721
f 1800 1874 1799
f 1798 1797 1719
f 1797 1876 1719
f 1876 1917 1719
f 1825 1853 1636
f 1838 1853 1825
f 1514 1511 1853
f 1815 1817 1824
f 1824 1806 1815
f 1507 1517 1515
f 1906 1515 1516
f 1627 1658 1624
f 1631 1656 1655
f 1815 1662 1655
f 1823 1818 1660
f 1656 1658 1657
f 1657 1817 1815
f 1815 1655 1657
f 1657 1655 1656
f 1806 1810 1809
f 1663 1666 1813
f 1519 1521 1857
f 1857 1858 1519
f 1857 1521 1522
f 1522 1866 1857
f 1866 1858 1857
f 1534 1523 1533
f 1534 1532 1523
f 1534 1533 1865
f 1534 1865 1861
f 1861 1532 1534
f 1535 1523 1536
f 1535 1537 1523
f 1850 1537 1535
f 1535 1536 1851
f 1851 1850 1535
f 1832 1829 1848
f 1863 1539 1540
f 1851 1539 1863
f 1864 1850 1851
f 1862 1541 1542
f 1862 1863 1541
f 1542 1543 1862
f 1647 1633 1648
f 1648 1809 1647
f 1644 1623 1641
f 1661 1816 1651
f 1651 1816 1808
f 1630 1662 1661
f 1631 1655 1630
f 1630 1655 1662
f 1684 1688 1689
f 1504 1638 1636
f 1835 1686 1635
f 1692 1691 1826
f 1852 1827 1828
f 1846 1852 1828
f 1844 1846 1828
f 1685 1697 1695
f 1843 1698 1847
f 1847 1846 1843
f 1696 1698 1843
f 1843 1846 1696
f 1918 1860 1846
f 1860 1918 1858
f 1545 1544 1894
f 1852 1692 1826
f 1849 1692 1852
f 1848 1839 1849
f 1849 1852 1848
f 1849 1839 1693
f 1693 1692 1849
f 1685 1692 1693
f 1860 1858 1864
f 1859 1861 1864
f 1773 1772 1769
f 1770 1772 1754
f 1757 1758 1770
f 1766 1600 1769
f 1766 1765 1600
f 1764 1765 1766
f 1766 1761 1764
f 1766 1758 1761
f 1769 1770 1766
f 1766 1770 1758
f 1487 1485 1602
f 1484 1804 1561
f 1561 1602 1484
f 1602 1485 1484
f 1487 1602 1562
f 1487 1562 1480
f 1614 1500 1502
f 1496 1495 1501
f 1495 1502 1501
f 1501 1499 1496
f 1501 1500 1499
f 1502 1500 1501
f 1771 1776 1893
f 1749 1776 1746
f 1776 1748 1746
f 1706 1708 1707
f 1703 1706 1707
f 1712 1782 1781
f 1711 1780 1893
f 1893 1782 1711
f 1781 1782 1893
f 1588 1589 1587
f 1886 1589 1588
f 1588 1871 1886
f 1887 1584 1583
f 1583 1589 1887
f 1538 1573 1872
f 1574 1578 1880
f 1880 1576 1574
f 1574 1575 1538
f 1574 1576 1575
f 1580 1579 1577
f 1761 1758 1757
f 1757 1770 1754
f 1768 1775 1774
f 1755 1772 1773
f 1703 1707 1704
f 1801 1724 1785
f 1724 1802 1785
f 1875 1874 1788
f 1617 1618 1619
f 1736 1618 1620
f 1620 1617 1491
f 1491 1490 1620
f 1488 1490 1491
f 1737 1736 1715
f 1717 1925 1909
f 1820 1821 1514
f 1807 1809 1649
f 1808 1806 1807
f 1824 1821 1820
f 1820 1806 1824
f 1818 1823 1819
f 1817 1818 1819
f 1819 1824 1817
f 1509 1906 1513
f 1509 1515 1906
f 1509 1507 1515
f 1506 1517 1508
f 1517 1507 1508
f 1658 1627 1654
f 1654 1660 1658
f 1506 1654 1627
f 1514 1654 1506
f 1659 1660 1818
f 1658 1660 1659
f 1659 1818 1817
f 1817 1657 1659
f 1659 1657 1658
f 1823 1660 1822
f 1515 1517 1516
f 1899 1891 1890
f 1560 1561 1898
f 1898 1559 1560
f 1820 1899 1898
f 1890 1559 1898
f 1898 1899 1890
f 1814 1806 1805
f 1813 1806 1814
f 1820 1898 1561
f 1670 1814 1805
f 1812 1666 1664
f 1664 1645 1812
f 1669 1663 1813
f 1813 1814 1669
f 1669 1814 1667
f 1514 1853 1894
f 1683 1831 1684
f 1681 1685 1680
f 1831 1683 1830
f 1830 1683 1682
f 1829 1831 1830
f 1838 1832 1853
f 1851 1863 1864
f 1543 1547 1856
f 1856 1862 1543
f 1546 1855 1856
f 1856 1547 1546
f 1633 1646 1665
f 1665 1672 1632
f 1653 1652 1808
f 1808 1807 1653
f 1653 1807 1643
f 1661 1639 1626
f 1689 1688 1834
f 1834 1690 1689
f 1838 1825 1673
f 1544 1548 1894
f 1685 1693 1679
f 1679 1693 1839
f 1910 1685 1635
f 1910 1909 1685
f 1869 1859 1864
f 1769 1774 1773
f 1768 1774 1769
f 1772 1770 1769
f 1614 1608 1500
f 1709 1608 1614
f 1768 1769 1904
f 1768 1904 1767
f 1904 1893 1767
f 1771 1743 1747
f 1747 1748 1771
f 1781 1904 1900
f 1585 1871 1586
f 1871 1588 1586
f 1586 1587 1585
f 1586 1588 1587
f 1584 1581 1580
f 1757 1759 1761
f 1752 1750 1746
f 1778 1750 1752
f 1751 1775 1778
f 1778 1752 1751
f 1741 1603 1773
f 1773 1774 1741
f 1603 1755 1773
f 1754 1772 1756
f 1772 1755 1756
f 1785 1788 1874
f 1736 1737 1618
f 1619 1491 1617
f 1488 1491 1619
f 1493 1488 1619
f 1701 1702 1700
f 1784 1701 1700
f 1907 1493 1737
f 1796 1790 1783
f 1783 1875 1796
f 1733 1802 1724
f 1733 1725 1802
f 1802 1725 1803
f 1803 1785 1802
f 1788 1785 1803
f 1732 1926 1925
f 1723 1735 1733
f 1652 1653 1643
f 1809 1807 1806
f 1824 1819 1823
f 1821 1824 1823
f 1823 1822 1821
f 1511 1514 1513
f 1508 1513 1514
f 1506 1508 1514
f 1624 1658 1631
f 1624 1506 1627
f 1821 1822 1654
f 1654 1822 1660
f 1654 1514 1821
f 1506 1516 1517
f 1631 1630 1624
f 1895 1891 1899
f 1811 1645 1665
f 1812 1645 1811
f 1665 1646 1811
f 1811 1806 1812
f 1646 1810 1811
f 1810 1806 1811
f 1672 1911 1915
f 1672 1486 1911
f 1814 1670 1667
f 1805 1676 1671
f 1665 1645 1664
f 1682 1681 1842
f 1842 1830 1682
f 1842 1848 1829
f 1829 1830 1842
f 1832 1860 1853
f 1854 1856 1855
f 1854 1855 1545
f 1545 1894 1854
f 1860 1863 1854
f 1862 1856 1854
f 1854 1863 1862
f 1665 1664 1672
f 1663 1664 1666
f 1663 1669 1667
f 1661 1651 1652
f 1652 1639 1661
f 1661 1626 1628
f 1685 1683 1684
f 1685 1681 1682
f 1682 1683 1685
f 1637 1638 1503
f 1503 1505 1637
f 1637 1634 1638
f 1637 1505 1635
f 1635 1634 1637
f 1636 1673 1825
f 1691 1692 1685
f 1685 1679 1680
f 1892 1904 1769
f 1744 1502 1760
f 1712 1500 1608
f 1712 1608 1709
f 1712 1710 1711
f 1712 1709 1710
f 1767 1777 1768
f 1767 1776 1777
f 1767 1893 1776
f 1747 1746 1748
f 1703 1704 1743
f 1574 1577 1578
f 1582 1583 1584
f 1584 1580 1582
f 1587 1589 1582
f 1589 1583 1582
f 1744 1752 1746
f 1740 1774 1775
f 1753 1752 1744
f 1753 1751 1752
f 1756 1757 1754
f 1603 1756 1755
f 1610 1708 1607
f 1610 1707 1708
f 1715 1736 1702
f 1715 1702 1615
f 1702 1795 1615
f 1615 1795 1794
f 1794 1793 1729
f 1791 1792 1783
f 1783 1790 1791
f 1790 1728 1791
f 1731 1737 1792
f 1792 1791 1731
f 1731 1791 1728
f 1790 1796 1727
f 1788 1796 1875
f 1738 1717 1908
f 1738 1716 1717
f 1717 1732 1925
f 1733 1721 1717
f 1721 1733 1735
f 1650 1644 1641
f 1641 1643 1650
f 1650 1643 1642
f 1648 1642 1649
f 1642 1807 1649
f 1643 1807 1642
f 1510 1509 1513
f 1510 1513 1508
f 1507 1509 1510
f 1510 1508 1507
f 1667 1670 1671
f 1667 1671 1672
f 1672 1671 1668
f 1675 1484 1485
f 1675 1671 1676
f 1668 1671 1675
f 1485 1486 1678
f 1678 1668 1485
f 1486 1672 1678
f 1672 1668 1678
f 1672 1664 1667
f 1853 1860 1894
f 1820 1894 1548
f 1514 1894 1820
f 1848 1842 1841
f 1841 1681 1680
f 1841 1842 1681
f 1832 1848 1860
f 1864 1863 1860
f 1664 1663 1667
f 1652 1643 1639
f 1652 1651 1808
f 1640 1626 1639
f 1641 1623 1640
f 1640 1643 1641
f 1643 1640 1639
f 1633 1665 1632
f 1623 1644 1625
f 1625 1640 1623
f 1626 1640 1629
f 1640 1625 1629
f 1650 1633 1622
f 1622 1644 1650
f 1839 1848 1840
f 1840 1841 1680
f 1848 1841 1840
f 1680 1679 1840
f 1840 1679 1839
f 1744 1604 1502
f 1705 1743 1704
f 1742 1743 1705
f 1704 1609 1705
f 1746 1747 1743
f 1613 1609 1604
f 1604 1609 1614
f 1744 1745 1604
f 1775 1751 1753
f 1753 1740 1775
f 1774 1740 1739
f 1607 1614 1606
f 1606 1610 1607
f 1606 1609 1704
f 1614 1609 1606
f 1606 1704 1707
f 1707 1610 1606
f 1715 1615 1794
f 1794 1729 1715
f 1738 1728 1790
f 1790 1727 1738
f 1737 1731 1738
f 1738 1731 1728
f 1789 1727 1796
f 1796 1788 1789
f 1716 1803 1725
f 1725 1733 1716
f 1726 1789 1788
f 1727 1789 1726
f 1788 1803 1726
f 1803 1716 1726
f 1737 1738 1907
f 1733 1717 1716
f 1722 1800 1799
f 1648 1650 1642
f 1648 1633 1650
f 1668 1675 1485
f 1676 1804 1677
f 1677 1675 1676
f 1804 1484 1677
f 1484 1675 1677
f 1687 1686 1836
f 1687 1635 1686
f 1634 1635 1687
f 1836 1837 1687
f 1628 1624 1630
f 1628 1630 1661
f 1634 1687 1837
f 1635 1689 1690
f 1684 1689 1685
f 1689 1635 1685
f 1612 1609 1613
f 1612 1705 1609
f 1745 1744 1746
f 1753 1744 1739
f 1753 1739 1740
f 1744 1757 1603
f 1757 1756 1603
f 1739 1741 1774
f 1739 1603 1741
f 1730 1715 1729
f 1730 1729 1793
f 1737 1715 1730
f 1793 1792 1730
f 1792 1737 1730
f 1727 1726 1738
f 1916 1926 1734
f 1734 1917 1916
f 1734 1719 1917
f 1926 1732 1734
f 1732 1717 1734
f 1798 1719 1718
f 1719 1734 1718
f 1718 1734 1722
f 1718 1799 1798
f 1718 1722 1799
f 1632 1624 1628
f 1629 1628 1626
f 1629 1625 1644
f 1629 1644 1622
f 1622 1628 1629
f 1633 1628 1622
f 1632 1628 1633
f 1671 1670 1805
f 1854 1894 1860
f 1674 1837 1838
f 1674 1634 1837
f 1838 1673 1674
f 1638 1634 1636
f 1605 1743 1742
f 1613 1604 1605
f 1743 1605 1745
f 1745 1605 1604
f 1746 1743 1745
f 1760 1757 1744
f 1738 1726 1716
f 1734 1717 1721
f 1634 1674 1636
f 1636 1674 1673
f 1502 1604 1614
f 1742 1705 1611
f 1611 1605 1742
f 1705 1612 1611
f 1611 1612 1613
f 1874 1800 1720
f 1800 1722 1720
f 1720 1786 1874
f 1721 1786 1720
f 1722 1734 1721
f 1721 1720 1722
f 1605 1611 1613
f 1739 1744 1603
f 1506 1624 1516
f 1624 1632 1516
f 1910 1915 1909
f 1910 1516 1915
f 1760 1502 1908
f 1909 1760 1908
f 1914 1760 1909
f 1924 1926 1916
f 1924 1918 1921
f 1924 1919 1909
f 1924 1922 1923
f 1924 1920 1919
f 1923 1920 1924
f 1925 1926 1924
f 1924 1917 1876
f 1924 1921 1922
f 1858 1918 1924
f 1924 1876 1927
f 1924 1927 1858
f 1916 1917 1924
f 1536 1523 1582
f 1582 1561 1560
f 1593 1587 1582
f 1548 1544 1582
f 1520 1518 1582
f 1582 1547 1542
f 1571 1567 1582
f 1582 1538 1572
f 1888 1905 1582
f 1582 1518 1888
f 1597 1596 1582
f 1582 1572 1571
f 1542 1540 1582
f 1582 1540 1536
f 1905 1597 1582
f 1582 1549 1548
f 1567 1564 1582
f 1544 1547 1582
f 1582 1550 1549
f 1560 1557 1582
f 1582 1563 1562
f 1582 1564 1563
f 1523 1520 1582
f 1582 1596 1593
f 1557 1552 1582
f 1582 1552 1550
f 1582 1574 1538
f 1562 1561 1582
f 1577 1574 1582
f 1582 1580 1577
f 1989 2125 2124
f 2103 1991 2104
f 1947 2115 2102
f 1952 2129 2128
f 1961 1928 2103
f 2081 2040 2080
f 2080 2012 2081
f 1985 1986 1930
f 1990 2124 2105
f 1989 2124 1990
f 2105 2104 1992
f 1992 1988 2105
f 2116 2115 1947
f 2127 2111 1957
f 2130 1942 2110
f 1951 1952 2128
f 1950 2130 2129
f 1945 2117 2118
f 2107 2123 1993
f 1993 1998 2108
f 2108 2107 1993
f 1987 2125 1989
f 2125 1987 1996
f 1996 1987 1997
f 2125 1996 2126
f 2126 1996 1997
f 1962 1961 2003
f 1928 1961 1962
f 2003 1961 2000
f 2096 2011 2099
f 2077 2030 2087
f 2080 2079 2086
f 2086 2012 2080
f 2103 1928 1991
f 1928 2010 1991
f 1988 1990 2105
f 1991 1992 2104
f 2113 2116 1948
f 1948 2116 1947
f 2127 1957 1958
f 2112 1951 2128
f 2129 1952 1949
f 1949 1950 2129
f 1942 2130 1954
f 2130 1950 1954
f 1947 2102 1943
f 2109 2108 1998
f 1998 1946 2109
f 1997 1959 1999
f 1999 2126 1997
f 2123 2121 1994
f 1993 2123 1994
f 1994 2121 2120
f 1994 1999 1959
f 2039 2007 2040
f 2040 2081 2039
f 2039 2081 2012
f 2083 2038 2084
f 2038 2039 2084
f 2084 2039 2012
f 1964 2038 2083
f 2003 2016 2009
f 2009 2016 2010
f 2009 1962 2003
f 2009 2010 1928
f 1928 1962 2009
f 2010 2016 2062
f 1970 2049 2002
f 2002 2049 2006
f 2006 1970 2002
f 1968 1960 1973
f 2094 1930 1958
f 2094 1985 1930
f 2007 2038 1964
f 2007 2039 2038
f 2086 2078 2077
f 2113 1948 1953
f 1953 1948 1951
f 1953 2112 2113
f 1951 2112 1953
f 1952 1951 1959
f 1951 1948 1959
f 1956 1957 2111
f 1955 2111 2110
f 2110 1942 1955
f 1949 1954 1950
f 2101 1943 2102
f 1944 2101 2114
f 1943 2101 1944
f 2114 2117 1944
f 2117 1945 1944
f 1959 1948 1947
f 1947 1943 1959
f 2122 1945 2118
f 2122 1946 1945
f 2122 2109 1946
f 2119 1999 2120
f 2126 1999 2119
f 2120 1999 1995
f 1995 1994 2120
f 1999 1994 1995
f 2083 2084 2012
f 2037 1964 2083
f 2082 2044 2037
f 2037 2083 2082
f 1964 2037 2044
f 2062 1991 2010
f 1970 2006 1974
f 1969 1968 1973
f 1961 1960 1963
f 1960 1968 1963
f 1963 2000 1961
f 2091 2090 2024
f 2093 2028 2092
f 2011 2094 1958
f 2096 2094 2011
f 2024 2028 2008
f 2089 2086 2077
f 2077 2087 2089
f 2026 2023 2011
f 2026 2025 2024
f 2095 2094 2096
f 2023 2026 2008
f 2008 2026 2024
f 2040 2007 2033
f 2080 2040 2033
f 2033 2079 2080
f 2031 2078 2032
f 2077 2078 2031
f 2031 2030 2077
f 2030 2031 2008
f 2008 2031 2032
f 1992 1991 1988
f 1989 1990 1988
f 1988 1987 1989
f 2111 1955 1956
f 1958 1930 2127
f 1993 1994 1959
f 1945 1946 1959
f 1959 1944 1945
f 1943 1944 1959
f 2064 2062 2063
f 2063 2062 2016
f 2057 2054 2018
f 2018 2054 2019
f 2085 2036 2055
f 2055 2056 2085
f 2036 2085 2043
f 2043 2085 2056
f 2066 2016 2003
f 2061 2068 2059
f 2061 1991 2062
f 2061 2062 2064
f 2064 2074 2061
f 2061 2059 2060
f 2060 1991 2061
f 2054 2056 2055
f 2057 2056 2054
f 2004 2006 2049
f 2049 2048 2004
f 2072 2073 2004
f 2000 2006 2004
f 2000 1963 1965
f 1965 1963 1968
f 1967 1974 2006
f 1970 1974 1967
f 1967 1969 1970
f 2049 1970 1973
f 2049 1972 2047
f 1970 1969 1973
f 2019 2060 2058
f 2058 2060 2059
f 2070 2022 2068
f 2035 2022 2059
f 2068 2022 2035
f 2090 2091 2088
f 2093 2092 2089
f 2082 2083 2054
f 2083 2012 2054
f 1984 1983 1941
f 1983 1984 1980
f 1978 1979 1985
f 1978 2095 2096
f 1985 2094 1978
f 2094 2095 1978
f 2032 2078 2086
f 2007 2032 2086
f 2079 2033 2007
f 2008 2028 2029
f 2030 2008 2029
f 2029 2028 2093
f 2029 2087 2030
f 2093 2089 2029
f 2029 2089 2087
f 1952 1959 1949
f 1957 1956 1958
f 1954 1955 1942
f 1959 1998 1993
f 1959 1946 1998
f 2015 2063 2016
f 1991 2060 2054
f 2054 2060 2019
f 2055 2036 2045
f 2045 2054 2055
f 2082 2054 2045
f 2045 2044 2082
f 2075 2073 2013
f 2064 2063 2013
f 2013 2063 2075
f 2065 2015 2016
f 2075 2063 2065
f 2063 2015 2065
f 2003 2000 2005
f 2000 2004 2005
f 2075 2065 2005
f 2005 2073 2075
f 2005 2004 2073
f 2005 2066 2003
f 2005 2065 2066
f 2048 2076 2072
f 2072 2004 2048
f 2014 2074 2064
f 2064 2013 2014
f 2014 2013 2073
f 2073 2072 2014
f 2014 2072 2076
f 2000 1965 2001
f 1969 1967 2001
f 2001 2006 2000
f 2001 1967 2006
f 1968 1969 1966
f 1966 1965 1968
f 1969 2001 1966
f 1966 2001 1965
f 2046 2047 2022
f 2022 2070 2046
f 2046 2048 2049
f 2049 2047 2046
f 1973 1971 1972
f 1973 1972 2049
f 2047 1972 1971
f 1971 2053 2047
f 2059 2068 2034
f 2034 2035 2059
f 2068 2035 2034
f 1964 2053 1971
f 2027 2092 2028
f 2027 2088 2092
f 2027 2028 2024
f 2024 2090 2027
f 2090 2088 2027
f 2008 1937 2023
f 1975 1984 1940
f 1975 1938 1986
f 1986 1985 1975
f 1985 1979 1975
f 1979 1980 1984
f 1984 1975 1979
f 2098 1980 2100
f 2011 2098 2100
f 2099 2011 2100
f 1941 1983 1934
f 2007 2086 2079
f 1956 1955 1954
f 1997 1987 1959
f 1954 1949 1959
f 2054 2012 1991
f 2016 2066 2017
f 2017 2065 2016
f 2066 2065 2017
f 2069 2014 2076
f 2069 2070 2068
f 2068 2061 2069
f 2069 2046 2070
f 1973 1960 1971
f 1971 1960 2103
f 2019 2058 2020
f 2058 2052 2020
f 2022 2052 2021
f 2021 2052 2058
f 2059 2022 2021
f 2021 2058 2059
f 2051 2018 2019
f 2019 2020 2051
f 2051 2020 2052
f 1964 1971 2103
f 2011 2091 2097
f 2097 2091 2024
f 2024 2025 2097
f 2097 2026 2011
f 2025 2026 2097
f 2092 2088 2089
f 1956 1959 1958
f 1956 1954 1959
f 2012 2086 1958
f 1983 1980 1981
f 1981 1982 1983
f 2023 1982 1981
f 1981 2011 2023
f 2098 2011 1981
f 1981 1980 2098
f 1933 1982 2023
f 1983 1982 1933
f 1933 1934 1983
f 1979 1978 1976
f 1976 2096 2099
f 1976 1978 2096
f 1980 1979 1977
f 2099 2100 1977
f 1977 2100 1980
f 1977 1976 2099
f 1979 1976 1977
f 1940 1984 1936
f 1936 1975 1940
f 1939 1975 1936
f 1930 1937 2008
f 1964 1931 2007
f 1931 2008 2032
f 1931 2032 2007
f 1987 1988 1991
f 2044 2045 2036
f 2036 2043 2044
f 2067 2069 2061
f 2014 2069 2067
f 2067 2061 2074
f 2074 2014 2067
f 2071 2069 2076
f 2046 2069 2071
f 2071 2076 2048
f 2048 2046 2071
f 2022 2047 2053
f 2053 2052 2022
f 2053 2051 2052
f 2088 2091 2011
f 2011 2086 2089
f 2089 2088 2011
f 2011 1958 2086
f 1937 1933 2023
f 1934 1933 1937
f 1939 1936 1932
f 1938 1975 1932
f 1932 1975 1939
f 1986 1938 1932
f 1932 1936 1937
f 1935 1936 1984
f 1935 1984 1941
f 1941 1934 1935
f 1934 1937 1935
f 2051 2053 2041
f 2057 2018 2041
f 1986 1932 1937
f 1936 1935 1937
f 2053 1964 2044
f 2044 2041 2053
f 2042 2041 2044
f 2042 2044 2043
f 2057 2041 2042
f 2042 2056 2057
f 2042 2043 2056
f 2018 2051 2050
f 2050 2041 2018
f 2051 2041 2050
f 1959 1987 1991
f 1930 2008 1931
f 1930 1931 1964
f 1929 2106 1930
f 1986 1937 1930
f 1960 1961 2103
f 2012 1958 1959
f 1964 2103 1929
f 1991 2012 1959
f 2110 2111 2106
f 2103 2104 2106
f 2118 2117 2106
f 2106 2112 2128
f 2114 2101 2106
f 2106 2124 2125
f 2115 2116 2106
f 2123 2107 2106
f 2105 2124 2106
f 2106 2104 2105
f 2106 2102 2115
f 2128 2129 2106
f 2106 2111 2127
f 2106 2117 2114
f 2106 2130 2110
f 2125 2126 2106
f 2106 2121 2123
f 2106 2119 2120
f 2127 1930 2106
f 2106 2116 2113
f 2129 2130 2106
f 2107 2108 2106
f 2106 2122 2118
f 2120 2121 2106
f 2113 2112 2106
f 2108 2109 2106
f 2106 2101 2102
f 2109 2122 2106
f 2126 2119 2106
f 2106 1929 2103
f 1930 1964 1929
f 2163 2279 2162
f 2278 2148 2155
f 2247 2270 2158
f 2159 2158 2142
f 2167 2192 2168
f 2201 2202 2167
f 2167 2166 2201
f 2201 2166 2200
f 2167 2202 2195
f 2253 2151 2147
f 2149 2144 2146
f 2146 2151 2149
f 2146 2147 2151
f 2154 2150 2274
f 2150 2154 2133
f 2131 2144 2149
f 2149 2150 2131
f 2272 2151 2253
f 2149 2151 2272
f 2140 2156 2159
f 2148 2156 2157
f 2157 2155 2148
f 2156 2140 2157
f 2164 2158 2270
f 2267 2158 2159
f 2159 2156 2267
f 2143 2142 2158
f 2158 2164 2143
f 2143 2164 2163
f 2163 2162 2143
f 2143 2162 2166
f 2248 2154 2274
f 2202 2201 2239
f 2191 2192 2167
f 2167 2195 2191
f 2190 2189 2184
f 2180 2146 2144
f 2173 2172 2181
f 2271 2279 2163
f 2270 2279 2271
f 2163 2164 2271
f 2271 2164 2270
f 2268 2265 2161
f 2166 2162 2161
f 2134 2154 2135
f 2150 2133 2132
f 2134 2133 2154
f 2132 2131 2150
f 2272 2253 2273
f 2273 2150 2149
f 2149 2272 2273
f 2159 2142 2141
f 2155 2157 2139
f 2158 2267 2247
f 2266 2148 2278
f 2266 2156 2148
f 2266 2267 2156
f 2278 2155 2249
f 2154 2248 2275
f 2275 2276 2152
f 2248 2249 2275
f 2152 2155 2138
f 2221 2201 2200
f 2152 2137 2136
f 2147 2146 2179
f 2146 2180 2179
f 2187 2180 2145
f 2145 2180 2144
f 2187 2227 2188
f 2188 2180 2187
f 2188 2179 2180
f 2145 2178 2187
f 2265 2263 2160
f 2160 2166 2265
f 2184 2189 2236
f 2173 2181 2174
f 2173 2135 2153
f 2153 2135 2154
f 2153 2136 2173
f 2152 2136 2153
f 2153 2275 2152
f 2154 2275 2153
f 2274 2150 2251
f 2150 2273 2251
f 2141 2140 2159
f 2139 2157 2140
f 2267 2266 2247
f 2277 2249 2155
f 2277 2155 2152
f 2152 2276 2277
f 2276 2275 2277
f 2277 2275 2249
f 2139 2138 2155
f 2185 2190 2184
f 2152 2138 2137
f 2169 2168 2192
f 2192 2189 2169
f 2189 2190 2169
f 2190 2170 2169
f 2190 2185 2170
f 2166 2161 2265
f 2220 2191 2195
f 2182 2175 2174
f 2174 2181 2182
f 2176 2175 2182
f 2182 2181 2230
f 2172 2137 2183
f 2183 2181 2172
f 2183 2185 2233
f 2183 2137 2171
f 2171 2185 2183
f 2179 2188 2147
f 2228 2227 2187
f 2229 2182 2230
f 2279 2270 2247
f 2264 2161 2162
f 2264 2268 2161
f 2162 2279 2264
f 2279 2268 2264
f 2181 2183 2231
f 2166 2196 2198
f 2198 2199 2166
f 2251 2273 2253
f 2170 2185 2171
f 2166 2193 2196
f 2225 2196 2193
f 2193 2224 2225
f 2225 2198 2196
f 2225 2224 2218
f 2238 2195 2202
f 2238 2220 2195
f 2202 2239 2238
f 2239 2220 2238
f 2192 2191 2237
f 2237 2191 2203
f 2191 2220 2203
f 2203 2220 2239
f 2186 2177 2176
f 2176 2182 2186
f 2186 2178 2177
f 2187 2178 2186
f 2186 2228 2187
f 2205 2228 2186
f 2186 2229 2205
f 2182 2229 2186
f 2215 2188 2227
f 2215 2147 2188
f 2227 2228 2215
f 2205 2229 2230
f 2232 2183 2233
f 2232 2231 2183
f 2181 2231 2204
f 2230 2181 2204
f 2166 2199 2200
f 2193 2166 2194
f 2194 2224 2193
f 2226 2199 2198
f 2198 2225 2226
f 2240 2160 2281
f 2201 2221 2239
f 2200 2199 2223
f 2223 2222 2200
f 2222 2221 2200
f 2222 2239 2221
f 2192 2237 2235
f 2235 2189 2192
f 2235 2236 2189
f 2235 2237 2203
f 2281 2160 2263
f 2184 2236 2234
f 2234 2185 2184
f 2234 2209 2185
f 2209 2232 2233
f 2233 2185 2209
f 2218 2224 2197
f 2268 2279 2247
f 2213 2260 2216
f 2216 2207 2217
f 2256 2147 2252
f 2249 2266 2278
f 2249 2247 2266
f 2166 2240 2197
f 2199 2226 2218
f 2165 2160 2240
f 2165 2240 2166
f 2166 2160 2165
f 2222 2223 2218
f 2218 2223 2199
f 2212 2211 2257
f 2236 2235 2209
f 2209 2234 2236
f 2228 2205 2215
f 2231 2232 2204
f 2230 2204 2205
f 2211 2219 2222
f 2222 2244 2211
f 2203 2209 2235
f 2245 2240 2242
f 2263 2282 2241
f 2260 2261 2216
f 2205 2209 2217
f 2214 2211 2212
f 2274 2251 2248
f 2248 2247 2249
f 2256 2253 2147
f 2194 2166 2197
f 2224 2194 2197
f 2197 2240 2245
f 2218 2226 2225
f 2222 2219 2239
f 2241 2242 2263
f 2242 2241 2243
f 2265 2268 2263
f 2263 2242 2281
f 2280 2282 2244
f 2211 2214 2208
f 2255 2211 2210
f 2245 2241 2280
f 2204 2209 2205
f 2204 2232 2209
f 2242 2243 2245
f 2245 2243 2241
f 2218 2245 2222
f 2263 2268 2282
f 2247 2246 2268
f 2268 2262 2282
f 2216 2261 2147
f 2216 2147 2215
f 2261 2252 2147
f 2257 2254 2259
f 2197 2245 2218
f 2240 2281 2242
f 2210 2211 2244
f 2280 2244 2245
f 2282 2262 2254
f 2245 2244 2222
f 2257 2260 2212
f 2258 2260 2257
f 2258 2250 2260
f 2216 2215 2207
f 2215 2217 2207
f 2217 2215 2205
f 2217 2213 2216
f 2203 2206 2209
f 2206 2217 2209
f 2256 2261 2260
f 2252 2261 2256
f 2250 2256 2260
f 2250 2251 2253
f 2248 2251 2250
f 2250 2253 2256
f 2255 2254 2257
f 2203 2239 2219
f 2255 2257 2211
f 2244 2255 2210
f 2282 2255 2244
f 2219 2211 2208
f 2269 2262 2268
f 2214 2206 2219
f 2214 2217 2206
f 2246 2247 2259
f 2258 2257 2259
f 2241 2282 2280
f 2254 2255 2282
f 2219 2206 2203
f 2258 2259 2250
f 2214 2212 2260
f 2260 2213 2214
f 2259 2247 2250
f 2250 2247 2248
f 2219 2208 2214
f 2217 2214 2213
f 2269 2246 2254
f 2246 2259 2254
f 2262 2269 2254
f 2268 2246 2269
f 2143 2166 2167
f 2167 2168 2143
f 2143 2168 2142
f 2134 2175 2176
f 2176 2133 2134
f 2132 2178 2131
f 2177 2178 2132
f 2168 2141 2142
f 2175 2135 2174
f 2134 2135 2175
f 2136 2137 2172
f 2136 2172 2173
f 2131 2178 2145
f 2144 2131 2145
f 2177 2133 2176
f 2177 2132 2133
f 2174 2135 2173
f 2137 2138 2171
f 2169 2141 2168
f 2140 2141 2169
f 2169 2139 2140
f 2170 2139 2169
f 2171 2138 2170
f 2138 2139 2170
f 2718 2715 2712
f 2692 2691 2730
f 2730 2691 2322
f 2352 2702 2351
f 2717 2712 2716
f 2584 2301 2302
f 2302 2301 2299
f 2299 2301 2298
f 2295 2516 2503
f 2691 2692 2708
f 2321 2322 2691
f 2352 2354 2702
f 2358 2698 2356
f 2513 2583 2514
f 2717 2562 2563
f 2283 2716 2712
f 2397 2395 2396
f 2398 2692 2730
f 2730 2679 2398
f 2682 2679 2676
f 2682 2397 2398
f 2680 2676 2673
f 2560 2563 2562
f 2710 2711 2305
f 2300 2298 2301
f 2516 2587 2503
f 2587 2586 2598
f 2598 2586 2597
f 2565 2566 2285
f 2285 2566 2286
f 2286 2566 2562
f 2314 2315 2439
f 2308 2315 2709
f 2316 2709 2314
f 2709 2315 2314
f 2349 2347 2348
f 2726 2725 2500
f 2500 2723 2726
f 2637 2636 2635
f 2400 2708 2692
f 2692 2398 2400
f 2372 2370 2374
f 2368 2401 2402
f 2402 2401 2366
f 2285 2283 2404
f 2356 2698 2699
f 2699 2355 2356
f 2517 2301 2584
f 2517 2300 2301
f 2549 2553 2552
f 2564 2565 2567
f 2286 2717 2716
f 2716 2283 2286
f 2286 2562 2717
f 2681 2680 2395
f 2395 2397 2681
f 2397 2682 2681
f 2681 2682 2676
f 2597 2586 2596
f 2375 2686 2584
f 2305 2296 2710
f 2590 2604 2677
f 2712 2728 2727
f 2587 2516 2686
f 2587 2598 2504
f 2516 2296 2297
f 2297 2300 2516
f 2298 2300 2297
f 2298 2297 2296
f 2516 2295 2296
f 2307 2439 2315
f 2702 2699 2698
f 2351 2702 2623
f 2721 2650 2724
f 2664 2662 2334
f 2654 2339 2342
f 2339 2343 2342
f 2635 2639 2638
f 2347 2349 2350
f 2718 2319 2435
f 2718 2435 2475
f 2722 2723 2502
f 2502 2488 2722
f 2488 2712 2722
f 2649 2650 2721
f 2636 2637 2491
f 2491 2487 2636
f 2398 2397 2396
f 2323 2325 2324
f 2324 2321 2323
f 2322 2321 2324
f 2669 2670 2667
f 2671 2670 2328
f 2331 2662 2672
f 2672 2332 2331
f 2354 2352 2353
f 2369 2401 2368
f 2367 2371 2369
f 2370 2372 2373
f 2367 2402 2366
f 2367 2369 2368
f 2368 2402 2367
f 2707 2695 2401
f 2285 2404 2284
f 2284 2568 2567
f 2284 2565 2285
f 2567 2565 2284
f 2283 2712 2715
f 2360 2363 2361
f 2363 2362 2361
f 2361 2362 2693
f 2361 2694 2360
f 2693 2694 2361
f 2698 2358 2359
f 2359 2694 2698
f 2355 2699 2357
f 2700 2699 2702
f 2353 2357 2700
f 2700 2357 2699
f 2702 2354 2700
f 2354 2353 2700
f 2580 2553 2581
f 2580 2552 2553
f 2580 2581 2571
f 2566 2565 2564
f 2583 2513 2582
f 2582 2696 2583
f 2574 2696 2582
f 2582 2506 2574
f 2584 2696 2707
f 2285 2286 2283
f 2365 2404 2283
f 2680 2681 2676
f 2679 2682 2398
f 2341 2686 2375
f 2687 2387 2690
f 2683 2381 2685
f 2601 2602 2600
f 2602 2677 2600
f 2679 2600 2677
f 2678 2679 2677
f 2295 2505 2292
f 2292 2505 2424
f 2526 2604 2590
f 2584 2686 2516
f 2587 2686 2586
f 2505 2504 2598
f 2296 2295 2291
f 2464 2618 2619
f 2713 2709 2319
f 2308 2307 2315
f 2308 2306 2307
f 2730 2322 2661
f 2667 2664 2668
f 2323 2326 2328
f 2326 2331 2332
f 2638 2637 2635
f 2635 2640 2639
f 2641 2640 2635
f 2344 2343 2345
f 2345 2350 2346
f 2658 2349 2348
f 2630 2655 2629
f 2629 2494 2630
f 2494 2497 2630
f 2488 2497 2494
f 2647 2497 2498
f 2498 2648 2647
f 2499 2648 2498
f 2497 2488 2498
f 2488 2502 2500
f 2500 2502 2723
f 2398 2396 2399
f 2399 2400 2398
f 2333 2332 2672
f 2672 2671 2333
f 2333 2326 2332
f 2670 2671 2667
f 2334 2662 2330
f 2662 2331 2330
f 2330 2326 2334
f 2331 2326 2330
f 2355 2358 2356
f 2355 2359 2358
f 2360 2359 2355
f 2568 2284 2403
f 2403 2284 2404
f 2366 2401 2403
f 2401 2695 2403
f 2695 2572 2403
f 2718 2714 2290
f 2715 2718 2290
f 2290 2283 2715
f 2694 2359 2360
f 2355 2357 2353
f 2300 2517 2516
f 2517 2584 2516
f 2552 2580 2579
f 2564 2562 2566
f 2512 2417 2410
f 2506 2582 2509
f 2704 2372 2374
f 2586 2595 2596
f 2586 2686 2678
f 2673 2388 2393
f 2680 2673 2393
f 2393 2388 2390
f 2393 2390 2396
f 2684 2686 2675
f 2675 2686 2341
f 2676 2687 2690
f 2676 2678 2686
f 2539 2424 2505
f 2295 2292 2291
f 2419 2539 2423
f 2419 2292 2424
f 2424 2539 2419
f 2295 2503 2505
f 2541 2711 2710
f 2604 2526 2527
f 2527 2526 2536
f 2314 2439 2656
f 2611 2619 2609
f 2609 2619 2618
f 2465 2618 2464
f 2461 2459 2434
f 2452 2612 2451
f 2450 2612 2613
f 2436 2450 2613
f 2613 2449 2436
f 2623 2364 2609
f 2609 2364 2607
f 2607 2608 2609
f 2607 2479 2608
f 2364 2365 2405
f 2609 2616 2615
f 2615 2616 2469
f 2438 2308 2709
f 2661 2669 2667
f 2653 2667 2668
f 2327 2323 2328
f 2325 2323 2327
f 2327 2669 2325
f 2328 2670 2327
f 2670 2669 2327
f 2334 2326 2335
f 2335 2664 2334
f 2336 2326 2340
f 2668 2336 2340
f 2340 2653 2668
f 2663 2651 2655
f 2635 2636 2634
f 2634 2632 2635
f 2636 2487 2634
f 2343 2344 2666
f 2493 2637 2638
f 2638 2438 2493
f 2307 2306 2441
f 2638 2639 2489
f 2501 2724 2650
f 2501 2499 2500
f 2501 2500 2725
f 2725 2724 2501
f 2631 2497 2647
f 2631 2630 2497
f 2649 2648 2499
f 2647 2648 2649
f 2499 2498 2500
f 2663 2655 2649
f 2438 2709 2713
f 2329 2671 2328
f 2329 2333 2671
f 2328 2326 2329
f 2326 2333 2329
f 2667 2671 2672
f 2366 2403 2404
f 2366 2404 2365
f 2706 2370 2373
f 2706 2367 2370
f 2707 2371 2706
f 2371 2367 2706
f 2703 2707 2706
f 2289 2290 2714
f 2289 2288 2290
f 2515 2584 2303
f 2298 2296 2305
f 2584 2302 2303
f 2578 2571 2581
f 2574 2506 2546
f 2551 2579 2574
f 2513 2512 2511
f 2511 2582 2513
f 2511 2509 2582
f 2511 2512 2410
f 2369 2371 2401
f 2401 2371 2707
f 2704 2375 2584
f 2704 2374 2375
f 2704 2584 2703
f 2705 2373 2372
f 2372 2704 2705
f 2705 2704 2703
f 2705 2706 2373
f 2703 2706 2705
f 2585 2515 2514
f 2392 2689 2690
f 2395 2680 2394
f 2680 2393 2394
f 2396 2395 2394
f 2394 2393 2396
f 2676 2689 2674
f 2674 2388 2673
f 2673 2676 2674
f 2376 2378 2684
f 2684 2675 2376
f 2341 2378 2376
f 2379 2683 2684
f 2684 2378 2379
f 2384 2687 2688
f 2688 2383 2384
f 2387 2687 2384
f 2380 2685 2381
f 2382 2383 2688
f 2688 2685 2382
f 2685 2380 2382
f 2690 2689 2676
f 2676 2685 2688
f 2688 2687 2676
f 2676 2686 2685
f 2676 2679 2678
f 2685 2686 2684
f 2683 2685 2684
f 2588 2677 2604
f 2421 2420 2423
f 2292 2419 2293
f 2293 2291 2292
f 2293 2419 2423
f 2296 2422 2540
f 2422 2421 2540
f 2520 2712 2711
f 2590 2677 2589
f 2538 2526 2590
f 2590 2589 2538
f 2538 2589 2524
f 2603 2677 2602
f 2601 2600 2522
f 2600 2679 2522
f 2679 2720 2522
f 2628 2656 2439
f 2641 2656 2628
f 2317 2314 2656
f 2618 2620 2627
f 2627 2609 2618
f 2310 2320 2318
f 2709 2318 2319
f 2430 2461 2427
f 2434 2459 2458
f 2618 2465 2458
f 2626 2621 2463
f 2459 2461 2460
f 2460 2620 2618
f 2618 2458 2460
f 2460 2458 2459
f 2609 2613 2612
f 2466 2469 2616
f 2322 2324 2660
f 2660 2661 2322
f 2660 2324 2325
f 2325 2669 2660
f 2669 2661 2660
f 2337 2326 2336
f 2337 2335 2326
f 2337 2336 2668
f 2337 2668 2664
f 2664 2335 2337
f 2338 2326 2339
f 2338 2340 2326
f 2653 2340 2338
f 2338 2339 2654
f 2654 2653 2338
f 2635 2632 2651
f 2666 2342 2343
f 2654 2342 2666
f 2667 2653 2654
f 2665 2344 2345
f 2665 2666 2344
f 2345 2346 2665
f 2450 2436 2451
f 2451 2612 2450
f 2447 2426 2444
f 2464 2619 2454
f 2454 2619 2611
f 2433 2465 2464
f 2434 2458 2433
f 2433 2458 2465
f 2487 2491 2492
f 2307 2441 2439
f 2638 2489 2438
f 2495 2494 2629
f 2655 2630 2631
f 2649 2655 2631
f 2647 2649 2631
f 2488 2500 2498
f 2646 2501 2650
f 2650 2649 2646
f 2499 2501 2646
f 2646 2649 2499
f 2721 2663 2649
f 2663 2721 2661
f 2348 2347 2697
f 2655 2495 2629
f 2652 2495 2655
f 2651 2642 2652
f 2652 2655 2651
f 2652 2642 2496
f 2496 2495 2652
f 2488 2495 2496
f 2663 2661 2667
f 2662 2664 2667
f 2576 2575 2572
f 2573 2575 2557
f 2560 2561 2573
f 2569 2403 2572
f 2569 2568 2403
f 2567 2568 2569
f 2569 2564 2567
f 2569 2561 2564
f 2572 2573 2569
f 2569 2573 2561
f 2290 2288 2405
f 2287 2607 2364
f 2364 2405 2287
f 2405 2288 2287
f 2290 2405 2365
f 2290 2365 2283
f 2417 2303 2305
f 2299 2298 2304
f 2298 2305 2304
f 2304 2302 2299
f 2304 2303 2302
f 2305 2303 2304
f 2574 2579 2696
f 2552 2579 2549
f 2579 2551 2549
f 2509 2511 2510
f 2506 2509 2510
f 2515 2585 2584
f 2514 2583 2696
f 2696 2585 2514
f 2584 2585 2696
f 2391 2392 2390
f 2689 2392 2391
f 2391 2674 2689
f 2690 2387 2386
f 2386 2392 2690
f 2341 2376 2675
f 2377 2381 2683
f 2683 2379 2377
f 2377 2378 2341
f 2377 2379 2378
f 2383 2382 2380
f 2564 2561 2560
f 2560 2573 2557
f 2571 2578 2577
f 2558 2575 2576
f 2506 2510 2507
f 2604 2527 2588
f 2527 2605 2588
f 2678 2677 2591
f 2420 2421 2422
f 2539 2421 2423
f 2423 2420 2294
f 2294 2293 2423
f 2291 2293 2294
f 2540 2539 2518
f 2520 2728 2712
f 2623 2624 2317
f 2610 2612 2452
f 2611 2609 2610
f 2627 2624 2623
f 2623 2609 2627
f 2621 2626 2622
f 2620 2621 2622
f 2622 2627 2620
f 2312 2709 2316
f 2312 2318 2709
f 2312 2310 2318
f 2309 2320 2311
f 2320 2310 2311
f 2461 2430 2457
f 2457 2463 2461
f 2309 2457 2430
f 2317 2457 2309
f 2462 2463 2621
f 2461 2463 2462
f 2462 2621 2620
f 2620 2460 2462
f 2462 2460 2461
f 2626 2463 2625
f 2318 2320 2319
f 2702 2694 2693
f 2363 2364 2701
f 2701 2362 2363
f 2623 2702 2701
f 2693 2362 2701
f 2701 2702 2693
f 2617 2609 2608
f 2616 2609 2617
f 2623 2701 2364
f 2473 2617 2608
f 2615 2469 2467
f 2467 2448 2615
f 2472 2466 2616
f 2616 2617 2472
f 2472 2617 2470
f 2317 2656 2697
f 2486 2634 2487
f 2484 2488 2483
f 2634 2486 2633
f 2633 2486 2485
f 2632 2634 2633
f 2641 2635 2656
f 2654 2666 2667
f 2346 2350 2659
f 2659 2665 2346
f 2349 2658 2659
f 2659 2350 2349
f 2436 2449 2468
f 2468 2475 2435
f 2456 2455 2611
f 2611 2610 2456
f 2456 2610 2446
f 2464 2442 2429
f 2492 2491 2637
f 2637 2493 2492
f 2641 2628 2476
f 2347 2351 2697
f 2488 2496 2482
f 2482 2496 2642
f 2713 2488 2438
f 2713 2712 2488
f 2672 2662 2667
f 2572 2577 2576
f 2571 2577 2572
f 2575 2573 2572
f 2417 2411 2303
f 2512 2411 2417
f 2571 2572 2707
f 2571 2707 2570
f 2707 2696 2570
f 2574 2546 2550
f 2550 2551 2574
f 2584 2707 2703
f 2388 2674 2389
f 2674 2391 2389
f 2389 2390 2388
f 2389 2391 2390
f 2387 2384 2383
f 2560 2562 2564
f 2555 2553 2549
f 2581 2553 2555
f 2554 2578 2581
f 2581 2555 2554
f 2544 2406 2576
f 2576 2577 2544
f 2406 2558 2576
f 2557 2575 2559
f 2575 2558 2559
f 2588 2591 2677
f 2539 2540 2421
f 2422 2294 2420
f 2291 2294 2422
f 2296 2291 2422
f 2504 2505 2503
f 2587 2504 2503
f 2710 2296 2540
f 2599 2593 2586
f 2586 2678 2599
f 2536 2605 2527
f 2536 2528 2605
f 2605 2528 2606
f 2606 2588 2605
f 2591 2588 2606
f 2535 2729 2728
f 2526 2538 2536
f 2455 2456 2446
f 2612 2610 2609
f 2627 2622 2626
f 2624 2627 2626
f 2626 2625 2624
f 2314 2317 2316
f 2311 2316 2317
f 2309 2311 2317
f 2427 2461 2434
f 2427 2309 2430
f 2624 2625 2457
f 2457 2625 2463
f 2457 2317 2624
f 2309 2319 2320
f 2434 2433 2427
f 2698 2694 2702
f 2614 2448 2468
f 2615 2448 2614
f 2468 2449 2614
f 2614 2609 2615
f 2449 2613 2614
f 2613 2609 2614
f 2475 2714 2718
f 2475 2289 2714
f 2617 2473 2470
f 2608 2479 2474
f 2468 2448 2467
f 2485 2484 2645
f 2645 2633 2485
f 2645 2651 2632
f 2632 2633 2645
f 2635 2663 2656
f 2657 2659 2658
f 2657 2658 2348
f 2348 2697 2657
f 2663 2666 2657
f 2665 2659 2657
f 2657 2666 2665
f 2468 2467 2475
f 2466 2467 2469
f 2466 2472 2470
f 2464 2454 2455
f 2455 2442 2464
f 2464 2429 2431
f 2488 2486 2487
f 2488 2484 2485
f 2485 2486 2488
f 2440 2441 2306
f 2306 2308 2440
f 2440 2437 2441
f 2440 2308 2438
f 2438 2437 2440
f 2439 2476 2628
f 2494 2495 2488
f 2488 2482 2483
f 2695 2707 2572
f 2547 2305 2563
f 2515 2303 2411
f 2515 2411 2512
f 2515 2513 2514
f 2515 2512 2513
f 2570 2580 2571
f 2570 2579 2580
f 2570 2696 2579
f 2550 2549 2551
f 2506 2507 2546
f 2377 2380 2381
f 2385 2386 2387
f 2387 2383 2385
f 2390 2392 2385
f 2392 2386 2385
f 2547 2555 2549
f 2543 2577 2578
f 2556 2555 2547
f 2556 2554 2555
f 2559 2560 2557
f 2406 2559 2558
f 2413 2511 2410
f 2413 2510 2511
f 2518 2539 2505
f 2518 2505 2418
f 2505 2598 2418
f 2418 2598 2597
f 2597 2596 2532
f 2594 2595 2586
f 2586 2593 2594
f 2593 2531 2594
f 2534 2540 2595
f 2595 2594 2534
f 2534 2594 2531
f 2593 2599 2530
f 2591 2599 2678
f 2541 2520 2711
f 2541 2519 2520
f 2520 2535 2728
f 2536 2524 2520
f 2524 2536 2538
f 2453 2447 2444
f 2444 2446 2453
f 2453 2446 2445
f 2451 2445 2452
f 2445 2610 2452
f 2446 2610 2445
f 2313 2312 2316
f 2313 2316 2311
f 2310 2312 2313
f 2313 2311 2310
f 2470 2473 2474
f 2470 2474 2475
f 2475 2474 2471
f 2478 2287 2288
f 2478 2474 2479
f 2471 2474 2478
f 2288 2289 2481
f 2481 2471 2288
f 2289 2475 2481
f 2475 2471 2481
f 2475 2467 2470
f 2656 2663 2697
f 2623 2697 2351
f 2317 2697 2623
f 2651 2645 2644
f 2644 2484 2483
f 2644 2645 2484
f 2635 2651 2663
f 2667 2666 2663
f 2467 2466 2470
f 2455 2446 2442
f 2455 2454 2611
f 2443 2429 2442
f 2444 2426 2443
f 2443 2446 2444
f 2446 2443 2442
f 2436 2468 2435
f 2426 2447 2428
f 2428 2443 2426
f 2429 2443 2432
f 2443 2428 2432
f 2453 2436 2425
f 2425 2447 2453
f 2642 2651 2643
f 2643 2644 2483
f 2651 2644 2643
f 2483 2482 2643
f 2643 2482 2642
f 2547 2407 2305
f 2508 2546 2507
f 2545 2546 2508
f 2507 2412 2508
f 2549 2550 2546
f 2416 2412 2407
f 2407 2412 2417
f 2547 2548 2407
f 2578 2554 2556
f 2556 2543 2578
f 2577 2543 2542
f 2410 2417 2409
f 2409 2413 2410
f 2409 2412 2507
f 2417 2412 2409
f 2409 2507 2510
f 2510 2413 2409
f 2518 2418 2597
f 2597 2532 2518
f 2541 2531 2593
f 2593 2530 2541
f 2540 2534 2541
f 2541 2534 2531
f 2592 2530 2599
f 2599 2591 2592
f 2519 2606 2528
f 2528 2536 2519
f 2529 2592 2591
f 2530 2592 2529
f 2591 2606 2529
f 2606 2519 2529
f 2540 2541 2710
f 2536 2520 2519
f 2525 2603 2602
f 2451 2453 2445
f 2451 2436 2453
f 2471 2478 2288
f 2479 2607 2480
f 2480 2478 2479
f 2607 2287 2480
f 2287 2478 2480
f 2490 2489 2639
f 2490 2438 2489
f 2437 2438 2490
f 2639 2640 2490
f 2431 2427 2433
f 2431 2433 2464
f 2437 2490 2640
f 2438 2492 2493
f 2487 2492 2488
f 2492 2438 2488
f 2415 2412 2416
f 2415 2508 2412
f 2548 2547 2549
f 2556 2547 2542
f 2556 2542 2543
f 2547 2560 2406
f 2560 2559 2406
f 2542 2544 2577
f 2542 2406 2544
f 2533 2518 2532
f 2533 2532 2596
f 2540 2518 2533
f 2596 2595 2533
f 2595 2540 2533
f 2530 2529 2541
f 2719 2729 2537
f 2537 2720 2719
f 2537 2522 2720
f 2729 2535 2537
f 2535 2520 2537
f 2601 2522 2521
f 2522 2537 2521
f 2521 2537 2525
f 2521 2602 2601
f 2521 2525 2602
f 2435 2427 2431
f 2432 2431 2429
f 2432 2428 2447
f 2432 2447 2425
f 2425 2431 2432
f 2436 2431 2425
f 2435 2431 2436
f 2474 2473 2608
f 2657 2697 2663
f 2477 2640 2641
f 2477 2437 2640
f 2641 2476 2477
f 2441 2437 2439
f 2408 2546 2545
f 2416 2407 2408
f 2546 2408 2548
f 2548 2408 2407
f 2549 2546 2548
f 2563 2560 2547
f 2541 2529 2519
f 2537 2520 2524
f 2437 2477 2439
f 2439 2477 2476
f 2305 2407 2417
f 2545 2508 2414
f 2414 2408 2545
f 2508 2415 2414
f 2414 2415 2416
f 2677 2603 2523
f 2603 2525 2523
f 2523 2589 2677
f 2524 2589 2523
f 2525 2537 2524
f 2524 2523 2525
f 2408 2414 2416
f 2542 2547 2406
f 2309 2427 2319
f 2427 2435 2319
f 2713 2718 2712
f 2713 2319 2718
f 2563 2305 2711
f 2712 2563 2711
f 2717 2563 2712
f 2727 2729 2719
f 2727 2721 2724
f 2727 2722 2712
f 2727 2725 2726
f 2727 2723 2722
f 2726 2723 2727
f 2728 2729 2727
f 2727 2720 2679
f 2727 2724 2725
f 2661 2721 2727
f 2727 2679 2730
f 2727 2730 2661
f 2719 2720 2727
f 2339 2326 2385
f 2385 2364 2363
f 2396 2390 2385
f 2351 2347 2385
f 2323 2321 2385
f 2385 2350 2345
f 2374 2370 2385
f 2385 2341 2375
f 2691 2708 2385
f 2385 2321 2691
f 2400 2399 2385
f 2385 2375 2374
f 2345 2343 2385
f 2385 2343 2339
f 2708 2400 2385
f 2385 2352 2351
f 2370 2367 2385
f 2347 2350 2385
f 2385 2353 2352
f 2363 2360 2385
f 2385 2366 2365
f 2385 2367 2366
f 2326 2323 2385
f 2385 2399 2396
f 2360 2355 2385
f 2385 2355 2353
f 2385 2377 2341
f 2365 2364 2385
f 2380 2377 2385
f 2385 2383 2380
f 2954 2748 2741
f 2915 2954 2798
f 2905 2954 2915
f 2785 2731 2784
f 2943 2932 2883
f 2916 2915 2914
f 2867 2934 2866
f 2832 2756 2823
f 2757 2756 2832
f 2794 2739 2740
f 2751 2747 2790
f 2735 2825 2834
f 2905 2915 2847
f 2847 2915 2916
f 2934 2933 2938
f 2938 2866 2934
f 2877 2943 2884
f 2884 2844 2877
f 2883 2870 2884
f 2888 2851 2850
f 2850 2881 2876
f 2876 2881 2872
f 2885 2851 2888
f 2871 2872 2882
f 2871 2930 2895
f 2766 2952 2799
f 2881 2852 2877
f 2775 2776 2808
f 2798 2954 2741
f 2749 2748 2782
f 2856 2854 2859
f 2947 2864 2946
f 2867 2866 2845
f 2908 2856 2859
f 2756 2833 2823
f 2831 2757 2832
f 2758 2746 2787
f 2787 2746 2785
f 2731 2785 2745
f 2785 2746 2745
f 2784 2731 2732
f 2732 2783 2784
f 2733 2783 2732
f 2827 2761 2760
f 2822 2754 2765
f 2751 2790 2796
f 2792 2747 2739
f 2792 2739 2794
f 2779 2742 2750
f 2744 2783 2733
f 2791 2740 2749
f 2749 2781 2791
f 2820 2819 2754
f 2818 2819 2820
f 2876 2890 2889
f 2888 2850 2889
f 2868 2932 2936
f 2883 2884 2943
f 2880 2879 2839
f 2879 2838 2839
f 2893 2890 2876
f 2876 2872 2893
f 2887 2852 2886
f 2887 2943 2877
f 2877 2852 2887
f 2886 2885 2887
f 2851 2885 2878
f 2852 2881 2878
f 2886 2852 2878
f 2878 2885 2886
f 2874 2871 2895
f 2872 2871 2874
f 2816 2798 2817
f 2741 2953 2817
f 2817 2798 2741
f 2808 2814 2809
f 2916 2914 2812
f 2812 2811 2916
f 2812 2915 2798
f 2812 2914 2915
f 2771 2777 2772
f 2772 2769 2771
f 2749 2782 2781
f 2748 2953 2741
f 2855 2854 2853
f 2861 2864 2947
f 2768 2861 2860
f 2868 2867 2845
f 2768 2860 2857
f 2909 2908 2859
f 2859 2768 2858
f 2858 2909 2859
f 2858 2857 2906
f 2768 2857 2858
f 2868 2845 2869
f 2869 2845 2870
f 2869 2870 2883
f 2869 2932 2868
f 2883 2932 2869
f 2734 2833 2756
f 2734 2835 2833
f 2734 2735 2834
f 2823 2831 2832
f 2797 2785 2784
f 2797 2787 2785
f 2786 2787 2797
f 2827 2760 2737
f 2737 2826 2827
f 2763 2829 2830
f 2828 2762 2761
f 2828 2761 2827
f 2763 2762 2828
f 2828 2829 2763
f 2828 2830 2829
f 2797 2830 2828
f 2751 2796 2789
f 2789 2750 2751
f 2779 2750 2789
f 2794 2740 2793
f 2818 2736 2755
f 2754 2819 2755
f 2755 2819 2818
f 2780 2736 2818
f 2875 2850 2876
f 2876 2889 2875
f 2875 2889 2850
f 2895 2896 2951
f 2933 2934 2867
f 2837 2838 2879
f 2838 2837 2804
f 2879 2807 2804
f 2804 2837 2879
f 2838 2836 2842
f 2840 2839 2842
f 2842 2839 2838
f 2842 2841 2840
f 2799 2841 2842
f 2881 2850 2851
f 2872 2881 2882
f 2894 2951 2890
f 2890 2893 2894
f 2895 2951 2894
f 2894 2893 2872
f 2894 2874 2895
f 2872 2874 2894
f 2888 2889 2945
f 2945 2889 2890
f 2873 2871 2882
f 2873 2879 2880
f 2873 2882 2879
f 2928 2873 2880
f 2879 2882 2807
f 2877 2844 2881
f 2808 2809 2775
f 2774 2809 2816
f 2774 2769 2772
f 2816 2769 2774
f 2775 2809 2773
f 2773 2777 2775
f 2773 2774 2772
f 2809 2774 2773
f 2776 2775 2777
f 2776 2854 2855
f 2813 2814 2808
f 2808 2776 2813
f 2813 2919 2814
f 2815 2810 2811
f 2814 2810 2815
f 2815 2809 2814
f 2816 2809 2815
f 2816 2817 2770
f 2817 2771 2770
f 2770 2769 2816
f 2770 2771 2769
f 2953 2771 2817
f 2859 2854 2768
f 2920 2810 2814
f 2814 2919 2920
f 2904 2946 2864
f 2864 2768 2904
f 2864 2861 2768
f 2908 2909 2907
f 2844 2884 2870
f 2753 2948 2952
f 2901 2925 2840
f 2826 2737 2738
f 2786 2826 2738
f 2763 2830 2764
f 2764 2830 2765
f 2822 2765 2821
f 2765 2830 2821
f 2821 2830 2797
f 2797 2828 2827
f 2778 2743 2742
f 2778 2742 2779
f 2793 2791 2781
f 2740 2791 2793
f 2795 2792 2794
f 2818 2820 2780
f 2902 2861 2947
f 2860 2861 2902
f 2947 2946 2907
f 2907 2902 2947
f 2936 2933 2935
f 2935 2933 2867
f 2868 2936 2935
f 2935 2867 2868
f 2805 2836 2838
f 2838 2804 2805
f 2766 2799 2800
f 2799 2842 2800
f 2800 2807 2766
f 2945 2885 2888
f 2945 2887 2885
f 2925 2923 2849
f 2840 2925 2849
f 2849 2839 2840
f 2849 2927 2839
f 2927 2923 2926
f 2927 2849 2923
f 2926 2896 2922
f 2922 2896 2895
f 2895 2921 2922
f 2927 2928 2880
f 2895 2930 2929
f 2929 2921 2895
f 2930 2871 2929
f 2873 2928 2929
f 2871 2873 2929
f 2777 2773 2772
f 2777 2768 2776
f 2855 2918 2776
f 2919 2813 2918
f 2811 2812 2815
f 2815 2812 2798
f 2815 2798 2816
f 2854 2776 2768
f 2918 2920 2919
f 2811 2810 2917
f 2810 2920 2917
f 2916 2811 2917
f 2917 2920 2918
f 2917 2847 2916
f 2918 2847 2917
f 2863 2845 2866
f 2866 2938 2863
f 2862 2904 2768
f 2768 2863 2862
f 2907 2858 2906
f 2909 2858 2907
f 2843 2753 2766
f 2757 2831 2753
f 2952 2949 2799
f 2799 2949 2841
f 2948 2949 2952
f 2891 2923 2925
f 2784 2783 2797
f 2758 2787 2759
f 2759 2787 2786
f 2786 2738 2759
f 2788 2778 2779
f 2783 2744 2788
f 2744 2743 2788
f 2743 2778 2788
f 2788 2797 2783
f 2795 2796 2790
f 2795 2790 2747
f 2747 2792 2795
f 2820 2754 2822
f 2822 2821 2820
f 2735 2736 2824
f 2736 2780 2824
f 2824 2780 2825
f 2825 2735 2824
f 2797 2780 2820
f 2943 2936 2932
f 2806 2842 2836
f 2806 2800 2842
f 2807 2800 2803
f 2804 2807 2803
f 2803 2805 2804
f 2890 2943 2945
f 2926 2922 2865
f 2865 2927 2926
f 2928 2927 2865
f 2865 2929 2928
f 2880 2839 2927
f 2845 2844 2870
f 2854 2856 2912
f 2912 2911 2854
f 2813 2776 2918
f 2845 2863 2768
f 2942 2933 2936
f 2904 2862 2940
f 2913 2907 2918
f 2843 2766 2807
f 2753 2831 2948
f 2841 2949 2950
f 2951 2823 2944
f 2831 2823 2951
f 2897 2896 2926
f 2897 2891 2896
f 2926 2923 2897
f 2923 2891 2897
f 2827 2826 2797
f 2797 2826 2786
f 2796 2788 2779
f 2779 2789 2796
f 2796 2795 2793
f 2793 2795 2794
f 2835 2734 2834
f 2834 2825 2835
f 2825 2780 2835
f 2951 2943 2890
f 2931 2936 2943
f 2800 2806 2801
f 2801 2803 2800
f 2801 2806 2836
f 2836 2805 2801
f 2805 2803 2801
f 2851 2878 2881
f 2887 2945 2943
f 2865 2922 2921
f 2921 2929 2865
f 2777 2771 2953
f 2856 2908 2913
f 2913 2912 2856
f 2911 2912 2913
f 2835 2823 2833
f 2848 2898 2840
f 2840 2841 2848
f 2841 2950 2848
f 2924 2901 2840
f 2840 2898 2924
f 2925 2901 2924
f 2896 2891 2846
f 2892 2924 2900
f 2892 2846 2891
f 2892 2891 2925
f 2925 2924 2892
f 2788 2796 2797
f 2918 2907 2847
f 2797 2820 2821
f 2931 2847 2907
f 2903 2907 2906
f 2906 2857 2903
f 2903 2857 2860
f 2860 2902 2903
f 2902 2907 2903
f 2931 2907 2936
f 2855 2853 2910
f 2910 2918 2855
f 2910 2853 2854
f 2854 2911 2910
f 2767 2802 2768
f 2768 2802 2844
f 2802 2753 2844
f 2946 2904 2941
f 2904 2940 2941
f 2937 2938 2933
f 2937 2863 2938
f 2942 2941 2940
f 2942 2940 2862
f 2908 2907 2913
f 2780 2931 2823
f 2835 2780 2823
f 2948 2831 2846
f 2896 2846 2951
f 2944 2823 2943
f 2943 2951 2944
f 2881 2807 2882
f 2843 2807 2881
f 2844 2845 2768
f 2941 2907 2946
f 2939 2862 2863
f 2939 2942 2862
f 2863 2937 2939
f 2939 2937 2933
f 2933 2942 2939
f 2843 2844 2753
f 2899 2848 2950
f 2899 2950 2949
f 2949 2948 2899
f 2948 2846 2899
f 2846 2892 2899
f 2899 2892 2900
f 2900 2924 2899
f 2924 2898 2899
f 2936 2907 2942
f 2907 2941 2942
f 2913 2918 2910
f 2913 2910 2911
f 2848 2899 2898
f 2793 2797 2796
f 2843 2881 2844
f 2846 2831 2951
f 2823 2931 2943
f 2782 2748 2954
f 2782 2954 2905
f 2753 2952 2766
f 2777 2748 2767
f 2953 2748 2777
f 2931 2780 2797
f 2931 2797 2793
f 2767 2768 2777
f 2749 2740 2752
f 2742 2743 2752
f 2752 2760 2761
f 2731 2745 2752
f 2752 2748 2749
f 2761 2762 2752
f 2752 2746 2758
f 2752 2747 2751
f 2752 2744 2733
f 2756 2757 2752
f 2752 2734 2756
f 2751 2750 2752
f 2752 2732 2731
f 2752 2765 2754
f 2739 2747 2752
f 2752 2740 2739
f 2758 2759 2752
f 2757 2753 2752
f 2752 2745 2746
f 2733 2732 2752
f 2752 2762 2763
f 2752 2750 2742
f 2752 2753 2802
f 2752 2736 2735
f 2754 2755 2752
f 2767 2748 2752
f 2763 2764 2752
f 2735 2734 2752
f 2752 2737 2760
f 2752 2743 2744
f 2752 2755 2736
f 2752 2738 2737
f 2752 2764 2765
f 2752 2759 2738
f 2767 2752 2802
f 2847 2793 2781
f 2847 2782 2905
f 2847 2781 2782
f 2931 2793 2847
f 2987 3103 2986
f 3102 2972 2979
f 3071 3094 2982
f 2983 2982 2966
f 2991 3016 2992
f 3025 3026 2991
f 2991 2990 3025
f 3025 2990 3024
f 2991 3026 3019
f 3077 2975 2971
f 2973 2968 2970
f 2970 2975 2973
f 2970 2971 2975
f 2978 2974 3098
f 2974 2978 2957
f 2955 2968 2973
f 2973 2974 2955
f 3096 2975 3077
f 2973 2975 3096
f 2964 2980 2983
f 2972 2980 2981
f 2981 2979 2972
f 2980 2964 2981
f 2988 2982 3094
f 3091 2982 2983
f 2983 2980 3091
f 2967 2966 2982
f 2982 2988 2967
f 2967 2988 2987
f 2987 2986 2967
f 2967 2986 2990
f 3072 2978 3098
f 3026 3025 3063
f 3015 3016 2991
f 2991 3019 3015
f 3014 3013 3008
f 3004 2970 2968
f 2997 2996 3005
f 3095 3103 2987
f 3094 3103 3095
f 2987 2988 3095
f 3095 2988 3094
f 3092 3089 2985
f 2990 2986 2985
f 2958 2978 2959
f 2974 2957 2956
f 2958 2957 2978
f 2956 2955 2974
f 3096 3077 3097
f 3097 2974 2973
f 2973 3096 3097
f 2983 2966 2965
f 2979 2981 2963
f 2982 3091 3071
f 3090 2972 3102
f 3090 2980 2972
f 3090 3091 2980
f 3102 2979 3073
f 2978 3072 3099
f 3099 3100 2976
f 3072 3073 3099
f 2976 2979 2962
f 3045 3025 3024
f 2976 2961 2960
f 2971 2970 3003
f 2970 3004 3003
f 3011 3004 2969
f 2969 3004 2968
f 3011 3051 3012
f 3012 3004 3011
f 3012 3003 3004
f 2969 3002 3011
f 3089 3087 2984
f 2984 2990 3089
f 3008 3013 3060
f 2997 3005 2998
f 2997 2959 2977
f 2977 2959 2978
f 2977 2960 2997
f 2976 2960 2977
f 2977 3099 2976
f 2978 3099 2977
f 3098 2974 3075
f 2974 3097 3075
f 2965 2964 2983
f 2963 2981 2964
f 3091 3090 3071
f 3101 3073 2979
f 3101 2979 2976
f 2976 3100 3101
f 3100 3099 3101
f 3101 3099 3073
f 2963 2962 2979
f 3009 3014 3008
f 2976 2962 2961
f 2993 2992 3016
f 3016 3013 2993
f 3013 3014 2993
f 3014 2994 2993
f 3014 3009 2994
f 2990 2985 3089
f 3044 3015 3019
f 3006 2999 2998
f 2998 3005 3006
f 3000 2999 3006
f 3006 3005 3054
f 2996 2961 3007
f 3007 3005 2996
f 3007 3009 3057
f 3007 2961 2995
f 2995 3009 3007
f 3003 3012 2971
f 3052 3051 3011
f 3053 3006 3054
f 3103 3094 3071
f 3088 2985 2986
f 3088 3092 2985
f 2986 3103 3088
f 3103 3092 3088
f 3005 3007 3055
f 2990 3020 3022
f 3022 3023 2990
f 3075 3097 3077
f 2994 3009 2995
f 2990 3017 3020
f 3049 3020 3017
f 3017 3048 3049
f 3049 3022 3020
f 3049 3048 3042
f 3062 3019 3026
f 3062 3044 3019
f 3026 3063 3062
f 3063 3044 3062
f 3016 3015 3061
f 3061 3015 3027
f 3015 3044 3027
f 3027 3044 3063
f 3010 3001 3000
f 3000 3006 3010
f 3010 3002 3001
f 3011 3002 3010
f 3010 3052 3011
f 3029 3052 3010
f 3010 3053 3029
f 3006 3053 3010
f 3039 3012 3051
f 3039 2971 3012
f 3051 3052 3039
f 3029 3053 3054
f 3056 3007 3057
f 3056 3055 3007
f 3005 3055 3028
f 3054 3005 3028
f 2990 3023 3024
f 3017 2990 3018
f 3018 3048 3017
f 3050 3023 3022
f 3022 3049 3050
f 3064 2984 3105
f 3025 3045 3063
f 3024 3023 3047
f 3047 3046 3024
f 3046 3045 3024
f 3046 3063 3045
f 3016 3061 3059
f 3059 3013 3016
f 3059 3060 3013
f 3059 3061 3027
f 3105 2984 3087
f 3008 3060 3058
f 3058 3009 3008
f 3058 3033 3009
f 3033 3056 3057
f 3057 3009 3033
f 3042 3048 3021
f 3092 3103 3071
f 3037 3084 3040
f 3040 3031 3041
f 3080 2971 3076
f 3073 3090 3102
f 3073 3071 3090
f 2990 3064 3021
f 3023 3050 3042
f 2989 2984 3064
f 2989 3064 2990
f 2990 2984 2989
f 3046 3047 3042
f 3042 3047 3023
f 3036 3035 3081
f 3060 3059 3033
f 3033 3058 3060
f 3052 3029 3039
f 3055 3056 3028
f 3054 3028 3029
f 3035 3043 3046
f 3046 3068 3035
f 3027 3033 3059
f 3069 3064 3066
f 3087 3106 3065
f 3084 3085 3040
f 3029 3033 3041
f 3038 3035 3036
f 3098 3075 3072
f 3072 3071 3073
f 3080 3077 2971
f 3018 2990 3021
f 3048 3018 3021
f 3021 3064 3069
f 3042 3050 3049
f 3046 3043 3063
f 3065 3066 3087
f 3066 3065 3067
f 3089 3092 3087
f 3087 3066 3105
f 3104 3106 3068
f 3035 3038 3032
f 3079 3035 3034
f 3069 3065 3104
f 3028 3033 3029
f 3028 3056 3033
f 3066 3067 3069
f 3069 3067 3065
f 3042 3069 3046
f 3087 3092 3106
f 3071 3070 3092
f 3092 3086 3106
f 3040 3085 2971
f 3040 2971 3039
f 3085 3076 2971
f 3081 3078 3083
f 3021 3069 3042
f 3064 3105 3066
f 3034 3035 3068
f 3104 3068 3069
f 3106 3086 3078
f 3069 3068 3046
f 3081 3084 3036
f 3082 3084 3081
f 3082 3074 3084
f 3040 3039 3031
f 3039 3041 3031
f 3041 3039 3029
f 3041 3037 3040
f 3027 3030 3033
f 3030 3041 3033
f 3080 3085 3084
f 3076 3085 3080
f 3074 3080 3084
f 3074 3075 3077
f 3072 3075 3074
f 3074 3077 3080
f 3079 3078 3081
f 3027 3063 3043
f 3079 3081 3035
f 3068 3079 3034
f 3106 3079 3068
f 3043 3035 3032
f 3093 3086 3092
f 3038 3030 3043
f 3038 3041 3030
f 3070 3071 3083
f 3082 3081 3083
f 3065 3106 3104
f 3078 3079 3106
f 3043 3030 3027
f 3082 3083 3074
f 3038 3036 3084
f 3084 3037 3038
f 3083 3071 3074
f 3074 3071 3072
f 3043 3032 3038
f 3041 3038 3037
f 3093 3070 3078
f 3070 3083 3078
f 3086 3093 3078
f 3092 3070 3093
f 2967 2990 2991
f 2991 2992 2967
f 2967 2992 2966
f 2958 2999 3000
f 3000 2957 2958
f 2956 3002 2955
f 3001 3002 2956
f 2992 2965 2966
f 2999 2959 2998
f 2958 2959 2999
f 2960 2961 2996
f 2960 2996 2997
f 2955 3002 2969
f 2968 2955 2969
f 3001 2957 3000
f 3001 2956 2957
f 2998 2959 2997
f 2961 2962 2995
f 2993 2965 2992
f 2964 2965 2993
f 2993 2963 2964
f 2994 2963 2993
f 2995 2962 2994
f 2962 2963 2994
f 3542 3539 3536
f 3516 3515 3554
f 3554 3515 3146
f 3176 3526 3175
f 3541 3536 3540
f 3408 3125 3126
f 3126 3125 3123
f 3123 3125 3122
f 3119 3340 3327
f 3515 3516 3532
f 3145 3146 3515
f 3176 3178 3526
f 3182 3522 3180
f 3337 3407 3338
f 3541 3386 3387
f 3107 3540 3536
f 3221 3219 3220
f 3222 3516 3554
f 3554 3503 3222
f 3506 3503 3500
f 3506 3221 3222
f 3504 3500 3497
f 3384 3387 3386
f 3534 3535 3129
f 3124 3122 3125
f 3340 3411 3327
f 3411 3410 3422
f 3422 3410 3421
f 3389 3390 3109
f 3109 3390 3110
f 3110 3390 3386
f 3138 3139 3263
f 3132 3139 3533
f 3140 3533 3138
f 3533 3139 3138
f 3173 3171 3172
f 3550 3549 3324
f 3324 3547 3550
f 3461 3460 3459
f 3224 3532 3516
f 3516 3222 3224
f 3196 3194 3198
f 3192 3225 3226
f 3226 3225 3190
f 3109 3107 3228
f 3180 3522 3523
f 3523 3179 3180
f 3341 3125 3408
f 3341 3124 3125
f 3373 3377 3376
f 3388 3389 3391
f 3110 3541 3540
f 3540 3107 3110
f 3110 3386 3541
f 3505 3504 3219
f 3219 3221 3505
f 3221 3506 3505
f 3505 3506 3500
f 3421 3410 3420
f 3199 3510 3408
f 3129 3120 3534
f 3414 3428 3501
f 3536 3552 3551
f 3411 3340 3510
f 3411 3422 3328
f 3340 3120 3121
f 3121 3124 3340
f 3122 3124 3121
f 3122 3121 3120
f 3340 3119 3120
f 3131 3263 3139
f 3526 3523 3522
f 3175 3526 3447
f 3545 3474 3548
f 3488 3486 3158
f 3478 3163 3166
f 3163 3167 3166
f 3459 3463 3462
f 3171 3173 3174
f 3542 3143 3259
f 3542 3259 3299
f 3546 3547 3326
f 3326 3312 3546
f 3312 3536 3546
f 3473 3474 3545
f 3460 3461 3315
f 3315 3311 3460
f 3222 3221 3220
f 3147 3149 3148
f 3148 3145 3147
f 3146 3145 3148
f 3493 3494 3491
f 3495 3494 3152
f 3155 3486 3496
f 3496 3156 3155
f 3178 3176 3177
f 3193 3225 3192
f 3191 3195 3193
f 3194 3196 3197
f 3191 3226 3190
f 3191 3193 3192
f 3192 3226 3191
f 3531 3519 3225
f 3109 3228 3108
f 3108 3392 3391
f 3108 3389 3109
f 3391 3389 3108
f 3107 3536 3539
f 3184 3187 3185
f 3187 3186 3185
f 3185 3186 3517
f 3185 3518 3184
f 3517 3518 3185
f 3522 3182 3183
f 3183 3518 3522
f 3179 3523 3181
f 3524 3523 3526
f 3177 3181 3524
f 3524 3181 3523
f 3526 3178 3524
f 3178 3177 3524
f 3404 3377 3405
f 3404 3376 3377
f 3404 3405 3395
f 3390 3389 3388
f 3407 3337 3406
f 3406 3520 3407
f 3398 3520 3406
f 3406 3330 3398
f 3408 3520 3531
f 3109 3110 3107
f 3189 3228 3107
f 3504 3505 3500
f 3503 3506 3222
f 3165 3510 3199
f 3511 3211 3514
f 3507 3205 3509
f 3425 3426 3424
f 3426 3501 3424
f 3503 3424 3501
f 3502 3503 3501
f 3119 3329 3116
f 3116 3329 3248
f 3350 3428 3414
f 3408 3510 3340
f 3411 3510 3410
f 3329 3328 3422
f 3120 3119 3115
f 3288 3442 3443
f 3537 3533 3143
f 3132 3131 3139
f 3132 3130 3131
f 3554 3146 3485
f 3491 3488 3492
f 3147 3150 3152
f 3150 3155 3156
f 3462 3461 3459
f 3459 3464 3463
f 3465 3464 3459
f 3168 3167 3169
f 3169 3174 3170
f 3482 3173 3172
f 3454 3479 3453
f 3453 3318 3454
f 3318 3321 3454
f 3312 3321 3318
f 3471 3321 3322
f 3322 3472 3471
f 3323 3472 3322
f 3321 3312 3322
f 3312 3326 3324
f 3324 3326 3547
f 3222 3220 3223
f 3223 3224 3222
f 3157 3156 3496
f 3496 3495 3157
f 3157 3150 3156
f 3494 3495 3491
f 3158 3486 3154
f 3486 3155 3154
f 3154 3150 3158
f 3155 3150 3154
f 3179 3182 3180
f 3179 3183 3182
f 3184 3183 3179
f 3392 3108 3227
f 3227 3108 3228
f 3190 3225 3227
f 3225 3519 3227
f 3519 3396 3227
f 3542 3538 3114
f 3539 3542 3114
f 3114 3107 3539
f 3518 3183 3184
f 3179 3181 3177
f 3124 3341 3340
f 3341 3408 3340
f 3376 3404 3403
f 3388 3386 3390
f 3336 3241 3234
f 3330 3406 3333
f 3528 3196 3198
f 3410 3419 3420
f 3410 3510 3502
f 3497 3212 3217
f 3504 3497 3217
f 3217 3212 3214
f 3217 3214 3220
f 3508 3510 3499
f 3499 3510 3165
f 3500 3511 3514
f 3500 3502 3510
f 3363 3248 3329
f 3119 3116 3115
f 3243 3363 3247
f 3243 3116 3248
f 3248 3363 3243
f 3119 3327 3329
f 3365 3535 3534
f 3428 3350 3351
f 3351 3350 3360
f 3138 3263 3480
f 3435 3443 3433
f 3433 3443 3442
f 3289 3442 3288
f 3285 3283 3258
f 3276 3436 3275
f 3274 3436 3437
f 3260 3274 3437
f 3437 3273 3260
f 3447 3188 3433
f 3433 3188 3431
f 3431 3432 3433
f 3431 3303 3432
f 3188 3189 3229
f 3433 3440 3439
f 3439 3440 3293
f 3262 3132 3533
f 3485 3493 3491
f 3477 3491 3492
f 3151 3147 3152
f 3149 3147 3151
f 3151 3493 3149
f 3152 3494 3151
f 3494 3493 3151
f 3158 3150 3159
f 3159 3488 3158
f 3160 3150 3164
f 3492 3160 3164
f 3164 3477 3492
f 3487 3475 3479
f 3459 3460 3458
f 3458 3456 3459
f 3460 3311 3458
f 3167 3168 3490
f 3317 3461 3462
f 3462 3262 3317
f 3131 3130 3265
f 3462 3463 3313
f 3325 3548 3474
f 3325 3323 3324
f 3325 3324 3549
f 3549 3548 3325
f 3455 3321 3471
f 3455 3454 3321
f 3473 3472 3323
f 3471 3472 3473
f 3323 3322 3324
f 3487 3479 3473
f 3262 3533 3537
f 3153 3495 3152
f 3153 3157 3495
f 3152 3150 3153
f 3150 3157 3153
f 3491 3495 3496
f 3190 3227 3228
f 3190 3228 3189
f 3530 3194 3197
f 3530 3191 3194
f 3531 3195 3530
f 3195 3191 3530
f 3527 3531 3530
f 3113 3114 3538
f 3113 3112 3114
f 3339 3408 3127
f 3122 3120 3129
f 3408 3126 3127
f 3402 3395 3405
f 3398 3330 3370
f 3375 3403 3398
f 3337 3336 3335
f 3335 3406 3337
f 3335 3333 3406
f 3335 3336 3234
f 3193 3195 3225
f 3225 3195 3531
f 3528 3199 3408
f 3528 3198 3199
f 3528 3408 3527
f 3529 3197 3196
f 3196 3528 3529
f 3529 3528 3527
f 3529 3530 3197
f 3527 3530 3529
f 3409 3339 3338
f 3216 3513 3514
f 3219 3504 3218
f 3504 3217 3218
f 3220 3219 3218
f 3218 3217 3220
f 3500 3513 3498
f 3498 3212 3497
f 3497 3500 3498
f 3200 3202 3508
f 3508 3499 3200
f 3165 3202 3200
f 3203 3507 3508
f 3508 3202 3203
f 3208 3511 3512
f 3512 3207 3208
f 3211 3511 3208
f 3204 3509 3205
f 3206 3207 3512
f 3512 3509 3206
f 3509 3204 3206
f 3514 3513 3500
f 3500 3509 3512
f 3512 3511 3500
f 3500 3510 3509
f 3500 3503 3502
f 3509 3510 3508
f 3507 3509 3508
f 3412 3501 3428
f 3245 3244 3247
f 3116 3243 3117
f 3117 3115 3116
f 3117 3243 3247
f 3120 3246 3364
f 3246 3245 3364
f 3344 3536 3535
f 3414 3501 3413
f 3362 3350 3414
f 3414 3413 3362
f 3362 3413 3348
f 3427 3501 3426
f 3425 3424 3346
f 3424 3503 3346
f 3503 3544 3346
f 3452 3480 3263
f 3465 3480 3452
f 3141 3138 3480
f 3442 3444 3451
f 3451 3433 3442
f 3134 3144 3142
f 3533 3142 3143
f 3254 3285 3251
f 3258 3283 3282
f 3442 3289 3282
f 3450 3445 3287
f 3283 3285 3284
f 3284 3444 3442
f 3442 3282 3284
f 3284 3282 3283
f 3433 3437 3436
f 3290 3293 3440
f 3146 3148 3484
f 3484 3485 3146
f 3484 3148 3149
f 3149 3493 3484
f 3493 3485 3484
f 3161 3150 3160
f 3161 3159 3150
f 3161 3160 3492
f 3161 3492 3488
f 3488 3159 3161
f 3162 3150 3163
f 3162 3164 3150
f 3477 3164 3162
f 3162 3163 3478
f 3478 3477 3162
f 3459 3456 3475
f 3490 3166 3167
f 3478 3166 3490
f 3491 3477 3478
f 3489 3168 3169
f 3489 3490 3168
f 3169 3170 3489
f 3274 3260 3275
f 3275 3436 3274
f 3271 3250 3268
f 3288 3443 3278
f 3278 3443 3435
f 3257 3289 3288
f 3258 3282 3257
f 3257 3282 3289
f 3311 3315 3316
f 3131 3265 3263
f 3462 3313 3262
f 3319 3318 3453
f 3479 3454 3455
f 3473 3479 3455
f 3471 3473 3455
f 3312 3324 3322
f 3470 3325 3474
f 3474 3473 3470
f 3323 3325 3470
f 3470 3473 3323
f 3545 3487 3473
f 3487 3545 3485
f 3172 3171 3521
f 3479 3319 3453
f 3476 3319 3479
f 3475 3466 3476
f 3476 3479 3475
f 3476 3466 3320
f 3320 3319 3476
f 3312 3319 3320
f 3487 3485 3491
f 3486 3488 3491
f 3400 3399 3396
f 3397 3399 3381
f 3384 3385 3397
f 3393 3227 3396
f 3393 3392 3227
f 3391 3392 3393
f 3393 3388 3391
f 3393 3385 3388
f 3396 3397 3393
f 3393 3397 3385
f 3114 3112 3229
f 3111 3431 3188
f 3188 3229 3111
f 3229 3112 3111
f 3114 3229 3189
f 3114 3189 3107
f 3241 3127 3129
f 3123 3122 3128
f 3122 3129 3128
f 3128 3126 3123
f 3128 3127 3126
f 3129 3127 3128
f 3398 3403 3520
f 3376 3403 3373
f 3403 3375 3373
f 3333 3335 3334
f 3330 3333 3334
f 3339 3409 3408
f 3338 3407 3520
f 3520 3409 3338
f 3408 3409 3520
f 3215 3216 3214
f 3513 3216 3215
f 3215 3498 3513
f 3514 3211 3210
f 3210 3216 3514
f 3165 3200 3499
f 3201 3205 3507
f 3507 3203 3201
f 3201 3202 3165
f 3201 3203 3202
f 3207 3206 3204
f 3388 3385 3384
f 3384 3397 3381
f 3395 3402 3401
f 3382 3399 3400
f 3330 3334 3331
f 3428 3351 3412
f 3351 3429 3412
f 3502 3501 3415
f 3244 3245 3246
f 3363 3245 3247
f 3247 3244 3118
f 3118 3117 3247
f 3115 3117 3118
f 3364 3363 3342
f 3344 3552 3536
f 3447 3448 3141
f 3434 3436 3276
f 3435 3433 3434
f 3451 3448 3447
f 3447 3433 3451
f 3445 3450 3446
f 3444 3445 3446
f 3446 3451 3444
f 3136 3533 3140
f 3136 3142 3533
f 3136 3134 3142
f 3133 3144 3135
f 3144 3134 3135
f 3285 3254 3281
f 3281 3287 3285
f 3133 3281 3254
f 3141 3281 3133
f 3286 3287 3445
f 3285 3287 3286
f 3286 3445 3444
f 3444 3284 3286
f 3286 3284 3285
f 3450 3287 3449
f 3142 3144 3143
f 3526 3518 3517
f 3187 3188 3525
f 3525 3186 3187
f 3447 3526 3525
f 3517 3186 3525
f 3525 3526 3517
f 3441 3433 3432
f 3440 3433 3441
f 3447 3525 3188
f 3297 3441 3432
f 3439 3293 3291
f 3291 3272 3439
f 3296 3290 3440
f 3440 3441 3296
f 3296 3441 3294
f 3141 3480 3521
f 3310 3458 3311
f 3308 3312 3307
f 3458 3310 3457
f 3457 3310 3309
f 3456 3458 3457
f 3465 3459 3480
f 3478 3490 3491
f 3170 3174 3483
f 3483 3489 3170
f 3173 3482 3483
f 3483 3174 3173
f 3260 3273 3292
f 3292 3299 3259
f 3280 3279 3435
f 3435 3434 3280
f 3280 3434 3270
f 3288 3266 3253
f 3316 3315 3461
f 3461 3317 3316
f 3465 3452 3300
f 3171 3175 3521
f 3312 3320 3306
f 3306 3320 3466
f 3537 3312 3262
f 3537 3536 3312
f 3496 3486 3491
f 3396 3401 3400
f 3395 3401 3396
f 3399 3397 3396
f 3241 3235 3127
f 3336 3235 3241
f 3395 3396 3531
f 3395 3531 3394
f 3531 3520 3394
f 3398 3370 3374
f 3374 3375 3398
f 3408 3531 3527
f 3212 3498 3213
f 3498 3215 3213
f 3213 3214 3212
f 3213 3215 3214
f 3211 3208 3207
f 3384 3386 3388
f 3379 3377 3373
f 3405 3377 3379
f 3378 3402 3405
f 3405 3379 3378
f 3368 3230 3400
f 3400 3401 3368
f 3230 3382 3400
f 3381 3399 3383
f 3399 3382 3383
f 3412 3415 3501
f 3363 3364 3245
f 3246 3118 3244
f 3115 3118 3246
f 3120 3115 3246
f 3328 3329 3327
f 3411 3328 3327
f 3534 3120 3364
f 3423 3417 3410
f 3410 3502 3423
f 3360 3429 3351
f 3360 3352 3429
f 3429 3352 3430
f 3430 3412 3429
f 3415 3412 3430
f 3359 3553 3552
f 3350 3362 3360
f 3279 3280 3270
f 3436 3434 3433
f 3451 3446 3450
f 3448 3451 3450
f 3450 3449 3448
f 3138 3141 3140
f 3135 3140 3141
f 3133 3135 3141
f 3251 3285 3258
f 3251 3133 3254
f 3448 3449 3281
f 3281 3449 3287
f 3281 3141 3448
f 3133 3143 3144
f 3258 3257 3251
f 3522 3518 3526
f 3438 3272 3292
f 3439 3272 3438
f 3292 3273 3438
f 3438 3433 3439
f 3273 3437 3438
f 3437 3433 3438
f 3299 3538 3542
f 3299 3113 3538
f 3441 3297 3294
f 3432 3303 3298
f 3292 3272 3291
f 3309 3308 3469
f 3469 3457 3309
f 3469 3475 3456
f 3456 3457 3469
f 3459 3487 3480
f 3481 3483 3482
f 3481 3482 3172
f 3172 3521 3481
f 3487 3490 3481
f 3489 3483 3481
f 3481 3490 3489
f 3292 3291 3299
f 3290 3291 3293
f 3290 3296 3294
f 3288 3278 3279
f 3279 3266 3288
f 3288 3253 3255
f 3312 3310 3311
f 3312 3308 3309
f 3309 3310 3312
f 3264 3265 3130
f 3130 3132 3264
f 3264 3261 3265
f 3264 3132 3262
f 3262 3261 3264
f 3263 3300 3452
f 3318 3319 3312
f 3312 3306 3307
f 3519 3531 3396
f 3371 3129 3387
f 3339 3127 3235
f 3339 3235 3336
f 3339 3337 3338
f 3339 3336 3337
f 3394 3404 3395
f 3394 3403 3404
f 3394 3520 3403
f 3374 3373 3375
f 3330 3331 3370
f 3201 3204 3205
f 3209 3210 3211
f 3211 3207 3209
f 3214 3216 3209
f 3216 3210 3209
f 3371 3379 3373
f 3367 3401 3402
f 3380 3379 3371
f 3380 3378 3379
f 3383 3384 3381
f 3230 3383 3382
f 3237 3335 3234
f 3237 3334 3335
f 3342 3363 3329
f 3342 3329 3242
f 3329 3422 3242
f 3242 3422 3421
f 3421 3420 3356
f 3418 3419 3410
f 3410 3417 3418
f 3417 3355 3418
f 3358 3364 3419
f 3419 3418 3358
f 3358 3418 3355
f 3417 3423 3354
f 3415 3423 3502
f 3365 3344 3535
f 3365 3343 3344
f 3344 3359 3552
f 3360 3348 3344
f 3348 3360 3362
f 3277 3271 3268
f 3268 3270 3277
f 3277 3270 3269
f 3275 3269 3276
f 3269 3434 3276
f 3270 3434 3269
f 3137 3136 3140
f 3137 3140 3135
f 3134 3136 3137
f 3137 3135 3134
f 3294 3297 3298
f 3294 3298 3299
f 3299 3298 3295
f 3302 3111 3112
f 3302 3298 3303
f 3295 3298 3302
f 3112 3113 3305
f 3305 3295 3112
f 3113 3299 3305
f 3299 3295 3305
f 3299 3291 3294
f 3480 3487 3521
f 3447 3521 3175
f 3141 3521 3447
f 3475 3469 3468
f 3468 3308 3307
f 3468 3469 3308
f 3459 3475 3487
f 3491 3490 3487
f 3291 3290 3294
f 3279 3270 3266
f 3279 3278 3435
f 3267 3253 3266
f 3268 3250 3267
f 3267 3270 3268
f 3270 3267 3266
f 3260 3292 3259
f 3250 3271 3252
f 3252 3267 3250
f 3253 3267 3256
f 3267 3252 3256
f 3277 3260 3249
f 3249 3271 3277
f 3466 3475 3467
f 3467 3468 3307
f 3475 3468 3467
f 3307 3306 3467
f 3467 3306 3466
f 3371 3231 3129
f 3332 3370 3331
f 3369 3370 3332
f 3331 3236 3332
f 3373 3374 3370
f 3240 3236 3231
f 3231 3236 3241
f 3371 3372 3231
f 3402 3378 3380
f 3380 3367 3402
f 3401 3367 3366
f 3234 3241 3233
f 3233 3237 3234
f 3233 3236 3331
f 3241 3236 3233
f 3233 3331 3334
f 3334 3237 3233
f 3342 3242 3421
f 3421 3356 3342
f 3365 3355 3417
f 3417 3354 3365
f 3364 3358 3365
f 3365 3358 3355
f 3416 3354 3423
f 3423 3415 3416
f 3343 3430 3352
f 3352 3360 3343
f 3353 3416 3415
f 3354 3416 3353
f 3415 3430 3353
f 3430 3343 3353
f 3364 3365 3534
f 3360 3344 3343
f 3349 3427 3426
f 3275 3277 3269
f 3275 3260 3277
f 3295 3302 3112
f 3303 3431 3304
f 3304 3302 3303
f 3431 3111 3304
f 3111 3302 3304
f 3314 3313 3463
f 3314 3262 3313
f 3261 3262 3314
f 3463 3464 3314
f 3255 3251 3257
f 3255 3257 3288
f 3261 3314 3464
f 3262 3316 3317
f 3311 3316 3312
f 3316 3262 3312
f 3239 3236 3240
f 3239 3332 3236
f 3372 3371 3373
f 3380 3371 3366
f 3380 3366 3367
f 3371 3384 3230
f 3384 3383 3230
f 3366 3368 3401
f 3366 3230 3368
f 3357 3342 3356
f 3357 3356 3420
f 3364 3342 3357
f 3420 3419 3357
f 3419 3364 3357
f 3354 3353 3365
f 3543 3553 3361
f 3361 3544 3543
f 3361 3346 3544
f 3553 3359 3361
f 3359 3344 3361
f 3425 3346 3345
f 3346 3361 3345
f 3345 3361 3349
f 3345 3426 3425
f 3345 3349 3426
f 3259 3251 3255
f 3256 3255 3253
f 3256 3252 3271
f 3256 3271 3249
f 3249 3255 3256
f 3260 3255 3249
f 3259 3255 3260
f 3298 3297 3432
f 3481 3521 3487
f 3301 3464 3465
f 3301 3261 3464
f 3465 3300 3301
f 3265 3261 3263
f 3232 3370 3369
f 3240 3231 3232
f 3370 3232 3372
f 3372 3232 3231
f 3373 3370 3372
f 3387 3384 3371
f 3365 3353 3343
f 3361 3344 3348
f 3261 3301 3263
f 3263 3301 3300
f 3129 3231 3241
f 3369 3332 3238
f 3238 3232 3369
f 3332 3239 3238
f 3238 3239 3240
f 3501 3427 3347
f 3427 3349 3347
f 3347 3413 3501
f 3348 3413 3347
f 3349 3361 3348
f 3348 3347 3349
f 3232 3238 3240
f 3366 3371 3230
f 3133 3251 3143
f 3251 3259 3143
f 3537 3542 3536
f 3537 3143 3542
f 3387 3129 3535
f 3536 3387 3535
f 3541 3387 3536
f 3551 3553 3543
f 3551 3545 3548
f 3551 3546 3536
f 3551 3549 3550
f 3551 3547 3546
f 3550 3547 3551
f 3552 3553 3551
f 3551 3544 3503
f 3551 3548 3549
f 3485 3545 3551
f 3551 3503 3554
f 3551 3554 3485
f 3543 3544 3551
f 3163 3150 3209
f 3209 3188 3187
f 3220 3214 3209
f 3175 3171 3209
f 3147 3145 3209
f 3209 3174 3169
f 3198 3194 3209
f 3209 3165 3199
f 3515 3532 3209
f 3209 3145 3515
f 3224 3223 3209
f 3209 3199 3198
f 3169 3167 3209
f 3209 3167 3163
f 3532 3224 3209
f 3209 3176 3175
f 3194 3191 3209
f 3171 3174 3209
f 3209 3177 3176
f 3187 3184 3209
f 3209 3190 3189
f 3209 3191 3190
f 3150 3147 3209
f 3209 3223 3220
f 3184 3179 3209
f 3209 3179 3177
f 3209 3201 3165
f 3189 3188 3209
f 3204 3201 3209
f 3209 3207 3204
f 3616 3752 3751
f 3730 3618 3731
f 3574 3742 3729
f 3579 3756 3755
f 3588 3555 3730
f 3708 3667 3707
f 3707 3639 3708
f 3612 3613 3557
f 3617 3751 3732
f 3616 3751 3617
f 3732 3731 3619
f 3619 3615 3732
f 3743 3742 3574
f 3754 3738 3584
f 3757 3569 3737
f 3578 3579 3755
f 3577 3757 3756
f 3572 3744 3745
f 3734 3750 3620
f 3620 3625 3735
f 3735 3734 3620
f 3614 3752 3616
f 3752 3614 3623
f 3623 3614 3624
f 3752 3623 3753
f 3753 3623 3624
f 3589 3588 3630
f 3555 3588 3589
f 3630 3588 3627
f 3723 3638 3726
f 3704 3657 3714
f 3707 3706 3713
f 3713 3639 3707
f 3730 3555 3618
f 3555 3637 3618
f 3615 3617 3732
f 3618 3619 3731
f 3740 3743 3575
f 3575 3743 3574
f 3754 3584 3585
f 3739 3578 3755
f 3756 3579 3576
f 3576 3577 3756
f 3569 3757 3581
f 3757 3577 3581
f 3574 3729 3570
f 3736 3735 3625
f 3625 3573 3736
f 3624 3586 3626
f 3626 3753 3624
f 3750 3748 3621
f 3620 3750 3621
f 3621 3748 3747
f 3621 3626 3586
f 3666 3634 3667
f 3667 3708 3666
f 3666 3708 3639
f 3710 3665 3711
f 3665 3666 3711
f 3711 3666 3639
f 3591 3665 3710
f 3630 3643 3636
f 3636 3643 3637
f 3636 3589 3630
f 3636 3637 3555
f 3555 3589 3636
f 3637 3643 3689
f 3597 3676 3629
f 3629 3676 3633
f 3633 3597 3629
f 3595 3587 3600
f 3721 3557 3585
f 3721 3612 3557
f 3634 3665 3591
f 3634 3666 3665
f 3713 3705 3704
f 3740 3575 3580
f 3580 3575 3578
f 3580 3739 3740
f 3578 3739 3580
f 3579 3578 3586
f 3578 3575 3586
f 3583 3584 3738
f 3582 3738 3737
f 3737 3569 3582
f 3576 3581 3577
f 3728 3570 3729
f 3571 3728 3741
f 3570 3728 3571
f 3741 3744 3571
f 3744 3572 3571
f 3586 3575 3574
f 3574 3570 3586
f 3749 3572 3745
f 3749 3573 3572
f 3749 3736 3573
f 3746 3626 3747
f 3753 3626 3746
f 3747 3626 3622
f 3622 3621 3747
f 3626 3621 3622
f 3710 3711 3639
f 3664 3591 3710
f 3709 3671 3664
f 3664 3710 3709
f 3591 3664 3671
f 3689 3618 3637
f 3597 3633 3601
f 3596 3595 3600
f 3588 3587 3590
f 3587 3595 3590
f 3590 3627 3588
f 3718 3717 3651
f 3720 3655 3719
f 3638 3721 3585
f 3723 3721 3638
f 3651 3655 3635
f 3716 3713 3704
f 3704 3714 3716
f 3653 3650 3638
f 3653 3652 3651
f 3722 3721 3723
f 3650 3653 3635
f 3635 3653 3651
f 3667 3634 3660
f 3707 3667 3660
f 3660 3706 3707
f 3658 3705 3659
f 3704 3705 3658
f 3658 3657 3704
f 3657 3658 3635
f 3635 3658 3659
f 3619 3618 3615
f 3616 3617 3615
f 3615 3614 3616
f 3738 3582 3583
f 3585 3557 3754
f 3620 3621 3586
f 3572 3573 3586
f 3586 3571 3572
f 3570 3571 3586
f 3691 3689 3690
f 3690 3689 3643
f 3684 3681 3645
f 3645 3681 3646
f 3712 3663 3682
f 3682 3683 3712
f 3663 3712 3670
f 3670 3712 3683
f 3693 3643 3630
f 3688 3695 3686
f 3688 3618 3689
f 3688 3689 3691
f 3691 3701 3688
f 3688 3686 3687
f 3687 3618 3688
f 3681 3683 3682
f 3684 3683 3681
f 3631 3633 3676
f 3676 3675 3631
f 3699 3700 3631
f 3627 3633 3631
f 3627 3590 3592
f 3592 3590 3595
f 3594 3601 3633
f 3597 3601 3594
f 3594 3596 3597
f 3676 3597 3600
f 3676 3599 3674
f 3597 3596 3600
f 3646 3687 3685
f 3685 3687 3686
f 3697 3649 3695
f 3662 3649 3686
f 3695 3649 3662
f 3717 3718 3715
f 3720 3719 3716
f 3709 3710 3681
f 3710 3639 3681
f 3611 3610 3568
f 3610 3611 3607
f 3605 3606 3612
f 3605 3722 3723
f 3612 3721 3605
f 3721 3722 3605
f 3659 3705 3713
f 3634 3659 3713
f 3706 3660 3634
f 3635 3655 3656
f 3657 3635 3656
f 3656 3655 3720
f 3656 3714 3657
f 3720 3716 3656
f 3656 3716 3714
f 3579 3586 3576
f 3584 3583 3585
f 3581 3582 3569
f 3586 3625 3620
f 3586 3573 3625
f 3642 3690 3643
f 3618 3687 3681
f 3681 3687 3646
f 3682 3663 3672
f 3672 3681 3682
f 3709 3681 3672
f 3672 3671 3709
f 3702 3700 3640
f 3691 3690 3640
f 3640 3690 3702
f 3692 3642 3643
f 3702 3690 3692
f 3690 3642 3692
f 3630 3627 3632
f 3627 3631 3632
f 3702 3692 3632
f 3632 3700 3702
f 3632 3631 3700
f 3632 3693 3630
f 3632 3692 3693
f 3675 3703 3699
f 3699 3631 3675
f 3641 3701 3691
f 3691 3640 3641
f 3641 3640 3700
f 3700 3699 3641
f 3641 3699 3703
f 3627 3592 3628
f 3596 3594 3628
f 3628 3633 3627
f 3628 3594 3633
f 3595 3596 3593
f 3593 3592 3595
f 3596 3628 3593
f 3593 3628 3592
f 3673 3674 3649
f 3649 3697 3673
f 3673 3675 3676
f 3676 3674 3673
f 3600 3598 3599
f 3600 3599 3676
f 3674 3599 3598
f 3598 3680 3674
f 3686 3695 3661
f 3661 3662 3686
f 3695 3662 3661
f 3591 3680 3598
f 3654 3719 3655
f 3654 3715 3719
f 3654 3655 3651
f 3651 3717 3654
f 3717 3715 3654
f 3635 3564 3650
f 3602 3611 3567
f 3602 3565 3613
f 3613 3612 3602
f 3612 3606 3602
f 3606 3607 3611
f 3611 3602 3606
f 3725 3607 3727
f 3638 3725 3727
f 3726 3638 3727
f 3568 3610 3561
f 3634 3713 3706
f 3583 3582 3581
f 3624 3614 3586
f 3581 3576 3586
f 3681 3639 3618
f 3643 3693 3644
f 3644 3692 3643
f 3693 3692 3644
f 3696 3641 3703
f 3696 3697 3695
f 3695 3688 3696
f 3696 3673 3697
f 3600 3587 3598
f 3598 3587 3730
f 3646 3685 3647
f 3685 3679 3647
f 3649 3679 3648
f 3648 3679 3685
f 3686 3649 3648
f 3648 3685 3686
f 3678 3645 3646
f 3646 3647 3678
f 3678 3647 3679
f 3591 3598 3730
f 3638 3718 3724
f 3724 3718 3651
f 3651 3652 3724
f 3724 3653 3638
f 3652 3653 3724
f 3719 3715 3716
f 3583 3586 3585
f 3583 3581 3586
f 3639 3713 3585
f 3610 3607 3608
f 3608 3609 3610
f 3650 3609 3608
f 3608 3638 3650
f 3725 3638 3608
f 3608 3607 3725
f 3560 3609 3650
f 3610 3609 3560
f 3560 3561 3610
f 3606 3605 3603
f 3603 3723 3726
f 3603 3605 3723
f 3607 3606 3604
f 3726 3727 3604
f 3604 3727 3607
f 3604 3603 3726
f 3606 3603 3604
f 3567 3611 3563
f 3563 3602 3567
f 3566 3602 3563
f 3557 3564 3635
f 3591 3558 3634
f 3558 3635 3659
f 3558 3659 3634
f 3614 3615 3618
f 3671 3672 3663
f 3663 3670 3671
f 3694 3696 3688
f 3641 3696 3694
f 3694 3688 3701
f 3701 3641 3694
f 3698 3696 3703
f 3673 3696 3698
f 3698 3703 3675
f 3675 3673 3698
f 3649 3674 3680
f 3680 3679 3649
f 3680 3678 3679
f 3715 3718 3638
f 3638 3713 3716
f 3716 3715 3638
f 3638 3585 3713
f 3564 3560 3650
f 3561 3560 3564
f 3566 3563 3559
f 3565 3602 3559
f 3559 3602 3566
f 3613 3565 3559
f 3559 3563 3564
f 3562 3563 3611
f 3562 3611 3568
f 3568 3561 3562
f 3561 3564 3562
f 3678 3680 3668
f 3684 3645 3668
f 3613 3559 3564
f 3563 3562 3564
f 3680 3591 3671
f 3671 3668 3680
f 3669 3668 3671
f 3669 3671 3670
f 3684 3668 3669
f 3669 3683 3684
f 3669 3670 3683
f 3645 3678 3677
f 3677 3668 3645
f 3678 3668 3677
f 3586 3614 3618
f 3557 3635 3558
f 3557 3558 3591
f 3556 3733 3557
f 3613 3564 3557
f 3587 3588 3730
f 3639 3585 3586
f 3591 3730 3556
f 3618 3639 3586
f 3737 3738 3733
f 3730 3731 3733
f 3745 3744 3733
f 3733 3739 3755
f 3741 3728 3733
f 3733 3751 3752
f 3742 3743 3733
f 3750 3734 3733
f 3732 3751 3733
f 3733 3731 3732
f 3733 3729 3742
f 3755 3756 3733
f 3733 3738 3754
f 3733 3744 3741
f 3733 3757 3737
f 3752 3753 3733
f 3733 3748 3750
f 3733 3746 3747
f 3754 3557 3733
f 3733 3743 3740
f 3756 3757 3733
f 3734 3735 3733
f 3733 3749 3745
f 3747 3748 3733
f 3740 3739 3733
f 3735 3736 3733
f 3733 3728 3729
f 3736 3749 3733
f 3753 3746 3733
f 3733 3556 3730
f 3557 3591 3556
f 3790 3906 3789
f 3905 3775 3782
f 3874 3897 3785
f 3786 3785 3769
f 3794 3819 3795
f 3828 3829 3794
f 3794 3793 3828
f 3828 3793 3827
f 3794 3829 3822
f 3880 3778 3774
f 3776 3771 3773
f 3773 3778 3776
f 3773 3774 3778
f 3781 3777 3901
f 3777 3781 3760
f 3758 3771 3776
f 3776 3777 3758
f 3899 3778 3880
f 3776 3778 3899
f 3767 3783 3786
f 3775 3783 3784
f 3784 3782 3775
f 3783 3767 3784
f 3791 3785 3897
f 3894 3785 3786
f 3786 3783 3894
f 3770 3769 3785
f 3785 3791 3770
f 3770 3791 3790
f 3790 3789 3770
f 3770 3789 3793
f 3875 3781 3901
f 3829 3828 3866
f 3818 3819 3794
f 3794 3822 3818
f 3817 3816 3811
f 3807 3773 3771
f 3800 3799 3808
f 3898 3906 3790
f 3897 3906 3898
f 3790 3791 3898
f 3898 3791 3897
f 3895 3892 3788
f 3793 3789 3788
f 3761 3781 3762
f 3777 3760 3759
f 3761 3760 3781
f 3759 3758 3777
f 3899 3880 3900
f 3900 3777 3776
f 3776 3899 3900
f 3786 3769 3768
f 3782 3784 3766
f 3785 3894 3874
f 3893 3775 3905
f 3893 3783 3775
f 3893 3894 3783
f 3905 3782 3876
f 3781 3875 3902
f 3902 3903 3779
f 3875 3876 3902
f 3779 3782 3765
f 3848 3828 3827
f 3779 3764 3763
f 3774 3773 3806
f 3773 3807 3806
f 3814 3807 3772
f 3772 3807 3771
f 3814 3854 3815
f 3815 3807 3814
f 3815 3806 3807
f 3772 3805 3814
f 3892 3890 3787
f 3787 3793 3892
f 3811 3816 3863
f 3800 3808 3801
f 3800 3762 3780
f 3780 3762 3781
f 3780 3763 3800
f 3779 3763 3780
f 3780 3902 3779
f 3781 3902 3780
f 3901 3777 3878
f 3777 3900 3878
f 3768 3767 3786
f 3766 3784 3767
f 3894 3893 3874
f 3904 3876 3782
f 3904 3782 3779
f 3779 3903 3904
f 3903 3902 3904
f 3904 3902 3876
f 3766 3765 3782
f 3812 3817 3811
f 3779 3765 3764
f 3796 3795 3819
f 3819 3816 3796
f 3816 3817 3796
f 3817 3797 3796
f 3817 3812 3797
f 3793 3788 3892
f 3847 3818 3822
f 3809 3802 3801
f 3801 3808 3809
f 3803 3802 3809
f 3809 3808 3857
f 3799 3764 3810
f 3810 3808 3799
f 3810 3812 3860
f 3810 3764 3798
f 3798 3812 3810
f 3806 3815 3774
f 3855 3854 3814
f 3856 3809 3857
f 3906 3897 3874
f 3891 3788 3789
f 3891 3895 3788
f 3789 3906 3891
f 3906 3895 3891
f 3808 3810 3858
f 3793 3823 3825
f 3825 3826 3793
f 3878 3900 3880
f 3797 3812 3798
f 3793 3820 3823
f 3852 3823 3820
f 3820 3851 3852
f 3852 3825 3823
f 3852 3851 3845
f 3865 3822 3829
f 3865 3847 3822
f 3829 3866 3865
f 3866 3847 3865
f 3819 3818 3864
f 3864 3818 3830
f 3818 3847 3830
f 3830 3847 3866
f 3813 3804 3803
f 3803 3809 3813
f 3813 3805 3804
f 3814 3805 3813
f 3813 3855 3814
f 3832 3855 3813
f 3813 3856 3832
f 3809 3856 3813
f 3842 3815 3854
f 3842 3774 3815
f 3854 3855 3842
f 3832 3856 3857
f 3859 3810 3860
f 3859 3858 3810
f 3808 3858 3831
f 3857 3808 3831
f 3793 3826 3827
f 3820 3793 3821
f 3821 3851 3820
f 3853 3826 3825
f 3825 3852 3853
f 3867 3787 3908
f 3828 3848 3866
f 3827 3826 3850
f 3850 3849 3827
f 3849 3848 3827
f 3849 3866 3848
f 3819 3864 3862
f 3862 3816 3819
f 3862 3863 3816
f 3862 3864 3830
f 3908 3787 3890
f 3811 3863 3861
f 3861 3812 3811
f 3861 3836 3812
f 3836 3859 3860
f 3860 3812 3836
f 3845 3851 3824
f 3895 3906 3874
f 3840 3887 3843
f 3843 3834 3844
f 3883 3774 3879
f 3876 3893 3905
f 3876 3874 3893
f 3793 3867 3824
f 3826 3853 3845
f 3792 3787 3867
f 3792 3867 3793
f 3793 3787 3792
f 3849 3850 3845
f 3845 3850 3826
f 3839 3838 3884
f 3863 3862 3836
f 3836 3861 3863
f 3855 3832 3842
f 3858 3859 3831
f 3857 3831 3832
f 3838 3846 3849
f 3849 3871 3838
f 3830 3836 3862
f 3872 3867 3869
f 3890 3909 3868
f 3887 3888 3843
f 3832 3836 3844
f 3841 3838 3839
f 3901 3878 3875
f 3875 3874 3876
f 3883 3880 3774
f 3821 3793 3824
f 3851 3821 3824
f 3824 3867 3872
f 3845 3853 3852
f 3849 3846 3866
f 3868 3869 3890
f 3869 3868 3870
f 3892 3895 3890
f 3890 3869 3908
f 3907 3909 3871
f 3838 3841 3835
f 3882 3838 3837
f 3872 3868 3907
f 3831 3836 3832
f 3831 3859 3836
f 3869 3870 3872
f 3872 3870 3868
f 3845 3872 3849
f 3890 3895 3909
f 3874 3873 3895
f 3895 3889 3909
f 3843 3888 3774
f 3843 3774 3842
f 3888 3879 3774
f 3884 3881 3886
f 3824 3872 3845
f 3867 3908 3869
f 3837 3838 3871
f 3907 3871 3872
f 3909 3889 3881
f 3872 3871 3849
f 3884 3887 3839
f 3885 3887 3884
f 3885 3877 3887
f 3843 3842 3834
f 3842 3844 3834
f 3844 3842 3832
f 3844 3840 3843
f 3830 3833 3836
f 3833 3844 3836
f 3883 3888 3887
f 3879 3888 3883
f 3877 3883 3887
f 3877 3878 3880
f 3875 3878 3877
f 3877 3880 3883
f 3882 3881 3884
f 3830 3866 3846
f 3882 3884 3838
f 3871 3882 3837
f 3909 3882 3871
f 3846 3838 3835
f 3896 3889 3895
f 3841 3833 3846
f 3841 3844 3833
f 3873 3874 3886
f 3885 3884 3886
f 3868 3909 3907
f 3881 3882 3909
f 3846 3833 3830
f 3885 3886 3877
f 3841 3839 3887
f 3887 3840 3841
f 3886 3874 3877
f 3877 3874 3875
f 3846 3835 3841
f 3844 3841 3840
f 3896 3873 3881
f 3873 3886 3881
f 3889 3896 3881
f 3895 3873 3896
f 3770 3793 3794
f 3794 3795 3770
f 3770 3795 3769
f 3761 3802 3803
f 3803 3760 3761
f 3759 3805 3758
f 3804 3805 3759
f 3795 3768 3769
f 3802 3762 3801
f 3761 3762 3802
f 3763 3764 3799
f 3763 3799 3800
f 3758 3805 3772
f 3771 3758 3772
f 3804 3760 3803
f 3804 3759 3760
f 3801 3762 3800
f 3764 3765 3798
f 3796 3768 3795
f 3767 3768 3796
f 3796 3766 3767
f 3797 3766 3796
f 3798 3765 3797
f 3765 3766 3797
f 3910 3947 3926
f 3947 3921 3950
f 3926 3950 3915
f 3947 3950 3926
f 3910 3926 3922
f 3926 3915 3927
f 3922 3927 3911
f 3926 3927 3922
f 3910 3922 3931
f 3922 3911 3932
f 3931 3932 3917
f 3922 3932 3931
f 3910 3931 3943
f 3931 3917 3946
f 3943 3946 3920
f 3931 3946 3943
f 3910 3943 3947
f 3943 3920 3951
f 3947 3951 3921
f 3943 3951 3947
f 3911 3927 3938
f 3927 3915 3941
f 3938 3941 3919
f 3927 3941 3938
f 3915 3950 3928
f 3950 3921 3949
f 3928 3949 3914
f 3950 3949 3928
f 3921 3951 3948
f 3951 3920 3944
f 3948 3944 3912
f 3951 3944 3948
f 3920 3946 3945
f 3946 3917 3933
f 3945 3933 3916
f 3946 3933 3945
f 3917 3932 3937
f 3932 3911 3934
f 3937 3934 3918
f 3932 3934 3937
f 3913 3939 3925
f 3939 3919 3940
f 3925 3940 3914
f 3939 3940 3925
f 3913 3925 3923
f 3925 3914 3924
f 3923 3924 3912
f 3925 3924 3923
f 3913 3923 3930
f 3923 3912 3929
f 3930 3929 3916
f 3923 3929 3930
f 3913 3930 3935
f 3930 3916 3936
f 3935 3936 3918
f 3930 3936 3935
f 3913 3935 3939
f 3935 3918 3942
f 3939 3942 3919
f 3935 3942 3939
f 3914 3940 3928
f 3940 3919 3941
f 3928 3941 3915
f 3940 3941 3928
f 3912 3924 3948
f 3924 3914 3949
f 3948 3949 3921
f 3924 3949 3948
f 3916 3929 3945
f 3929 3912 3944
f 3945 3944 3920
f 3929 3944 3945
f 3918 3936 3937
f 3936 3916 3933
f 3937 3933 3917
f 3936 3933 3937
f 3919 3942 3938
f 3942 3918 3934
f 3938 3934 3911
f 3942 3934 3938
f 3952 3989 3968
f 3989 3963 3992
f 3968 3992 3957
f 3989 3992 3968
f 3952 3968 3964
f 3968 3957 3969
f 3964 3969 3953
f 3968 3969 3964
f 3952 3964 3973
f 3964 3953 3974
f 3973 3974 3959
f 3964 3974 3973
f 3952 3973 3985
f 3973 3959 3988
f 3985 3988 3962
f 3973 3988 3985
f 3952 3985 3989
f 3985 3962 3993
f 3989 3993 3963
f 3985 3993 3989
f 3953 3969 3980
f 3969 3957 3983
f 3980 3983 3961
f 3969 3983 3980
f 3957 3992 3970
f 3992 3963 3991
f 3970 3991 3956
f 3992 3991 3970
f 3963 3993 3990
f 3993 3962 3986
f 3990 3986 3954
f 3993 3986 3990
f 3962 3988 3987
f 3988 3959 3975
f 3987 3975 3958
f 3988 3975 3987
f 3959 3974 3979
f 3974 3953 3976
f 3979 3976 3960
f 3974 3976 3979
f 3955 3981 3967
f 3981 3961 3982
f 3967 3982 3956
f 3981 3982 3967
f 3955 3967 3965
f 3967 3956 3966
f 3965 3966 3954
f 3967 3966 3965
f 3955 3965 3972
f 3965 3954 3971
f 3972 3971 3958
f 3965 3971 3972
f 3955 3972 3977
f 3972 3958 3978
f 3977 3978 3960
f 3972 3978 3977
f 3955 3977 3981
f 3977 3960 3984
f 3981 3984 3961
f 3977 3984 3981
f 3956 3982 3970
f 3982 3961 3983
f 3970 3983 3957
f 3982 3983 3970
f 3954 3966 3990
f 3966 3956 3991
f 3990 3991 3963
f 3966 3991 3990
f 3958 3971 3987
f 3971 3954 3986
f 3987 3986 3962
f 3971 3986 3987
f 3960 3978 3979
f 3978 3958 3975
f 3979 3975 3959
f 3978 3975 3979
f 3961 3984 3980
f 3984 3960 3976
f 3980 3976 3953
f 3984 3976 3980
f 3994 4031 4010
f 4031 4005 4034
f 4010 4034 3999
f 4031 4034 4010
f 3994 4010 4006
f 4010 3999 4011
f 4006 4011 3995
f 4010 4011 4006
f 3994 4006 4015
f 4006 3995 4016
f 4015 4016 4001
f 4006 4016 4015
f 3994 4015 4027
f 4015 4001 4030
f 4027 4030 4004
f 4015 4030 4027
f 3994 4027 4031
f 4027 4004 4035
f 4031 4035 4005
f 4027 4035 4031
f 3995 4011 4022
f 4011 3999 4025
f 4022 4025 4003
f 4011 4025 4022
f 3999 4034 4012
f 4034 4005 4033
f 4012 4033 3998
f 4034 4033 4012
f 4005 4035 4032
f 4035 4004 4028
f 4032 4028 3996
f 4035 4028 4032
f 4004 4030 4029
f 4030 4001 4017
f 4029 4017 4000
f 4030 4017 4029
f 4001 4016 4021
f 4016 3995 4018
f 4021 4018 4002
f 4016 4018 4021
f 3997 4023 4009
f 4023 4003 4024
f 4009 4024 3998
f 4023 4024 4009
f 3997 4009 4007
f 4009 3998 4008
f 4007 4008 3996
f 4009 4008 4007
f 3997 4007 4014
f 4007 3996 4013
f 4014 4013 4000
f 4007 4013 4014
f 3997 4014 4019
f 4014 4000 4020
f 4019 4020 4002
f 4014 4020 4019
f 3997 4019 4023
f 4019 4002 4026
f 4023 4026 4003
f 4019 4026 4023
f 3998 4024 4012
f 4024 4003 4025
f 4012 4025 3999
f 4024 4025 4012
f 3996 4008 4032
f 4008 3998 4033
f 4032 4033 4005
f 4008 4033 4032
f 4000 4013 4029
f 4013 3996 4028
f 4029 4028 4004
f 4013 4028 4029
f 4002 4020 4021
f 4020 4000 4017
f 4021 4017 4001
f 4020 4017 4021
f 4003 4026 4022
f 4026 4002 4018
f 4022 4018 3995
f 4026 4018 4022
f 4036 4073 4052
f 4073 4047 4076
f 4052 4076 4041
f 4073 4076 4052
f 4036 4052 4048
f 4052 4041 4053
f 4048 4053 4037
f 4052 4053 4048
f 4036 4048 4057
f 4048 4037 4058
f 4057 4058 4043
f 4048 4058 4057
f 4036 4057 4069
f 4057 4043 4072
f 4069 4072 4046
f 4057 4072 4069
f 4036 4069 4073
f 4069 4046 4077
f 4073 4077 4047
f 4069 4077 4073
f 4037 4053 4064
f 4053 4041 4067
f 4064 4067 4045
f 4053 4067 4064
f 4041 4076 4054
f 4076 4047 4075
f 4054 4075 4040
f 4076 4075 4054
f 4047 4077 4074
f 4077 4046 4070
f 4074 4070 4038
f 4077 4070 4074
f 4046 4072 4071
f 4072 4043 4059
f 4071 4059 4042
f 4072 4059 4071
f 4043 4058 4063
f 4058 4037 4060
f 4063 4060 4044
f 4058 4060 4063
f 4039 4065 4051
f 4065 4045 4066
f 4051 4066 4040
f 4065 4066 4051
f 4039 4051 4049
f 4051 4040 4050
f 4049 4050 4038
f 4051 4050 4049
f 4039 4049 4056
f 4049 4038 4055
f 4056 4055 4042
f 4049 4055 4056
f 4039 4056 4061
f 4056 4042 4062
f 4061 4062 4044
f 4056 4062 4061
f 4039 4061 4065
f 4061 4044 4068
f 4065 4068 4045
f 4061 4068 4065
f 4040 4066 4054
f 4066 4045 4067
f 4054 4067 4041
f 4066 4067 4054
f 4038 4050 4074
f 4050 4040 4075
f 4074 4075 4047
f 4050 4075 4074
f 4042 4055 4071
f 4055 4038 4070
f 4071 4070 4046
f 4055 4070 4071
f 4044 4062 4063
f 4062 4042 4059
f 4063 4059 4043
f 4062 4059 4063
f 4045 4068 4064
f 4068 4044 4060
f 4064 4060 4037
f 4068 4060 4064

